Year,cbsacode,v051_rawvalue,v052_rawvalue,v009_rawvalue,v011_rawvalue,v049_rawvalue,v060_rawvalue,v070_numerator,v069_numerator,v023_numerator,v082_numerator,v062_numerator,v063_rawvalue,v067_numerator,v045_rawvalue,Data_value,Sample_Size
2011,10100.0,35204.0,7885.696,5217.796064,8058.899679999999,5545.615712000001,2076.191104,0.0,6147.0,746.0,1940.0,8.0,43140.0,15273.0,224.7,17.77,85.0
2011,10420.0,542405.0,123668.34,93797.01183999999,117246.2648,74535.12548,44804.82262,0.0,94515.0,29077.0,41007.0,375.0,49528.0,223355.0,364.6,16.6,112.0
2012,10420.0,542405.0,123668.34,86259.75196000001,121433.6314,73697.65216,43967.3493,0.0,90784.0,28913.0,40388.0,375.0,45768.0,221759.0,368.3,20.18,118.0
2011,10740.0,841428.0,207848.321,119645.415194,132813.285121,83828.102769,37536.718343,0.0,142157.0,29683.0,72115.0,174.0,146437.0,298296.0,1024.6999999999998,21.295515759312323,698.0
2012,10740.0,768515.0,188890.941,104113.34927699997,119447.357021,73239.331013,35823.223199,0.0,131916.0,31877.0,68841.0,171.0,100183.0,285827.0,878.4,21.34,609.0
2011,10900.0,109638.0,25655.292,18056.28222,23095.244700000003,13353.250572,6802.599348000001,0.0,18230.0,5300.0,6087.0,20.0,74721.0,43437.0,90.1,11.85,75.0
2012,10900.0,109638.0,25655.292,17384.420556,23011.261992000003,13017.31974,6970.564764000001,0.0,17642.0,5406.0,6403.0,20.0,69658.0,42664.0,89.2,17.56,88.0
2011,11260.0,88379.0,24304.225,17684.6379,17876.862225,10251.964,3716.33695,0.0,12658.0,3927.9999999999995,5876.0,11.0,71575.0,23934.0,317.1,17.797966804979254,241.0
2012,11260.0,88379.0,24304.225,17812.78745,18966.1334,10764.5622,3331.8882999999996,0.0,13588.000000000002,3899.0,6127.0,11.0,68670.0,25383.0,317.1,17.938823529411764,289.0
2011,12060.0,1781030.0,428767.43799999997,207263.201696,335979.318518,213455.83899199998,125608.30008999999,0.0,401509.0,84144.0,177255.0,1322.0,117390.00000000001,602161.0,1175.6999999999998,12.066193548387096,155.0
2011,12100.0,367803.0,81662.277,64045.90244599999,74505.752072,53380.958076,28380.859442999998,0.0,49612.0,23119.999999999996,29946.000000000004,79.0,106832.0,127111.0,608.0,15.168547717842323,241.0
2012,12100.0,367803.0,81662.277,61809.70452800001,78515.030554,52261.20493699999,28896.904663,0.0,48980.00000000001,23869.000000000004,30362.0,79.0,103042.0,128195.0,668.4,17.364015748031495,254.0
2012,12260.0,156017.0,36351.961,25368.988268,39010.802714,16872.770499,13641.814446,0.0,21471.0,6580.0,14237.0,8.0,43196.00000000001,55723.0,408.3,20.88,117.0
2011,12260.0,156017.0,36351.961,27044.298814000005,37694.487285,17231.765615999997,13043.489251,0.0,21081.0,7454.000000000001,13446.0,8.0,43895.0,53916.0,432.3,18.28,118.0
2011,12300.0,121090.0,25065.63,19588.97148,27655.01856,15555.94794,8834.242040000001,0.0,17341.0,4822.0,8931.0,94.0,45511.0,47326.0,257.1,25.67,272.0
2012,12300.0,121090.0,25065.63,18916.80089,28807.311,15459.92357,9026.29078,0.0,17270.0,4678.0,9044.0,94.0,44725.0,47167.0,194.3,23.37,196.0
2012,12420.0,1026158.0,246277.92,133359.49368,193410.25984,171573.61760000003,52251.96536000001,0.0,235333.0,38797.0,76195.0,727.0,51905.0,373443.0,599.0,14.86,170.0
2011,12420.0,1026158.0,246277.92,144277.8148,177032.77816000002,167674.21719999998,53031.845440000005,0.0,253384.0,36879.0,72086.0,727.0,55650.0,373559.0,584.6,16.76,198.0
2012,12580.0,1948441.0,436671.386,310381.25632399996,434221.921756,245471.68406400003,151481.53762000002,0.0,346927.0,83171.0,180524.0,1321.0,181394.0,693156.0,1802.6,15.824763705103969,529.0
2011,12580.0,1948441.0,436671.386,321197.29402800003,429240.53022600006,252629.40414,150503.03121,0.0,352753.0,77999.0,178363.0,1321.0,185781.0,686966.0,1892.4,16.15182305630027,373.0
2012,12620.0,149419.0,29734.381,26210.931561,37580.970366,19149.53904,12686.569614,0.0,23154.0,6462.0,9162.0,111.0,42602.0,57847.0,209.2,23.09,217.0
2011,12620.0,149419.0,29734.381,28006.200846,34229.801034,19029.854421,11250.354186,0.0,23890.0,6470.0,8593.0,111.0,42704.0,55569.0,222.0,28.17,330.0
2012,12700.0,221151.0,38701.425,26637.63795,33205.822649999995,34482.96967499999,15325.7643,0.0,28534.0,11283.0,10609.0,138.0,54871.0,83170.0,159.2,18.07,107.0
2011,12700.0,221151.0,38701.425,28279.684124999996,35212.767975,35395.21755,14778.415575000003,0.0,28689.0,10660.0,10454.0,138.0,57379.00000000001,85139.0,127.6,20.03,88.0
2012,12740.0,58696.0,11621.808,8520.428752000002,10544.619008,9414.8384,3295.1934400000005,0.0,9389.0,2115.0,3965.0000000000005,76.0,51334.0,23284.0,168.3,25.18,126.0
2011,12740.0,58696.0,11621.808,8849.948096000002,10309.248048,9414.8384,3624.712784,0.0,9254.0,2296.0,3654.0,76.0,52832.0,23989.0,183.6,25.02,160.0
2012,12940.0,434633.0,104311.92,60779.07872,104711.78236,48887.51984,36665.63988,0.0,75354.0,15751.0,48393.0,162.0,44911.0,170168.0,657.6,18.61,101.0
2011,12940.0,434633.0,104311.92,65073.25276000001,97775.03968,52521.05172,35674.67664,0.0,65669.0,13450.0,46367.0,162.0,46563.0,165919.0,537.2,14.95,97.0
2012,13380.0,200434.0,41890.706,23464.407512,38526.020442,27427.989862,11098.030580000002,0.0,33054.0,9379.0,11152.0,84.0,49999.0,67972.0,274.8,23.060000000000002,205.0
2012,13740.0,144797.0,34461.686,20743.039032,30673.217292000005,17984.656182000002,8826.82512,0.0,24970.0,4469.0,9539.0,18.0,48058.99999999999,59402.0,302.8,22.62,158.0
2011,13740.0,144797.0,34461.686,20963.70966,28466.511012000003,18315.662124,8937.160434000001,0.0,24051.0,3643.0,9257.0,18.0,49337.0,57711.0,379.4,25.15,252.0
2012,13820.0,665027.0,158276.426,111991.876854,162160.18368,73478.83322999999,62837.071176000005,0.0,114730.0,28236.0,65586.0,339.0,41740.0,246281.99999999997,801.2,17.73,199.0
2011,13820.0,665027.0,158276.426,115032.38029800002,159119.680236,76519.336674,60810.06888,0.0,116449.0,29567.0,64650.0,339.0,46269.0,248859.0,881.5999999999999,19.17,141.0
2012,13900.0,79822.0,17560.84,9899.52444,15689.81232,11456.053440000002,4482.80352,0.0,16290.0,1711.0,4057.0,34.0,55565.0,35284.0,340.6,15.38,86.0
2011,13900.0,79822.0,17560.84,10522.13604,15565.29,11829.6204,4171.49772,0.0,16624.0,1777.0,4185.0,34.0,54040.00000000001,34975.0,287.2,18.7,111.0
2012,14260.0,571271.0,158409.629,67356.854292,103994.407218,64188.724236,30119.873628000005,0.0,106842.0,26978.0,37543.0,31.0,93328.0,205278.0,637.5,20.701512915129147,271.0
2011,14260.0,571271.0,158409.629,69607.72751400001,100416.84724500001,66253.03109100001,30847.132641,0.0,107285.0,24536.0,34085.0,31.0,101135.0,202107.0,700.6,19.964742268041235,291.0
2012,14460.0,4588680.0,994384.234,549833.3241390001,822432.6021970001,679006.1781809999,288315.214334,0.0,913414.0,190033.0,262916.0,5259.0,463935.0,1570359.0,1972.4,17.512328767123286,2847.0
2011,14460.0,4588680.0,994384.234,576806.944381,794086.1943900001,688042.55135,286353.608959,0.0,938168.0,190134.0,261322.0,5259.0,483898.0,1580615.0,1771.3,16.388713105076743,2541.0
2012,14500.0,303482.0,64338.184,29892.977000000003,34914.997136,41371.880168,10522.327904,0.0,64611.0,12269.0,14304.0,351.0,62215.0,99406.99999999999,240.8,18.28,101.0
2011,14500.0,303482.0,64338.184,29892.977000000003,31566.983712000005,43524.174512000005,8370.033560000002,0.0,62068.0,11150.0,14271.0,351.0,66760.0,102384.00000000001,228.9,17.25,115.0
2011,14580.0,90343.0,18339.629,9720.455085,12456.583182999995,16272.761845999998,2592.121356,0.0,19065.0,3045.0,3375.0000000000005,12.999999999999998,53042.00000000001,34102.0,318.4,18.89,110.0
2012,14740.0,240862.0,54434.812,33184.039464,54996.02046,32065.476336,15100.602228,0.0,42290.0,9847.0,15330.0,76.0,57107.0,77368.0,307.0,24.6,140.0
2011,15100.0,30056.0,5650.528,3734.037216,6809.126688000001,4856.6889280000005,1488.733792,0.0,4211.0,687.0,887.0,5.0,48270.0,12106.0,259.5,23.74,79.0
2012,15540.0,152313.0,30614.913,15577.355135999998,24704.711661,24217.919313000002,6206.602436999999,0.0,31558.0,4592.0,9073.0,285.0,56016.0,60464.0,291.9,20.38,196.0
2011,15540.0,152313.0,30614.913,16672.637919,23244.334617,24217.919313000002,6328.300523999999,0.0,30320.000000000004,5287.0,9050.0,285.0,61230.0,60046.0,312.9,23.84,348.0
2012,15940.0,379466.0,86518.248,67377.98296000001,94036.228392,47457.535824000006,33103.095976000004,0.0,52722.0,21310.0,29173.0,113.0,42805.0,145936.0,321.7,20.26,127.0
2011,15940.0,379466.0,86518.248,67963.87846400001,90227.907616,48922.274584000006,33688.991480000004,0.0,51669.0,21563.0,29477.0,113.0,44682.0,148826.0,322.8,15.9,113.0
2011,16220.0,74508.0,18179.952,15039.588816,14701.620528,9632.096208,4168.275552,0.0,12194.0,2684.0,5114.0,20.0,51486.0,29621.0,419.8,24.21,186.0
2012,16220.0,74508.0,18179.952,14870.604672,15377.557104,9575.76816,4168.275552,0.0,12413.0,2934.0,5267.000000000001,20.0,52101.0,30643.0,501.9,21.8,189.0
2011,16300.0,209226.0,50841.918,28033.982514,46248.151944,35002.882122,12670.72656,0.0,43934.0,6895.0,13723.0,13.0,55173.0,88788.0,329.4,18.64,105.0
2011,16620.0,191663.0,40632.556,35341.123896000005,46215.315864,17519.531504000002,19331.896832,0.0,27642.0,5829.0,13907.0,116.0,41488.0,68067.0,314.6,19.31,131.0
2012,16620.0,191663.0,40632.556,36096.276116,47725.620304,17217.470616000002,19482.927276,0.0,27497.0,6916.000000000001,13289.0,116.0,43110.0,69147.0,315.2,20.06,126.0
2011,16700.0,355276.0,75318.512,56831.37006400001,72508.989392,63550.349776,26036.046384,0.0,71366.0,16092.0,30028.0,166.0,50213.0,134152.0,785.5,13.25,137.0
2012,16700.0,355276.0,75318.512,54031.795184,76988.30920000002,61310.689872,27995.748800000005,0.0,66773.0,16027.0,28978.0,166.0,46187.0,132049.0,785.0,16.73,177.0
2011,16740.0,913639.0,237546.14,114935.7862,173079.77216,107498.76474,53411.33594,0.0,208562.0,49202.0,71881.0,297.0,57293.00000000001,338962.0,476.5,16.51,125.0
2012,16740.0,913639.0,237546.14,107498.76474,174431.95788,108174.8576,52735.24308,0.0,207720.0,50503.0,77249.0,297.0,52363.0,341922.0,653.8,11.76,87.0
2011,16940.0,88854.0,21591.522,15470.36994,16412.044632,11367.358782,5448.260718,0.0,14700.0,2805.9999999999995,7416.0,41.0,56193.0,36917.0,444.4,18.12,218.0
2012,16940.0,88854.0,21591.522,14730.482682000002,17017.406934,10560.209046,5582.785674,0.0,15028.0,3247.0,7870.999999999999,41.0,50278.0,38343.0,559.7,17.43,176.0
2012,16980.0,5781248.0,1415221.6949999998,889572.3745670001,1172998.0355900002,877937.336107,400215.998617,0.0,1071493.0,296762.0,513707.0,3270.9999999999995,96709.0,1678305.0,1121.3,13.65142857142857,343.0
2011,16980.0,5781248.0,1415221.6949999998,919043.340814,1128974.033244,866294.214376,389301.5102310001,0.0,1095545.0,292695.0,526458.0,3270.9999999999995,104601.00000000001,1687310.0,1141.9,17.341941031941033,407.0
2012,17140.0,855062.0,200084.508,134925.363352,177498.90033200002,132305.453384,64187.79421600001,0.0,137767.0,40531.0,77452.0,642.0,46359.0,300190.0,658.4,19.31,154.0
2011,17140.0,855062.0,200084.508,137545.27332,176188.945348,132960.43087600003,66807.70418399999,0.0,146933.0,38885.0,78967.0,642.0,50285.0,317385.0,825.6,16.98,139.0
2012,17410.0,1581416.0,366477.043,243427.10137100003,350703.567997,216440.053551,131859.612615,0.0,258520.0,75659.0,156268.0,1004.0,91499.0,574121.0,960.1,18.65764912280702,285.0
2011,17410.0,1275709.0,293413.07,198423.77786,277007.45226,177795.56333,109034.84823,0.0,212400.00000000003,58771.0,129636.0,937.0,44324.0,457147.0,573.2,16.66,124.0
2011,17820.0,604542.0,157180.92,88130.13276,87235.4106,73367.21712,24604.8594,0.0,114916.0,24832.0,41423.00000000001,254.0,59061.0,223251.0,455.3,20.97,255.0
2012,17820.0,604542.0,157180.92,87682.77168,94840.54896,70683.05064,26841.6648,0.0,118192.0,28745.000000000004,43440.0,254.0,51553.0,226775.0,510.2,17.98,187.0
2012,17900.0,372023.0,88541.474,51026.674680000004,87312.310008,53294.526888,30899.486334,0.0,73334.0,17438.0,35601.0,121.00000000000001,45944.0,141868.0,923.6,15.99,162.0
2011,17900.0,372023.0,88541.474,50459.711628000005,85327.93932599999,51877.11925799999,30616.004808,0.0,74075.0,17516.0,33880.0,121.00000000000001,49653.0,135195.0,1090.1,10.49,124.0
2011,18100.0,32515.0,8583.960000000001,4355.44928,6987.86368,5073.38048,1938.41424,0.0,4651.0,754.0,2021.0,1.0,48221.0,13688.0,212.0,12.830000000000002,80.0
2011,18140.0,1150122.0,276029.28,201915.41832000003,270094.65048,170448.0804,90031.55016,0.0,251029.0,52123.0,99145.0,641.0,51246.0,458754.0,660.7,19.31,142.0
2012,18140.0,1150122.0,276029.28,198419.04744,270094.65048,167825.80224,87409.27200000001,0.0,237763.0,53508.0,104640.0,641.0,47621.00000000001,459902.0,684.6,18.95,175.0
2011,18180.0,149071.0,32050.265,19776.504215,29255.18375,19308.421275,8893.575859999999,0.0,24831.0,4662.0,8790.0,99.0,64885.0,61745.0,145.1,24.63,161.0
2012,18180.0,149071.0,32050.265,18723.3176,29723.26669,18957.359069999995,9010.596595,0.0,24327.000000000004,4490.0,9147.0,99.0,60932.0,60958.0,134.3,21.67,146.0
2012,19100.0,4241630.0,1197929.56,542108.0689399999,897198.64438,454647.13064,271990.90006,0.0,685145.0,177905.0,388443.0,1270.0,99391.0,1539106.0,1041.6,13.604871794871793,156.0
2011,19100.0,1789900.0,506541.70000000007,246404.7936,343940.02440000005,200203.8948,107802.09720000002,0.0,309403.0,69492.0,144936.0,391.0,56265.0,668816.0,452.7,15.680000000000001,101.0
2011,19430.0,532562.0,121424.136,85927.813576,123752.497064,61259.54173599999,48925.405816,0.0,89082.0,30580.0,50141.0,249.0,45237.0,198613.0,636.9,20.42,121.0
2012,19430.0,532562.0,121424.136,87572.365032,127863.875704,59614.99028,49336.54368,0.0,88235.0,29016.0,51277.0,249.0,40885.0,196648.0,477.9,18.86,131.0
2012,19740.0,2441846.0,614508.934,327462.36763800005,357531.17366200004,347368.744894,102285.23057999999,0.0,491286.0,119015.0,166755.0,1585.0,318339.0,903613.0,2192.1,17.255013368983956,748.0
2011,19740.0,2441846.0,614508.934,338546.24168,341368.010674,354189.20905,100189.74757600001,0.0,490901.0,104912.0,163378.0,1585.0,329346.0,903802.0,2059.3,16.92702290076336,917.0
2012,19780.0,429439.0,109077.50600000001,65353.74477599999,88419.77234400001,63751.937306,24667.835038,0.0,88421.0,14848.0,31052.999999999996,31.000000000000004,54328.0,180449.0,384.2,19.89,151.0
2011,19780.0,429439.0,109077.50600000001,67275.91374,86817.96487400001,64072.2988,25949.281014,0.0,90193.0,13725.999999999998,29298.000000000004,31.000000000000004,56979.99999999999,180921.0,465.2,14.939999999999998,145.0
2012,19820.0,3962783.0,960556.6259999999,605187.598204,942559.1387960002,524565.359656,329973.933828,0.0,679155.0,251587.0,343352.0,1475.0,149161.0,1394867.0,1532.6,18.138188405797106,690.0
2011,19820.0,3131356.0,769328.416,501839.05139999994,728593.6994640001,410477.61028799997,256042.00651200002,0.0,549104.0,218480.0,307090.0,1371.0,110132.0,1109947.0,1280.5,18.745047801147226,523.0
2012,20100.0,157741.0,39750.732,26311.829764,38582.817636,18878.44288,13804.861356,0.0,22979.0,6107.0,14232.0,28.0,51490.0,57160.00000000001,665.2999999999998,14.18,228.0
2011,20100.0,157741.0,39750.732,27137.76164,38228.846832,19232.413684,13450.890552,0.0,22170.0,5800.0,13659.0,28.0,55179.0,56270.0,617.7,14.72,223.0
2011,20260.0,197767.0,38564.565,34865.333264999994,44099.074495,32158.89187,11621.777754999996,0.0,28135.000000000004,9945.0,11486.0,161.0,43954.0,71946.0,270.7,19.31,94.0
2011,20500.0,269706.0,63380.91,32805.68931,60246.92628,28679.187510000003,19188.23337,0.0,60712.0,11074.0,22982.0,399.0,51292.0,94670.0,551.2,18.08,99.0
2012,21340.0,751296.0,235906.944,84008.416128,122662.59532799998,85554.583296,43292.680704,0.0,113761.0,30262.0,84895.0,96.0,36064.0,245264.0,458.9,17.2,118.0
2012,21660.0,351109.0,69870.691,50904.13392899999,76215.581739,46685.559294,21655.349793,0.0,56052.0,20378.0,22359.0,208.0,40545.0,111589.0,365.9,24.18,137.0
2011,21660.0,351109.0,69870.691,52029.087165,72840.722031,48091.750839,19405.443321,0.0,51340.0,21761.0,22106.0,208.0,43614.0,110809.0,339.0,25.52,167.0
2011,21820.0,98660.0,25651.600000000002,15842.8228,18617.142,15258.755599999999,3796.4368,0.0,18992.0,3348.0,6825.999999999999,23.0,65472.99999999999,34915.0,613.5,13.209999999999999,93.0
2012,21820.0,98660.0,25651.600000000002,15404.7724,20077.31,15112.7388,4380.504,0.0,18434.0,3295.0,6831.0,23.0,60472.0,34755.0,700.2,17.8,112.0
2012,22020.0,143339.0,31104.563,19753.260912,31650.111234,25701.686073000004,7070.769531000001,0.0,33075.0,3360.0,7782.0,103.0,50932.0,69582.0,298.7,16.54,128.0
2011,22020.0,143339.0,31104.563,20426.667534,30976.704612000005,26487.327132,7183.003968000001,0.0,30461.0,3601.0,7384.0,103.0,46942.0,65831.0,330.9,20.79,186.0
2011,22140.0,124131.0,35377.335,22365.92358000001,24939.779865000004,11715.483780000002,7455.307860000001,0.0,15703.0,4337.0,12169.0,6.0,45971.0,42709.0,595.1,16.67,144.0
2012,22140.0,124131.0,35377.335,21389.633265000004,26448.59217,11449.222785000002,7632.81519,0.0,16277.0,5406.0,13986.0,6.0,44155.0,43863.0,596.7,19.06,127.0
2012,22660.0,298382.0,63256.984,39501.002688,43733.252976,40206.377736,11756.250800000002,0.0,59085.0,13058.0,14520.0,188.0,54739.0,112454.0,245.9,17.6,106.0
2011,22660.0,298382.0,63256.984,38560.502624,39971.25272,41617.127832,10815.750736,0.0,53153.0,11578.0,14561.0,188.0,56701.0,111359.0,263.3,14.29,108.0
2011,24260.0,57487.0,16268.820999999998,8161.199442000002,13148.599101000002,6800.999535000001,3668.4179309999995,0.0,7230.0,1361.0,4939.0,12.0,46353.0,22883.0,244.7,21.43,163.0
2012,24260.0,57487.0,16268.820999999998,7707.799473,13107.380922000002,7048.3086090000015,3627.199752,0.0,7677.000000000001,1416.0,5577.0,12.0,46807.0,24123.0,264.2,14.020000000000001,97.0
2012,24340.0,608315.0,156945.27000000002,85760.2487,136765.02819,78989.70275,40623.2757,0.0,110155.0,31413.0,49293.0,248.0,47897.00000000001,231229.0,488.3,17.96,100.0
2011,24340.0,608315.0,156945.27000000002,89371.20654000001,131348.59142999997,81697.92113,38817.79678,0.0,116015.0,34186.0,46350.0,248.0,50746.0,236478.0,559.0,21.58,182.0
2011,24500.0,82178.0,18818.762,11721.459030000002,15396.294833999998,10010.759604,5132.098278,0.0,13063.0,1975.0000000000002,5221.000000000001,8.0,42528.0,31786.0,415.7,23.07,162.0
2012,24500.0,82178.0,18818.762,11721.459030000002,16156.60569,10200.837318,5448.894468,0.0,13189.0,2476.0,5088.0,8.0,41827.00000000001,30592.999999999996,374.3,21.6,152.0
2012,24540.0,254759.0,70313.48400000001,33753.529428,46664.715548,29880.173592,10697.839928,0.0,41330.0,12188.0,15627.0,59.0,52334.0,91550.0,339.1,18.55,96.0
2011,24540.0,254759.0,70313.48400000001,33200.192879999995,44082.478324,30802.401172,10144.50338,0.0,44211.0,10400.0,15222.0,59.0,55845.0,93007.0,318.7,16.78,102.0
2011,24660.0,480362.0,114326.156,71376.98958,102124.000476,48682.767252000005,36603.5844,0.0,84949.0,26577.0,41057.0,143.0,47836.0,182257.0,432.4,14.82,97.0
2012,24660.0,480362.0,114326.156,67350.595296,103222.108008,49048.803096,37335.656088,0.0,85117.0,26866.0,43693.0,143.0,42415.0,186284.0,576.6,16.95,83.0
2011,24860.0,451428.0,111051.288,69096.472536,87817.19169600001,46631.609544000006,30293.527368,0.0,73444.0,22947.0,33798.0,50.0,48147.0,164517.0,375.5,16.75,143.0
2012,24860.0,451428.0,111051.288,67054.212264,95645.856072,45950.85612,33697.294488,0.0,75173.0,21088.0,34874.0,50.0,45666.0,167105.0,460.1,17.81,178.0
2012,25180.0,145910.0,33413.39,25761.723690000003,33636.48639,16537.001669999998,11924.64066,0.0,21443.0,6937.0,10624.0,23.0,51610.0,56130.0,269.6,21.25,118.0
2011,25580.0,33324.0,7897.788,4881.832704,7297.322843999999,4068.19392,2084.9493840000005,0.0,5121.0,894.0,1943.0,12.0,47106.0,13338.0,225.6,20.3,100.0
2012,25720.0,21600.0,7084.8,1320.8831999999998,3440.1024,1306.368,943.488,0.0,4108.0,924.0,913.0,7.0,61593.0,7975.999999999999,185.1,20.41,86.0
2011,25720.0,21600.0,7084.8,1277.3375999999996,3251.4048,1291.8528,812.8512,0.0,3694.0,757.0,700.0,7.0,64238.0,7569.0,137.7,17.1,87.0
2011,25740.0,61942.0,13936.95,8784.92415,10657.1211,8976.94435,3600.37875,0.0,10318.0,1541.0,3272.0,11.0,49959.0,22768.0,354.5,24.47,139.0
2012,25770.0,60529.0,13255.851,8272.801075,14796.495637,5152.773241,5058.226943000001,0.0,7360.0,2788.0,3870.0,17.0,54674.0,18796.0,80.5,13.31,273.0
2011,25900.0,177835.0,41079.885,26393.737195000005,30359.635530000003,27898.043460000004,9846.36828,0.0,24476.0,8159.000000000001,14425.0,25.0,51402.0,55001.0,339.1,16.06,243.0
2012,25900.0,177835.0,41079.885,26940.757655,32547.71737,28308.308804999997,10666.89897,0.0,24778.0,8125.0,14694.0,25.0,46444.0,56625.0,344.7,14.21,207.0
2011,25940.0,155215.0,33836.87,22819.08844,24397.00413,24639.760390000003,9953.006660000001,0.0,20527.0,5703.999999999999,10000.0,16.0,55896.99999999999,49397.0,406.8999999999999,12.62,102.0
2012,25940.0,155215.0,33836.87,22819.08844,25489.4073,24032.869740000002,10317.14105,0.0,22471.0,5635.0,10246.0,16.0,55266.0,52302.0,613.5999999999999,12.040000000000001,93.0
2012,26420.0,4070989.0,1176515.821,483377.02089300007,833608.275552,494954.9136090001,240241.27385700005,0.0,648004.0,170211.0,374466.0,1338.0,50437.0,1430396.0,420.4,17.17,138.0
2011,26420.0,4627859.0,1339121.861,541612.686348,872967.3846330001,559498.802424,287043.28447199997,0.0,733075.0,170053.00000000003,403808.0,1470.0,136359.0,1590975.9999999998,659.0,12.224655172413794,348.0
2012,26620.0,327744.0,78330.81599999999,50381.46316800001,78315.739776,28682.516160000003,29430.755711999995,0.0,60101.0,12405.0,24904.0,84.0,54633.0,131646.0,491.4,21.41,116.0
2011,26900.0,890879.0,228065.024,172994.447736,200169.820752,109364.30604,66281.39760000001,0.0,159448.0,41351.0,96915.0,350.0,43823.0,339670.0,860.1,20.22,260.0
2012,26900.0,890879.0,228065.024,171006.00580800002,200832.634728,106713.050136,68932.653504,0.0,154033.0,45298.0,99764.0,350.0,39393.0,344710.0,753.1,17.61,248.0
2012,27980.0,145157.0,33240.953,19137.644037,26188.354998000003,22718.957541000003,8617.535619,0.0,24244.000000000004,6239.0,11227.0,10.0,56206.0,53009.0,367.1,13.13,175.0
2011,27980.0,145157.0,33240.953,19697.224271999996,25628.774763000005,21823.629165,8505.619572,0.0,24064.999999999996,6614.0,10334.0,10.0,64150.00000000001,51272.0,347.6,9.94,193.0
2012,28060.0,89624.0,21151.264,12667.45616,14927.056448000001,12256.619744,4382.255104,0.0,12961.999999999998,5180.0,5687.0,10.0,42278.0,31517.0,201.2,19.53,105.0
2011,28060.0,89624.0,21151.264,12530.510687999998,14995.529184000003,12256.619744,4313.782368,0.0,12850.000000000002,4743.0,5004.0,10.0,44013.0,31175.999999999996,223.79999999999998,18.99,133.0
2012,28140.0,1403530.0,354883.166,206102.971834,313014.40034,173401.367368,88978.995106,0.0,263167.0,63795.99999999999,116216.0,227.99999999999997,153814.0,553335.0,1829.8,15.611397670549087,601.0
2011,28140.0,1403530.0,354883.16599999997,216046.69500399998,300733.446852,177242.67488399998,87441.940474,0.0,268645.0,60877.0,113545.0,227.99999999999997,162742.0,559099.0,1784.6999999999998,14.417739463601533,783.0
2011,28180.0,64529.0,14648.083,8330.113139000001,10225.587985,9976.183400000002,4140.116111,0.0,9091.0,2982.0,4581.0,6.0,62501.0,24560.0,180.6,12.54,82.0
2012,28180.0,64529.0,14648.083,8280.232222,10824.158989,10824.158989,4289.758862,0.0,9557.0,2781.0,4337.0,6.0,52714.0,25128.0,233.9,11.300000000000002,101.0
2011,28260.0,45814.0,10903.732,5969.655828,10298.52906,6458.39958,2373.8982240000005,0.0,6933.0,998.9999999999999,2354.0,13.000000000000002,46316.0,19938.0,374.79999999999995,16.1,74.0
2012,28300.0,77045.0,15100.82,11397.729120000002,17406.314580000002,10034.95716,5451.087839999999,0.0,10397.0,2425.0,4166.0,52.0,49126.0,30548.0,173.6,15.09,100.0
2011,28300.0,77045.0,15100.82,12264.947640000002,17344.370400000003,10096.90134,5017.47858,0.0,11094.0,2451.0,3858.0,52.0,53210.0,30846.0,190.5,20.72,103.0
2012,29060.0,61358.0,12455.674,9976.074503999998,12812.409412,8019.9814639999995,4596.818644,0.0,8721.0,2134.0,3907.0000000000005,21.0,53851.0,25323.0,127.29999999999998,20.66,107.0
2011,29180.0,56141.0,14821.224,10329.944,13098.368992,7644.15856,4834.413792,0.0,5029.0,1650.0,4734.0,1.9999999999999998,41414.0,19312.0,322.7,14.580000000000002,74.0
2011,29340.0,187554.0,48388.932,33399.61632,46898.627916,23658.061560000002,16699.80816,0.0,25165.0,5848.0,16377.0,20.0,44826.0,66329.0,418.6,18.18,102.0
2011,29820.0,1902834.0,500445.342,323951.779998,364621.05108,262246.679046,120605.424588,0.0,296017.0,117413.0,158843.0,276.0,56691.0,679243.0,415.5,14.45,380.0
2012,29820.0,1902834.0,500445.342,315537.44805,367425.828396,262246.679046,122007.81324600002,0.0,308328.0,147501.0,164312.0,276.0,51427.0,699568.0,438.3,15.44,341.0
2011,29940.0,116383.0,20832.557,16434.676195999997,25416.417838,20352.244359,5924.127466,0.0,22220.0,3483.0,5656.0,13.0,47614.0,46787.0,386.1,16.53,138.0
2011,30150.0,142843.0,26934.923,21140.850926,26932.343182,20988.461814000002,8717.852028,0.0,20934.0,4551.0,7781.0,161.0,105483.0,53844.0,271.9,22.889254901960786,255.0
2012,30150.0,142843.0,26934.923,21036.677631,27768.445974,21108.281485,9297.392413000001,0.0,21275.0,4364.0,7503.0,161.0,99638.0,55117.0,317.5,21.901500000000002,240.0
2012,30340.0,106539.0,23438.58,16370.782740000002,26758.33524,13960.87056,7977.64032,0.0,15440.0,4703.0,8470.0,38.0,41831.0,41003.0,321.9,28.35,191.0
2011,30340.0,106539.0,23438.58,17866.590300000003,25345.6281,15373.577700000002,7562.13822,0.0,15118.0,4903.0,8217.0,38.0,44484.0,39844.0,306.9,25.660000000000004,203.0
2012,30700.0,281531.0,64470.599,40807.355388,59691.61027500001,43846.20100200001,15411.288471,0.0,57488.0,6685.0,16036.0,155.0,50197.0,121602.0,406.5,18.74,285.0
2011,30700.0,281531.0,64470.599,41892.65739300001,56869.825062,41892.65739300001,15628.348872,0.0,53738.0,6859.0,14898.0,155.0,52228.0,120995.0,357.0,17.97,502.0
2011,30780.0,381904.0,95094.096,55641.12137600001,81167.202832,44742.345024,28680.9904,0.0,69133.0,11834.0,37766.0,123.00000000000001,45215.0,148116.0,786.1,25.14,152.0
2012,30780.0,381904.0,95094.096,55927.93128,92065.979184,44168.725216,30115.03992,0.0,69240.0,13262.0,39097.0,123.00000000000001,44733.0,149539.0,796.2000000000002,22.67,172.0
2012,31080.0,12874797.0,3258091.294,1298666.91934,2047160.92129,1529056.207254,714442.65945,0.0,2215486.0,768384.0,1012433.0,7125.000000000001,123322.0,4270982.0,739.2,10.30126838235294,544.0
2011,31080.0,12874797.0,3258091.294,1376797.959076,1962219.613054,1539870.3070480002,731942.329068,0.0,2239966.0,710678.0,1025570.0,7125.000000000001,130314.00000000001,4273588.0,758.2,10.844676409185803,479.0
2012,31140.0,721594.0,169574.59,131932.63899,186030.54117,76178.67858,61826.17392,0.0,132333.0,38833.0,69311.0,426.0,42535.0,276718.0,567.7,23.76,316.0
2011,31140.0,721594.0,169574.59,136348.79427,175542.17238,73970.60094,65690.30979,0.0,132572.0,37330.0,65634.0,426.0,46745.0,271460.0,540.4,18.38,383.0
2011,31180.0,270550.0,67096.4,46794.328,55746.286400000005,36214.7408,15665.9272,0.0,36355.0,7542.0,21774.0,115.0,44389.0,100866.0,544.6,16.39,147.0
2012,31300.0,129559.0,36017.402,25069.148264,38445.59677799999,8605.827016,12815.198926,0.0,13355.0,6957.0,19962.0,5.0,30627.0,37979.0,783.7,19.14,104.0
2011,31700.0,405906.0,95793.816,57680.866224000005,81869.616576,56130.305303999994,23878.638168,0.0,77792.0,15034.0,24905.0,141.0,68613.0,175937.0,191.5,19.85,302.0
2012,31700.0,405906.0,95793.816,55820.19312,83420.177496,54269.63219999999,25739.311272000003,0.0,74289.0,14441.999999999998,25558.000000000004,141.0,67650.0,172836.0,191.3,18.97,362.0
2012,32580.0,741152.0,270520.48,62123.360640000006,141189.456,71065.35952,46121.88896,0.0,82735.0,36133.0,82515.0,67.0,33070.0,199994.0,431.19999999999993,14.36,102.0
2012,32820.0,920232.0,250303.10399999996,126616.56134399999,228445.75353600003,83071.183104,79051.609728,0.0,154934.0,43294.0,124924.0,117.99999999999999,43859.0,333666.0,1193.9,18.23,90.0
2012,33100.0,4267101.0,983199.706,465628.45660000003,805228.709926,445015.224056,299402.07896,0.0,710348.0,257216.0,350399.0,1876.0,88062.0,1514086.0,743.6,13.187971014492753,207.0
2011,33100.0,2500625.0,575143.75,286896.70625,431307.8,258014.4875,175218.79374999998,0.0,399443.0,133020.0,218430.0,1141.0,43921.0,840895.9999999999,315.4,16.67,105.0
2011,33260.0,132316.0,37180.796,19883.257636,25781.640284,12938.387744,7896.221932,0.0,17669.0,4210.0,10272.0,23.0,56320.0,50041.0,549.8,16.53,100.0
2011,33340.0,959521.0,240839.771,168171.40758600002,217041.731158,170327.451273,68274.716755,0.0,171449.0,43364.0,112834.0,162.0,45902.0,335924.0,97.4,16.77,223.0
2012,33340.0,959521.0,240839.771,160265.914067,232134.036967,163859.32021200002,71868.1229,0.0,160102.0,44618.0,113940.0,162.0,40582.0,330907.0,1040.3,18.83,188.0
2011,33460.0,2622530.0,626737.952,355123.95335200004,494752.397936,379271.502014,132282.84960800002,0.0,578674.0,113491.0,169526.00000000003,2708.0,336676.0,1053160.0,1483.7,15.819235010337694,1451.0
2012,33460.0,2390572.0,565501.04,307038.10607,436599.44526,339471.90075800003,119201.110488,0.0,514312.0,96251.0,166955.0,2579.9999999999995,244896.00000000003,944767.0,1340.4,17.82733959311424,1278.0
2011,33540.0,108623.0,21181.485,15302.265124999996,17138.53694,19237.1333,4372.07575,0.0,19813.0,3324.0,6242.0,13.0,43260.0,38963.0,261.8,18.89,162.0
2012,33540.0,108623.0,21181.485,15477.148154999993,17925.510574999997,18974.808755,4459.517265,0.0,21284.0,4246.0,5908.0,13.0,44084.0,39507.0,398.8,23.87,183.0
2011,33660.0,411721.0,106635.739,75966.229989,92440.834083,43322.107062,37220.401842,0.0,58276.0,18774.0,44248.0,92.0,40951.0,143182.0,682.7,20.1,117.0
2012,33660.0,411721.0,106635.739,73525.547901,96712.027737,43322.107062,37525.487103,0.0,57274.0,19066.0,42762.0,92.0,39753.0,141831.0,858.0,21.26,175.0
2011,34820.0,263868.0,54356.808,57196.55541600001,58034.600184,35197.880256000004,22208.186352,0.0,35508.0,15954.0,20707.0,14.0,42515.0,94025.00000000001,484.5,20.17,147.0
2012,34820.0,263868.0,54356.808,54472.909920000006,60129.712104,35197.880256000004,24512.809464,0.0,36171.0,15764.0,20653.0,14.0,40697.0,97833.0,488.4,15.929999999999998,140.0
2012,34980.0,635710.0,141127.62,96443.5641,148374.714,57866.13846000001,45501.57896,0.0,126294.99999999999,28805.0,56491.00000000001,163.0,43825.00000000001,245237.0,579.3,15.430000000000001,101.0
2011,35620.0,12888946.0,2889274.7780000004,1618162.520544,2253975.990456,1574644.392082,851999.2462979999,0.0,2546171.0,590191.0,929800.0,6131.0,1081926.0,2719193.0,4270.400000000001,12.103774540848637,1579.0
2012,35620.0,8953180.0,2136618.824,1065031.0637049999,1622942.3214629998,986840.4306180001,593947.515055,0.0,1615362.0,417201.0,643274.0,3632.0,921558.9999999999,2320680.0,3410.5,12.382395909422936,1369.0
2011,35740.0,34505.0,8626.25,4865.205000000001,7090.7775,5253.38625,2096.17875,0.0,5249.0,830.0,1635.0,19.0,43256.0,14199.0,270.4,17.53,95.0
2011,35820.0,35670.0,8953.17,5183.06502,8282.2173,4728.878909999999,2324.3642099999997,0.0,6176.0,881.0,2347.0,7.0,48080.0,14279.0,267.0,21.93,123.0
2012,35820.0,35670.0,8953.17,5156.34819,8495.95194,4675.44525,2457.94836,0.0,6223.0,851.0,2366.0,7.0,46616.0,14586.0,123.7,19.759999999999998,106.0
2012,36260.0,532661.0,169537.895,34875.982485,93783.277035,32906.496702000004,25132.429374,0.0,96682.0,20192.0,29995.0,119.0,118452.0,187998.0,544.4,21.75693548387097,496.0
2011,36260.0,532661.0,169537.895,36001.125297000006,90315.72078900001,32379.698792999996,23679.936953999997,0.0,96527.0,17261.0,28243.0,119.0,118417.0,186841.0,476.9,23.276782077393076,491.0
2012,36420.0,716704.0,184192.928,129932.701568,158155.78838399998,84136.74937599999,54316.12934399999,0.0,116006.0,22498.0,64936.0,108.00000000000001,42758.0,272455.0,598.8,20.53,257.0
2011,36420.0,961293.0,238247.097,171811.270967,208466.848316,115267.18139700001,71845.33379599999,0.0,163942.0,26494.0,78635.0,171.0,98094.0,365998.0,882.7,20.015506329113922,474.0
2012,36500.0,250979.0,56972.233,36861.28573,55485.935362,31623.103021,16878.588729,0.0,45046.0,10793.0,17910.0,118.0,60672.0,88593.0,293.7,23.92,130.0
2011,36500.0,250979.0,56972.233,37831.319565000005,53545.867692,32981.15039000001,15714.548127,0.0,44969.0,9885.0,16855.0,118.0,62146.0,88307.0,305.1,22.0,100.0
2012,36540.0,663703.0,177163.45699999997,97353.55097799998,134814.707079,97639.47724000001,37928.457519999996,0.0,139683.0,17997.0,50278.0,296.0,119771.0,280999.0,809.4000000000001,17.72745882352941,850.0
2011,36540.0,663703.0,177163.45699999997,101466.913082,135545.113571,97528.95436,37220.872217,0.0,138161.0,17418.0,50576.00000000001,296.0,117062.0,273332.0,796.2,16.632152023692004,1013.0
2011,36700.0,90112.0,21536.768,14332.223488,26401.46432,7474.700288,9806.258176,0.0,9911.0,6741.000000000001,11126.0,7.0,32694.0,28855.0,1177.8,12.24,78.0
2011,37980.0,3335838.0,787572.056,580191.3824150001,720091.8292660001,455755.69001699996,251431.668244,0.0,553126.0,148074.0,339616.0,1632.0,308279.0,988448.9999999999,2488.3,16.841037296037296,858.0
2012,37980.0,4184519.0,980753.379,668445.1376090001,917655.213799,556835.458641,309956.640624,0.0,698547.0,193168.0,376934.0,2966.0,425926.0,1330497.0,3221.2,16.892904903417534,1346.0
2011,38060.0,4023132.0,1098315.036,526467.0535200001,675632.718684,511842.9686999999,216436.455336,0.0,690163.0,163898.0,332201.0,1159.0,56511.0,1332520.0,339.0,16.81,295.0
2012,38060.0,4023132.0,1098315.036,497218.88388,693181.620468,505993.334772,219361.2723,0.0,664959.0,180862.0,318559.0,1159.0,50424.0,1292907.0,370.8,18.03,383.0
2011,38180.0,16969.0,4174.374,1893.604648,3774.41467,2098.318664,1138.721714,0.0,2779.0,324.0,1287.0,3.0,53742.0,7435.0,459.8,17.8,69.0
2011,38300.0,1218494.0,242480.306,206914.90312799998,264499.711074,199106.793576,92721.30093,0.0,230314.0,44113.0,80715.0,971.0,48778.0,410840.0,428.2,20.02,269.0
2012,38300.0,1218494.0,242480.306,198130.779882,279139.9164839999,190322.67033,93697.314624,0.0,224492.0,49013.0,79858.0,971.0,47490.0,413316.0,404.6,18.04,335.0
2011,38860.0,480435.0,100334.23199999999,66092.31084,84225.521712,72035.73585600001,29084.349072,0.0,83864.0,18725.0,28639.0,404.0,108679.0,193347.0,372.9,22.78989619377162,867.0
2012,38860.0,480435.0,100334.23199999999,64130.670311999995,89499.076416,70834.296864,29783.41392,0.0,82852.0,18422.0,28584.0,404.0,111500.0,193421.0,355.9,22.472162162162164,629.0
2011,38900.0,2082318.0,494802.51100000006,263511.474538,392076.71466199995,266300.776128,116982.42832899999,0.0,428175.0,115799.0,130129.0,1150.0,242004.0,698268.0,1126.0,22.813117816091957,696.0
2012,38900.0,2082318.0,494802.511,249966.390053,406489.57879199996,266720.56230499997,117037.669059,0.0,424923.0,117256.0,130462.0,1150.0,221677.0,693148.0,1239.0,22.491498516320476,674.0
2011,39300.0,1470800.0,323502.38899999997,233548.953172,293570.928165,221789.47345400002,102706.918681,0.0,235624.0,89008.0,112822.0,824.0,237388.00000000003,570047.0,951.3000000000001,21.48461035422343,1835.0
2012,39300.0,1470800.0,323502.38899999997,224619.08970699998,313005.63330800005,220540.45772300003,107400.38500899999,0.0,232636.0,92305.00000000001,114905.99999999999,824.0,218793.0,564472.0,1015.8,20.814602307225258,1647.0
2012,39340.0,545307.0,189221.529,21009.042789,87597.025866,14243.41884,20652.957318000004,0.0,101446.0,17231.0,17587.0,264.0,54385.0,150156.0,116.8,19.1,329.0
2011,39340.0,545307.0,189221.529,21365.12826,86172.683982,14599.504311,19940.786376,0.0,90084.99999999999,13815.0,18154.0,264.0,59701.0,157906.0,97.6,22.02,353.0
2012,39580.0,897214.0,236864.496,101033.474112,171690.87104,95750.67808,47545.164288,0.0,211103.0,38303.0,57859.0,443.0,61594.0,344958.0,394.4,14.099999999999998,99.0
2011,39580.0,897214.0,236864.496,100373.124608,176313.31756800003,92448.93056,51507.261312,0.0,211059.0,37751.0,56476.0,443.0,65487.0,337086.0,364.8,16.44,90.0
2011,39660.0,100850.0,25010.8,16987.9808,19642.3528,13499.3776,5687.94,0.0,17317.0,2594.0,8458.0,37.0,46887.0,39192.0,431.3,19.52,124.0
2012,39660.0,100850.0,25010.8,16457.1064,20021.5488,13271.859999999999,6067.136,0.0,17213.0,2691.0,8897.0,37.0,45999.0,39895.0,452.6,17.46,113.0
2012,39900.0,414820.0,101216.08,62093.57616,71188.08984,66797.63496,21011.46264,0.0,66986.0,31188.999999999996,31419.000000000004,189.0,50839.0,156742.0,304.1,18.73,273.0
2011,39900.0,414820.0,101216.08,63661.59576000001,67738.44671999999,66797.63496,21011.46264,0.0,66423.0,25979.0,31071.0,189.0,57354.99999999999,154435.0,328.4,18.28,299.0
2012,40140.0,4143113.0,1217644.154,456955.642836,814511.4337260001,485813.14034399996,249313.44358799997,0.0,565078.0,256206.0,360497.0,869.0,106251.0,1250560.0,823.5999999999999,11.518867924528301,212.0
2011,40140.0,4143113.0,1217644.154,474601.111866,800466.592356,487414.85869799997,231297.35074199998,0.0,559512.0,236545.0,352744.0,869.0,112358.0,1239334.0,662.6,11.849144981412639,269.0
2011,40180.0,38719.0,10028.221,6426.734496,7201.385528999999,4705.287756000001,2352.6438780000003,0.0,5008.0,1475.0,3388.0,12.0,45707.99999999999,12649.0,354.2,20.07,90.0
2012,40860.0,63014.0,11972.66,10208.268000000002,14189.492520000003,9136.39986,4236.43122,0.0,7455.0,2587.0,3997.9999999999995,28.0,43600.0,24008.0,232.1,25.11,131.0
2011,40860.0,63014.0,11972.66,10412.43336,12811.37634,9136.39986,4134.34854,0.0,7866.0,2970.0,3965.9999999999995,28.0,47147.0,24588.0,217.9,21.72,153.0
2012,40900.0,1400949.0,361444.842,154886.11954199997,294179.67671399994,174636.698544,87318.349272,0.0,254608.0,86257.0,122366.99999999999,604.0,52655.0,456474.0,353.20000000000005,10.29,74.0
2011,40900.0,1400949.0,361444.842,165281.161122,277547.610186,175676.202702,87318.349272,0.0,256873.0,77964.0,119138.0,604.0,56882.0,456259.0,499.1,15.409999999999998,110.0
2011,41180.0,1348995.0,312734.781,214632.780555,308910.499266,206564.86385700002,99358.917888,0.0,251770.00000000003,65031.0,127881.0,331.0,91775.0,509618.0,1731.0000000000002,20.77,252.0
2012,41180.0,992408.0,233215.88,133617.81311999998,220165.7148,147283.27128000002,68327.29079999999,0.0,184751.0,48145.0,79098.0,236.0,55290.0,398748.0,530.7,14.75,155.0
2011,41620.0,1093324.0,321657.384,96050.776218,184725.62101100004,97495.00952100001,53547.87182400001,0.0,214838.0,37142.0,64846.0,724.0,121035.0,394651.0,479.90000000000003,23.081666666666663,1122.0
2012,41620.0,1093324.0,321657.384,93039.828584,190951.29167000004,95724.519799,52420.99215700001,0.0,207150.0,43620.0,64819.0,724.0,117205.0,391687.0,510.79999999999995,22.436753371868978,1038.0
2011,41700.0,1651448.0,462405.44000000006,209271.49056,304394.89536,236619.46944,96312.44736,0.0,262032.00000000003,52047.0,159725.0,684.0,45794.0,551957.0,552.3,17.21,195.0
2012,41700.0,1651448.0,462405.44000000006,203326.27776000003,336499.0444799999,234241.38431999998,101068.6176,0.0,278930.0,58145.0,161148.0,684.0,47724.0,587734.0,655.6,16.4,103.0
2012,41740.0,3053793.0,739017.906,310179.862596,532398.27162,402770.866356,168978.581862,0.0,587232.0,164320.0,205901.00000000003,2042.0,59759.0,1069849.0,472.1,11.49,148.0
2011,41740.0,3053793.0,739017.906,321753.73806600005,502306.19539799995,400456.091262,164349.031674,0.0,579978.0,151299.0,205676.99999999997,2042.0,62820.0,1059494.0,478.9,13.79,210.0
2012,41860.0,1491482.0,344532.342,136487.009302,232830.78057400003,215626.535704,82580.375376,0.0,312194.0,85521.0,99800.00000000001,1372.0,66937.0,461339.0,459.7,12.66,98.0
2011,41860.0,2532756.0,603809.568,246905.14329599997,416026.389714,349608.439088,141907.948188,0.0,498207.00000000006,135559.0,163267.0,1979.0,148686.0,788043.0,848.9,12.772147239263802,163.0
2011,41940.0,1784642.0,435452.648,136268.12455200002,272536.24910400005,184838.941224,99840.012048,0.0,398084.0,96379.0,95287.0,1067.0,88525.0,628098.0,320.2,11.23,101.0
2012,41940.0,1784642.0,435452.648,130871.36714400002,287377.331976,179442.18381600003,98490.822696,0.0,397676.0,97428.0,93836.0,1067.0,84627.0,630618.0,305.6,11.57,83.0
2012,41980.0,0.0,0.0,0.0,0.0,0.0,0.0,0.0,0.0,0.0,0.0,0.0,0.0,0.0,0.0,10.75,75.0
2011,42140.0,147532.0,30539.124,20707.739052,15092.081004,16262.009764000002,4679.715040000001,0.0,20509.0,4823.0,10138.0,42.0,55000.0,52244.00000000001,293.9,16.1,145.0
2012,42140.0,147532.0,30539.124,20122.774672,16379.002640000002,15443.059632,5030.693668,0.0,19844.0,5452.0,10546.0,42.0,48507.0,50207.0,223.7,19.42,142.0
2012,42380.0,61131.0,13998.999,10793.228229000002,16072.012341,7446.856158,4571.804097,0.0,6419.0,2265.0,4404.0,9.0,43060.0,21088.0,122.50000000000001,15.639999999999999,266.0
2011,42420.0,36865.0,9253.115,5549.988885000001,8587.296235,3037.30735,2788.8003850000005,0.0,4737.0,1017.0,3321.0,18.0,41774.0,13884.0,213.4,20.75,162.0
2012,42420.0,36865.0,9253.115,5549.988885000001,8946.25074,3147.75489,2816.41227,0.0,4854.0,1028.0,3948.0,18.0,40088.0,14432.0,213.4,17.23,96.0
2012,42580.0,192747.0,40091.376,33126.270408000004,44880.753456,26409.422952,18013.363632,0.0,20424.0,7583.999999999999,15033.0,34.0,48582.00000000001,67881.0,521.7,14.86,204.0
2011,42580.0,192747.0,40091.376,33736.89290400001,44117.475336,26409.422952,17097.429888000002,0.0,20222.0,7322.999999999999,13827.0,34.0,47727.0,65543.0,348.9,14.910000000000002,189.0
2012,42660.0,3407848.0,776579.462,391968.255568,672386.37598,459414.163313,192523.844138,0.0,731167.0,175897.0,205945.0,1786.0000000000002,185984.0,1179379.0,1062.8,22.023997093023254,1376.0
2011,42660.0,3407848.0,776579.462,408570.69221600005,654705.49796,454366.4341490001,194340.28725599998,0.0,734710.0,163563.0,203069.0,1786.0000000000002,194930.0,1170315.0,1051.7,19.343059051306874,1033.0
2012,43580.0,20651.0,6525.716,3036.93606,4943.849399999999,2655.553392,1299.526128,0.0,2058.0,881.9999999999999,1845.0,1.0,43351.0,7915.0,252.8,23.23,121.0
2011,43580.0,20651.0,6525.716,3234.690036,4760.220708,2584.926972,1214.7744239999995,0.0,2444.0,562.0,1681.0000000000002,1.0,43813.0,7727.0,173.49999999999997,17.92,136.0
2012,43620.0,224266.0,56191.441999999995,28738.081887999997,48459.035092000006,32142.873766000004,11182.39654,0.0,41918.0,6052.0,14043.0,100.0,124053.99999999999,96604.0,543.3000000000001,15.359674418604651,215.0
2011,43620.0,183048.0,44114.568,27369.886104000005,39179.227824,25980.551784,9725.34024,0.0,33650.0,4839.0,12716.0,69.0,55138.00000000001,81766.0,433.1,19.27,149.0
2012,43900.0,286822.0,69984.568,46186.373016,64834.392168,26020.49184,22984.767792,0.0,39255.0,15488.0,22393.0,13.0,41888.0,101294.0,514.0,24.79,154.0
2011,43900.0,286822.0,69984.568,48137.909904,65051.2296,25803.654407999995,22984.767792,0.0,40069.0,16973.0,22771.0,13.0,45000.0,100802.0,568.1,14.11,103.0
2011,43940.0,23498.0,4629.106,3773.7788,4453.058983999999,3698.3032240000002,1283.084792,0.0,3042.0,575.0,1388.0,7.0,42757.0,8952.0,361.3,19.05,105.0
2012,44060.0,468684.0,108734.688,70910.014464,100785.80736000002,61551.332352,29875.792896000003,0.0,82682.0,22807.0,31882.999999999996,183.0,46881.0,162018.0,358.1,22.01,211.0
2011,44060.0,468684.0,108734.688,74509.507584,97546.263552,61551.332352,28435.995648,0.0,85347.0,21093.0,30999.0,183.0,48269.0,160820.0,373.0,19.68,259.0
2011,44140.0,471081.0,111175.116,73060.89445200001,98614.212216,67302.400308,35270.776632,0.0,64621.0,21947.0,46495.0,164.0,48482.0,170534.0,523.4,19.13,411.0
2012,44140.0,471081.0,111175.116,69461.835612,102573.17694,67302.400308,37070.306052,0.0,62808.0,23264.0,47582.0,164.0,46356.0,166853.0,517.5,25.58,494.0
2012,45780.0,463493.0,109847.841,80277.45109300001,111751.870244,68253.515687,38547.322331,0.0,69419.0,24867.0,45795.0,217.0,39200.0,165430.0,609.1,18.73,125.0
2011,45780.0,463493.0,109847.841,86289.418796,109629.99929,67546.225369,37840.032013,0.0,74542.0,26859.0,46488.0,217.0,41291.0,173392.0,534.9,18.09,120.0
2011,45820.0,176255.0,43182.475,25682.997325,40720.19265,17698.645825,12641.889875000003,0.0,28177.0,6042.000000000001,16236.0,33.0,48332.0,70265.0,421.3,19.94,283.0
2012,45820.0,176255.0,43182.475,25682.997325,43647.7882,19295.516125,13174.179975,0.0,27912.000000000004,6559.999999999999,16778.0,33.0,45359.0,70686.0,491.1,21.6,162.0
2012,45940.0,366222.0,83864.838,40377.074166,70589.2905,44612.431596,25694.501742,0.0,63593.0,15934.0,26719.999999999996,306.0,70228.0,121204.99999999999,376.6,16.23,97.0
2011,45940.0,366222.0,83864.838,41788.859976,67765.71888,44894.788758,24565.073094,0.0,65956.0,15841.0,26126.999999999996,306.0,72883.0,123848.0,334.9,11.21,84.0
2012,46060.0,1020200.0,238726.8,130506.02440000001,200057.13920000003,125035.712,60954.9096,0.0,153469.0,44400.0,79661.0,469.0,44293.0,317862.0,378.6,20.89,211.0
2011,46060.0,1020200.0,238726.8,135194.86359999998,183646.202,126598.6584,60954.9096,0.0,163220.0,40536.0,82043.0,469.0,46653.0,325832.0,367.8,17.68,167.0
2012,46140.0,601961.0,156509.86000000002,105571.92018,129180.8306,68154.02442,42763.309440000005,0.0,101357.0,22317.0,51736.99999999999,80.0,44231.0,230476.0,561.3,20.56,268.0
2011,46140.0,601961.0,156509.86000000002,104681.0179,121608.16121999998,68154.02442,42763.309440000005,0.0,102830.0,19329.0,49340.0,80.0,46857.0,229181.0,541.9,21.61,435.0
2011,46340.0,204665.0,52803.57,32802.06888,41913.75468,18527.09446,13819.39013,0.0,27815.0,7673.999999999999,16398.0,73.0,47027.0,68636.0,512.7,16.3,112.0
2012,46520.0,907574.0,201481.428,108032.163516,153222.088124,129921.033248,60723.96119200001,0.0,176878.0,24478.0,56080.0,227.00000000000003,67519.0,301808.0,523.7,10.71,503.0
2011,46520.0,907574.0,201481.428,112268.718948,146867.254976,125684.477816,59311.77604800001,0.0,177921.0,25498.0,53247.0,227.00000000000003,70010.0,290622.0,526.9,9.53,389.0
2012,47220.0,157745.0,39278.505,29498.157255,39449.342835,19546.971675,12438.981975,0.0,17092.0,9430.0,16618.0,17.0,49964.00000000001,49429.0,407.3999999999999,15.219999999999999,107.0
2012,47900.0,3813628.0,913420.597,390532.08033200004,715593.4151229999,445836.693219,246728.23141699997,0.0,822421.0,137662.0,274590.0,3092.0,484832.0,1284889.0,2665.7000000000003,13.894080459770112,1218.0
2011,47900.0,2633797.0,617082.61,288192.47727000003,492557.93022,276778.27529,176708.72169,0.0,535717.0,100355.0,214526.0,2418.0,302581.0,802435.0,2196.0,14.419797235023042,1085.0
2011,47980.0,26168.0,6489.664,4171.807231999999,5608.32576,4309.555584,1318.4485120000002,0.0,4302.0,978.0,1606.0,8.0,45020.0,11290.0,315.4,11.83,70.0
2011,48620.0,490864.0,133024.144,74430.69004799999,104131.398096,47592.700848,33279.106607999995,0.0,82815.0,21187.0,41132.0,56.0,49518.0,193403.0,496.19999999999993,17.89,612.0
2012,48620.0,490864.0,133024.144,72999.330624,105562.75752,50813.259552,33636.946464,0.0,81464.0,21981.0,43564.0,56.0,45996.0,196327.0,558.5,16.37,300.0
2011,49340.0,803701.0,189673.436,123419.540364,149208.69805200002,122191.48523600001,50350.260248000006,0.0,139705.0,37408.0,51124.99999999999,447.0,66389.0,318623.0,206.2,17.34,468.0
2012,49340.0,803701.0,189673.436,120963.430108,156577.02882,123419.540364,52806.370504,0.0,138687.0,38039.0,51058.0,447.0,61079.0,313894.0,242.5,19.09,549.0
2012,49420.0,239054.0,74345.794,26682.729372,53365.458744,21412.06678,15482.571364000001,0.0,24123.0,12313.0,27841.0,30.0,40503.0,74854.0,518.4,26.51,137.0
2011,49660.0,236735.0,51371.495,39853.153575,52087.14490500001,29287.433790000003,19833.895035,0.0,31633.0,14448.0,20784.0,63.0,40508.0,89013.0,376.9,16.12,110.0
2012,49660.0,236735.0,51371.495,40038.51708,54311.50696499999,28545.97977,20389.98555,0.0,31837.0,12996.0,20415.0,63.0,38205.0,88315.0,306.8,19.7,111.0
