CBSA Code,Num_Parks,Park_Area_Acres,Num_County,Num_Urban_Area,County_FIPS,Weighted_RESP,Weighted_UHI
10100,20,550.7733005,1,1,46013,0.169974106,-0.457756099
10140,105,104080.1414,1,5,53027,0.308462226,1.027633029
10180,40,3252.752494,3,3,"48441, 48253, 48059",0.201491843,1.137626932
10220,3,87.79480673,1,1,40123,0.297794022,0.248900364
10300,28,741.3775988,1,2,26091,0.2,0.060842236
10380,40,148.9175051,6,2,"72117, 72005, 72003, 72011, 72071, 72131",0.19487766,0.523326433
10420,336,41598.15136,2,4,"39153, 39133",0.216675108,0.151977359
10460,27,1095434.797,1,2,35035,0.1,-0.045473985
10480,20,507.9970471,1,1,8003,0.1,0.552206263
10500,86,2951.173366,4,4,"13095, 13177, 13273, 13321",0.401364295,0.324854808
10540,66,1088.410985,1,6,41043,0.343513547,0.641588213
10580,255,19106.72324,5,7,"36001, 36083, 36091, 36093, 36095",0.186304925,-0.114302351
10620,13,346.8903104,1,2,37167,0.35,0.073079621
10660,41,2624.692396,1,1,27047,0.2,0.696881325
10700,14,397.3124052,1,2,1095,0.349118752,0.474396257
10740,634,36984.81568,3,4,"35001, 35043, 35061",0.14547557,0.115032923
10760,3,223.7633645,1,2,1123,0.44620627,0.038193333
10780,28,608777.0202,2,2,"22079, 22043",0.399303239,0.11810119
10820,25,12408.78873,1,1,27041,0.2,0.055207519
10860,21,1164.598915,2,3,"48249, 48047",0.2,0.029751278
10900,839,104714.6338,4,12,"34041, 42077, 42095, 42025",0.239066719,0.330431883
10940,10,105.7205667,1,1,26057,0.198542783,0.174211989
10980,21,132.069895,1,1,26007,0.1,2.506945568
11020,152,62252.17069,1,8,42013,0.200190219,0.259517852
11060,14,110.9414496,1,1,40065,0.2,0.62193452
11100,58,44806.57662,2,3,"48381, 48375",0.2,-0.334106659
11140,15,64.30391251,1,1,13261,0.4,0.685499829
11180,103,2337.10549,2,6,"19169, 19015",0.2,-0.10754317
11200,197,12202.3718,1,3,25015,0.209675693,0.051766797
11220,32,695.5527649,1,3,36057,0.2,0.16460361
11260,365,926977.9378,2,2,"02020, 02170",0.22558668,2.767050551
11360,14,1442.896549,1,5,37085,0.320441276,0.108708866
11380,7,102.5460369,1,1,48003,0.2,0.660778821
11420,7,1261.76034,1,1,18151,0.2,-0.149139109
11460,287,20594.83428,1,4,26161,0.200316362,0.097670226
11500,20,4531.238917,1,2,1015,0.432114279,0.309684856
11540,134,11113.84334,2,8,"55087, 55015",0.20181263,0.28213463
11580,6,156.9382615,1,1,12027,0.3,-0.009117844
11620,10,18471.77299,1,1,40019,0.3,-0.206166479
11640,37,82.24194908,4,3,"72013, 72027, 72065, 72115",0.196585107,0.278913704
11660,5,82.80671038,1,1,5019,0.46859048,0.312228058
11680,30,3491.011126,1,2,20035,0.3,1.119071262
11700,114,3743.622962,3,3,"37021, 37089, 37115",0.258663185,0.19413465
11740,15,434.91343,1,1,39005,0.2,0.198300084
11820,38,7327.858196,1,2,41007,0.227105693,0.923342667
11860,11,326.5377336,1,1,20005,0.308338536,0.198180741
11900,22,4061.417975,1,3,39009,0.26636606,0.407713185
11940,11,262.7056893,1,3,47107,0.434016489,0.120461595
11980,18,399.8431213,1,5,48213,0.3,0.957875019
12020,35,2668.543057,2,1,"13059, 13219",0.4,-0.122754268
12060,1739,139783.192,26,19,"13067, 13121, 13117, 13089, 13057, 13063, 13013, 13015, 13077, 13097, 13113, 13135, 13151, 13247, 13217, 13223, 13255, 13297, 13045, 13035, 13227, 13211, 13199, 13159, 13187, 13143",0.407442606,0.398654671
12100,189,17415.70591,2,5,"34001, 34009",0.241268681,0.05433273
12140,32,309.4241533,1,2,18033,0.204530992,0.258229666
12180,32,234.6589322,1,2,36011,0.2,0.140564569
12220,25,753.5736954,2,3,"01081, 01087",0.5,0.276533685
12260,130,3976.123756,6,5,"45003, 13245, 13073, 45037, 13189, 13033",0.400426965,0.177445825
12300,28,621.6060933,1,2,23011,0.2,0.152023037
12380,21,786.2503656,1,1,27099,0.2,0.194153923
12420,1477,110240.4282,5,15,"48453, 48491, 48209, 48055, 48021",0.20639744,0.10355041
12460,10,441.1485811,1,2,13087,0.4,0.307366163
12520,7,17.36213015,1,1,41001,0.2,-0.108758138
12540,202,114773.3067,1,14,6029,0.234642548,-0.036689068
12580,834,80226.52268,7,12,"24003, 24005, 24027, 24510, 24035, 24013, 24025",0.295856965,0.275234215
12620,67,2043.739742,1,2,23019,0.15,0.088342936
12660,67,12440.88,1,4,55111,0.2,0.650900023
12700,116,25556.6975,1,3,25001,0.136555145,-0.009299177
12740,30,16325.06766,1,3,50023,0.166666667,-0.120388236
12780,16,313.0707392,1,1,40147,0.3,-0.229720917
12860,30,450.3894857,1,4,36037,0.193127044,0.049580814
12900,4,92.28802813,1,1,5063,0.4,-0.028401411
12940,241,7001.38863,7,5,"22121, 22033, 22063, 22005, 22047, 22077, 22007",0.391811024,0.14174228
12980,47,1613.281912,1,3,26025,0.2,0.195158593
13020,19,2657.048097,1,2,26017,0.222320323,0.269605395
13060,40,2603.782842,1,2,48321,0.25,-0.438348079
13100,12,229.4914781,1,1,31067,0.3,-0.086999464
13140,133,117578.1134,3,3,"48245, 48361, 48199",0.381391799,0.220485114
13180,56,31797.56777,1,7,55027,0.2,0.87612071
13220,24,781.5346041,2,2,"54019, 54081",0.286684248,0.539901454
13260,12,203746.8531,1,2,18093,0.276590134,0.198831869
13300,9,302.7070963,1,1,48025,0.2,0.018842812
13340,18,1493.587448,1,2,39091,0.2,0.248973857
13380,228,639955.7282,1,8,53073,0.285714286,0.34678124
13420,24,1977.004702,1,1,27007,0.210836067,2.036721259
13460,141,2341839.357,3,5,"41031, 41013, 41017",0.213280722,-0.662824261
13540,6,410033.1742,1,1,50003,0.172289634,-0.068394413
13660,13,881.3634236,1,2,26107,0.20066798,0.236512952
13700,15,1635.992831,1,1,48227,0.206154176,-0.195546938
13740,68,1664.692233,1,2,30111,0.19761568,-0.262813771
13780,100,3406.612283,2,3,"36107, 36007",0.20017865,0.08986321
13820,270,16320.91819,7,10,"01073, 01117, 01115, 01127, 01009, 01007, 01021",0.463629043,0.274337294
13860,3,71.43828448,1,1,6027,0.097648199,-2.959089646
13900,84,1736.474756,2,2,"38015, 38059",0.198427523,-0.934615458
13940,12,136.3887958,1,3,16011,0.180133835,0.316289663
13980,71,971.7867808,4,5,"51121, 51071, 51155, 51750",0.241046248,0.111030789
14010,57,733.9397323,1,4,17113,0.200512326,0.340979293
14020,55,2425.434089,1,1,18105,0.25733362,0.239041795
14100,110,31386.43865,1,5,42037,0.200879322,0.628723021
14140,19,368.7547143,2,3,"51185, 54055",0.209854903,0.292341359
14180,11,201.3854773,1,3,5093,0.3,-0.095213693
14220,14,1211.749117,1,2,22117,0.409363751,-0.106711203
14260,360,620433.4304,4,9,"16001, 16027, 16073, 16045",0.208713041,0.215286206
14300,10,18110.44989,1,1,48147,0.3,0.205315888
14380,17,406.5569066,1,1,37189,0.2,0.102060282
14420,28,244.0631281,1,2,48233,0.2,0.017342294
14460,6046,219190.7325,7,11,"25023, 25009, 25017, 25025, 25021, 33015, 33017",0.202725966,0.045760344
14500,555,35406.93791,1,4,8013,0.210738827,0.72247602
14540,35,932.3452735,2,2,"21003, 21227",0.315045257,0.161805764
14580,104,1013.221671,1,3,30031,0.159265459,-0.538626824
14620,95,73721.42244,1,5,42083,0.199263301,0.463972625
14660,25,5902.2324,1,2,27035,0.239877517,1.70960367
14700,17,875.7197337,1,2,29213,0.3,0.39911325
14710,13,92.700737,1,2,50025,0.2,0.061023259
14720,30,6720.160771,2,3,"08065, 08117",0.076666667,0.294604545
14740,197,12847.40497,1,5,53035,0.377223922,0.356331229
14780,11,531.643714,1,2,48477,0.25,-0.057923251
14820,5,70.30936807,1,1,37175,0.290176822,0.117603704
14940,28,639.4574608,1,2,49003,0.204865459,-0.92121027
15020,6,142.8562429,1,1,28085,0.406421836,0.098763214
15060,15,865.2657345,1,2,41015,0.222830485,1.16666588
15100,27,502.6940807,1,1,46011,0.196813177,-0.345174816
15180,102,4381.10742,1,4,48061,0.202470512,0.784083842
15220,26,1021.969858,1,1,48049,0.2,-0.304211393
15260,55,33050.48949,2,3,"13191, 13127",0.306266191,0.789445012
15340,12,251.3697419,1,2,39033,0.2,0.224192223
15380,698,17265.39238,2,8,"36029, 36063",0.177757261,0.031629632
15420,15,104.6975969,2,2,"16031, 16067",0.2,0.349368421
15460,22,610.2280705,2,1,"19057, 17071",0.2,0.516349764
15500,32,1114.610698,1,1,37001,0.355900633,0.29181425
15540,158,6455.318154,2,4,"50007, 50011",0.201765352,-0.026009344
15580,49,4520.449729,1,1,30093,0.105741156,4.777275229
15620,8,758.8008563,1,1,26165,0.198066488,1.224147414
15660,5,301.7110206,1,1,13129,0.4,0.449797022
15700,7,132.6300752,1,1,24019,0.286889553,0.052545071
15740,6,73.54181701,1,1,39059,0.3,1.450470579
15780,5,112.5259899,1,1,5103,0.484945315,0.095717388
15820,2,92.67599717,1,1,21217,0.3,0.180932318
15860,14,80.40030451,1,2,8043,0.1,-0.317293413
15900,9,3438.033595,1,2,17057,0.2,0.506557081
15940,158,5520.914625,2,6,"39151, 39019",0.207753366,0.276734244
15980,192,23500.6788,1,2,12071,0.28712726,0.191287871
16020,44,1280.906007,2,2,"17003, 29031",0.3,2.459371009
16060,11,207.587866,1,2,17077,0.3,0.501363935
16100,44,12301.47483,1,2,35015,0.2,-0.323378519
16140,11,98.93655578,1,1,19027,0.2,0.056884579
16180,23,380.7759897,1,1,32510,0.196762744,4.657839666
16220,89,1842.242624,1,1,56025,0.112277332,-1.314013523
16260,17,171.2971163,1,2,49021,0.1,-0.233775736
16300,177,7678.122141,3,6,"19113, 19105, 19011",0.189056469,0.47390749
16340,11,111.0725796,1,2,13233,0.4,0.598814054
16380,11,194.8951714,1,2,39107,0.2,0.325216432
16460,15,306.5854243,1,2,17121,0.250202931,0.511977745
16500,63,99367.54782,1,5,53041,0.363896451,0.945146251
16540,131,31896.15515,1,4,42055,0.272624514,0.459857519
16580,138,2616.17554,3,7,"17019, 17147, 17053",0.205240145,0.486414848
16620,83,1281.325352,2,3,"54039, 54005",0.321453418,0.469398212
16660,15,268.7630428,1,2,17029,0.2,0.876704084
16700,248,8568.514124,3,1,"45019, 45015, 45035",0.509772154,0.493241054
16740,724,34197.42238,11,15,"37119, 37097, 37179, 45091, 37159, 37025, 37071, 37109, 45023, 37007, 45057",0.378159463,0.175495283
16820,53,3913.41493,3,4,"51540, 51003, 51079",0.300291522,0.029285622
16860,189,21321.20782,6,5,"47065, 13047, 13295, 47153, 47115, 13083",0.370268056,-0.005081423
16940,43,820.299127,1,1,56021,0.141296636,-0.1039279
16980,6046,264239.4571,12,20,"17043, 17111, 17089, 17031, 17197, 17097, 17093, 18127, 18089, 17063, 17037, 18073",0.204633377,0.205460184
17020,89,30390.26657,1,4,6007,0.365185752,0.115088082
17060,11,598.6785436,1,2,39141,0.301088521,0.296867878
17140,1244,56549.75605,11,14,"39165, 39025, 39017, 39061, 21037, 18029, 21117, 21015, 39015, 21081, 18047",0.267904588,0.275016516
17220,17,219.1976662,2,2,"54091, 54033",0.261728487,-0.033441451
17260,4,56.64433536,1,1,28027,0.3,-0.190251987
17300,79,2069.286144,3,4,"47125, 21047, 21221",0.307874746,-0.085534199
17340,19,1455.269155,1,3,6033,0.285922102,0.025626166
17380,6,127.6210234,1,1,28011,0.3,0.071381158
17410,695,41768.94563,6,15,"39103, 39093, 39035, 39055, 39085, 39007",0.203612579,0.377491723
17420,14,313.9526645,1,1,47011,0.502049467,0.05511957
17500,45,321.0119816,2,3,"12051, 12043",0.342159695,-0.03721392
17540,20,341.72404,1,2,19045,0.218578189,0.555978203
17580,18,437.9300798,2,2,"35041, 35009",0.183916308,-0.521237279
17620,13,11.98835921,2,2,"72043, 72133",0.174554761,-0.008924709
17640,12,33.92983369,1,2,72123,0.15,0.058443347
17650,24,2438964.606,1,2,56029,0.1,-1.546886022
17660,91,2350644.932,1,4,16055,0.330752388,-0.090961727
17740,9,237.1336967,1,1,26023,0.2,0.718984775
17780,140,32805.58177,3,5,"48041, 48395, 48051",0.258863149,-0.021162067
17820,174,2660735.546,2,3,"08041, 08119",0.127455439,0.164428506
17860,103,3241.084833,3,5,"29019, 29089, 29053",0.275572745,0.281416514
17900,115,3075.765014,5,5,"45079, 45063, 45055, 45039, 45081",0.404761933,0.144959045
17980,72,7047.255179,4,3,"13215, 13053, 01113, 13259",0.498896125,0.546878738
18020,22,1350.293593,1,1,18005,0.296287991,1.211404143
18060,9,937.1831327,2,2,"28103, 28087",0.490649538,0.387773024
18100,20,385.6417647,2,2,"31037, 31141",0.2,0.099522391
18140,1256,41096.83534,10,16,"39049, 39045, 39159, 39041, 39089, 39073, 39097, 39127, 39117, 39129",0.216857361,0.321937077
18180,59,6491.92218,1,3,33013,0.206427257,0.059153141
18220,5,104.7622999,1,1,18041,0.2,0.379044209
18260,30,715.9296397,3,4,"47133, 47141, 47185",0.3,0.013810306
18300,28,2032.684119,1,3,41011,0.333333333,0.839302011
18340,19,182.5548229,4,4,"21051, 21121, 21235, 21125",0.311332502,0.099260523
18380,6,132.5160464,1,1,13081,0.4,-0.178121275
18420,2,55.4954353,1,1,28003,0.4,0.24442494
18460,10,129.4630076,1,1,13137,0.309590613,0.133287551
18500,36,5154.900545,1,4,36101,0.168758473,0.01079459
18580,315,9431.232178,3,9,"48355, 48409, 48007",0.197282013,0.141973383
18620,13,11414.51354,1,1,48349,0.3,0.184356765
18660,20,191.1561556,1,1,36023,0.2,-1.058263403
18700,56,1772.733421,1,2,41003,0.380540641,0.230581667
18740,10,221.6581332,1,2,39031,0.2,0.312971641
18820,7,115.4972102,1,1,18107,0.2,0.322240588
18860,12,18453.90366,1,1,6015,0.2,0.138292156
18880,91,16147.06037,2,4,"12091, 12131",0.366281217,0.37633492
18900,3,1598.378747,1,1,47035,0.3,0.17859869
18980,14,188.22957,1,2,1043,0.4,0.376844824
19060,48,1860.57605,2,3,"54057, 24001",0.206491361,0.242541024
19100,3064,216176.8657,11,33,"48113, 48085, 48439, 48251, 48121, 48397, 48139, 48257, 48367, 48231, 48497",0.304956771,0.397597306
19140,21,957.2060249,2,1,"13213, 13313",0.385572918,-0.230408157
19180,24,474.176401,1,2,17183,0.2,-0.026221744
19220,10,259.2268188,2,2,"21137, 21021",0.3,0.020873278
19260,27,923.457404,2,2,"51590, 51143",0.313432139,0.086432006
19300,39,5739.58152,1,5,1003,0.342158465,0.277217986
19340,187,4484.98466,4,4,"19163, 17161, 17073, 17131",0.205787557,-0.083521747
19430,497,23780.11281,3,8,"39057, 39113, 39109",0.221093208,0.57183766
19460,49,6986.291182,2,3,"01079, 01103",0.412057735,0.113329624
19500,57,1362.273375,1,1,17115,0.240396584,0.431946433
19540,16,108.3362824,1,2,18001,0.2,0.351035129
19580,13,396.0099252,1,2,39039,0.2,0.260257072
19620,32,2228.352982,1,1,48465,0.2,0.328328242
19660,290,14554.20474,2,3,"12127, 12035",0.296400936,0.667283632
19700,4,46.67503155,1,1,35029,0.2,-0.592350022
19740,2232,107047.352,6,8,"08035, 08059, 08001, 08005, 08031, 08014",0.237676869,0.148528786
19760,2,48.53385971,1,1,22011,0.4,-0.010469836
19780,501,25576.16004,5,9,"19153, 19049, 19181, 19099, 19121",0.201039671,-0.169267837
19810,8,13611.35144,1,1,27005,0.2,2.604003447
19820,1174,65953.89217,6,13,"26147, 26163, 26125, 26099, 26093, 26087",0.202550223,0.423100798
19860,13,151.882424,1,1,38089,0.1,-0.193757519
19940,18,357.5829758,1,1,17103,0.227084884,-0.209943066
19980,20,278.368558,1,1,20057,0.2,-0.030354394
20020,21,1055.920371,3,3,"01061, 01067, 01069",0.399984396,0.24971657
20060,8,50.69137483,1,1,13069,0.4,0.046172794
20100,42,958.1472845,1,3,10001,0.214407187,0.87231527
20140,11,296.1799606,2,2,"13167, 13175",0.4,0.09495553
20180,106,196058.7623,1,10,42033,0.2,0.321817775
20220,68,2682.736825,1,2,19061,0.2,0.789521121
20260,208,20984.49201,3,7,"27137, 27017, 55031",0.188326647,0.66436787
20300,14,73.43882928,1,2,48341,0.2,0.058846889
20340,12,144.3415402,1,2,40137,0.22990211,1.039427795
20420,33,1875178.266,1,2,8067,0.1,2.205378691
20460,9,154.925749,1,1,40013,0.3,-0.149207006
20500,235,9491.766414,4,8,"37135, 37063, 37037, 37145",0.358059868,0.26515301
20540,12,118.7106299,1,1,47045,0.3,-0.256681303
20580,29,287.4185736,1,1,48323,0.233829618,0.12293532
20660,7,371.1020019,1,2,24041,0.293444777,0.071550128
20700,265,109930.1785,1,5,42089,0.20447028,0.320641878
20740,101,4082.444838,2,3,"55035, 55017",0.2,0.4953787
20780,80,6421.219314,1,5,8037,0.096451176,0.663246474
20820,6,115.9775755,1,1,17049,0.2,0.913493871
20900,20,308.1613514,1,2,48481,0.25,-0.256526265
20940,69,356.3478647,1,4,6025,0.245651848,0.274910055
20980,8,72.33853321,1,1,5139,0.540721032,0.096321285
21020,7,81.54249038,1,1,37139,0.230900571,0.623733261
21060,20,904.8539316,2,2,"21123, 21093",0.304122198,0.168651465
21120,11,334.7161304,1,2,40009,0.2,0.183159728
21140,79,1568.932431,1,4,18039,0.20254674,0.063330175
21180,8,920598.363,1,1,54083,0.2,0.588918781
21220,11,165.3075317,1,2,32007,0.095645868,-0.370045389
21260,53,381867.8905,1,5,53037,0.2,0.54796093
21300,51,1395.633863,1,1,36015,0.2,-0.163611911
21340,355,32914.54792,1,5,48141,0.204570285,-0.401733919
21380,15,248.4473208,1,1,20111,0.4,0.593604183
21420,29,511.2852433,1,1,40047,0.32237067,-0.781328412
21460,2,151.535686,1,1,1031,0.4,-0.080989876
21500,396,28726.12926,1,8,42049,0.2,0.216308357
21540,14,898718.3443,1,1,26041,0.189609782,0.72014949
21580,6,1489994.663,1,1,35039,0.116139706,0.293314179
21640,6,770.1260951,2,1,"01005, 13239",0.49779225,0.39429878
21660,289,2337868.63,1,8,41039,0.346132129,0.689628411
21700,73,3270.927808,1,4,6023,0.230225221,1.082281976
21740,15,223.3996113,1,1,56041,0.13911438,-0.318864727
21780,58,1856.274272,3,3,"18173, 18163, 18129",0.326350669,0.371057749
21820,17,2113.883618,1,1,2090,0.279356611,0.24725859
21860,24,227.1613182,1,1,27091,0.2,2.007600812
21900,13,186.9458299,1,2,54049,0.3,0.522574089
21980,9,1060.118232,1,1,32001,0.2,0.401772473
22020,193,2628.993647,2,1,"27027, 38017",0.238122784,0.295784807
22060,101,2781.602312,1,3,27131,0.2,0.461478272
22100,14,8631.497051,1,1,29187,0.3,1.115793024
22140,52,4318.081666,1,4,35045,0.281296424,-0.255690955
22180,49,1800.282562,2,1,"37051, 37093",0.326221214,0.097482496
22190,2,56.24368419,1,1,47103,0.3,-0.03695738
22220,160,43792.65155,2,2,"05007, 05143",0.304020173,0.15682723
22260,27,500.9586269,1,2,27111,0.196213377,0.171110268
22300,20,824.3746922,1,2,39063,0.2,0.332819914
22340,8,156.3933197,1,1,13017,0.4,0.196677265
22380,58,3459990.485,1,7,4005,0.133883819,-0.093335052
22420,100,6239.702143,1,2,26049,0.2,0.088678505
22500,35,1258.065533,2,3,"45031, 45041",0.370265785,0.036312214
22520,27,1912.771401,2,2,"01033, 01077",0.373851992,0.054948262
22540,51,1899.935149,1,3,55039,0.201583915,0.591486256
22580,11,21749.04775,1,2,37161,0.345207422,0.03796742
22620,7,38.4261525,1,1,5123,0.3,-1.072666851
22660,243,1907304.698,1,4,8069,0.192262287,0.037536165
22700,33,882.1451227,1,1,19187,0.2,-0.692787711
22780,4,132.4036489,1,1,29169,0.3,-0.615699964
22800,17,351.3696828,1,2,19111,0.2,3.572830656
22820,16,300.7155117,1,2,8087,0.2,-0.022696231
22840,5,15.49932078,1,1,1049,0.4,0.109741224
22900,54,2907.365994,3,4,"05033, 05131, 40135",0.369193279,0.114681703
23060,141,4492.779292,3,4,"18003, 18179, 18183",0.20865718,0.188610081
23140,6,82.96221442,1,1,18023,0.2,0.32087596
23180,12,697.7845845,2,2,"21005, 21073",0.3,0.709008494
23190,2,172.580538,1,1,21213,0.3,-0.443475112
23240,11,876.9051598,1,1,48171,0.2,-0.09256203
23300,7,256.7317295,1,2,17177,0.2,0.182758657
23340,17,1006.795865,1,1,31053,0.2,0.10224666
23380,24,402.3687878,1,3,39143,0.2,-0.053695075
23420,405,4951.332426,2,16,"06019, 06039",0.320751443,0.180681765
23460,17,446.225423,1,2,1055,0.400887954,0.426741635
23500,7,22.71392846,1,1,45021,0.4,0.18669833
23540,118,33057.89084,3,5,"12001, 12041, 12075",0.31673181,0.180859719
23580,38,5884.030621,1,3,13139,0.415530108,0.469651754
23620,18,47416.49305,1,2,48097,0.3,-0.165426558
23660,26,470.2825369,1,3,17095,0.2,0.038432458
23680,7,71.84624645,1,1,39053,0.3,0.914026439
23700,12,133.0614626,1,1,35031,0.143122314,-0.207553174
23780,14,211.1372475,1,1,20055,0.2,0.086079939
23820,15,578.5776363,1,4,32005,0.178989417,1.999609396
23900,59,32655.90375,1,7,42001,0.25718568,0.292712629
23940,51,1093.849555,1,1,56005,0.129327695,0.019090697
23980,8,113.6518631,1,2,21009,0.3,0.442924993
24020,46,70215.65008,2,6,"36115, 36113",0.200115724,0.179705322
24100,13,235.6986223,1,1,36035,0.2,0.229824531
24140,19,310.1305757,1,2,37191,0.311510392,0.069604903
24180,20,380.0204011,1,2,48221,0.299397746,0.560674282
24220,56,1999.464336,2,2,"27119, 38035",0.206249949,0.696808208
24260,23,335.7583563,2,2,"31121, 31079",0.2,-0.355139328
24300,107,2967196.565,1,2,8077,0.129997062,0.487517173
24330,22,411.2342489,1,1,27061,0.2,0.569722293
24340,463,25100.90362,5,13,"26139, 26081, 26117, 26015, 26067",0.202114018,0.227211209
24420,26,293.8780498,1,1,41033,0.326841096,0.218459421
24460,9,212.5848864,1,2,20009,0.2,-0.327248273
24500,48,1410.731111,1,1,30013,0.207942948,-0.746018077
24540,209,3731.330065,1,10,8123,0.340778555,0.129823446
24580,219,5280.649456,3,7,"55009, 55061, 55083",0.158211216,0.349782464
24600,5,119.1401657,1,2,18133,0.2,0.45507885
24620,4,68.0412965,1,1,47059,0.3,-0.49374521
24640,54,5527.688709,1,3,25011,0.2,-0.021932867
24660,366,13649.26537,3,8,"37081, 37151, 37157",0.35200973,0.480491231
24700,5,82.81609763,1,2,18031,0.2,0.273175649
24740,18,339.7665967,1,3,28151,0.304963403,0.162809004
24780,34,955.4568641,1,3,37147,0.3,0.160519231
24820,15,395.5694406,1,3,39037,0.2,0.312134931
24860,186,5125.857784,4,8,"45077, 45007, 45045, 45059",0.386921867,0.031341867
24900,11,169.5864632,1,2,28083,0.321210626,0.748012442
24940,6,45.84452806,2,2,"45001, 45047",0.4,0.364917197
24980,6,82.5955437,2,2,"28043, 28097",0.4,0.189814302
25020,21,63.47673381,3,1,"72057, 72015, 72109",0.1,0.020035519
25060,106,1739.389741,4,4,"28045, 28047, 28059, 28131",0.330109676,0.2859238
25100,10,100.4572708,1,1,40139,0.2,0.342340679
25180,57,24358.1052,2,3,"24043, 54003",0.262258834,0.334846229
25200,28,2038686.298,1,2,16013,0.1,-0.102732322
25220,13,105.1749613,1,3,22105,0.383705327,-0.037445806
25260,29,294.7532916,1,3,6031,0.269314467,0.313232926
25300,12,587.5838767,1,2,29127,0.2,0.492363663
25420,609,219627.0722,3,10,"42041, 42043, 42099",0.219662255,0.521301632
25460,8,77.57257337,1,1,5009,0.3,-0.301826418
25500,31,660.7997561,2,4,"51165, 51660",0.264471129,0.110632073
25580,18,319.381215,1,1,31001,0.204500144,0.120894449
25620,16,447.9238288,1,1,28035,0.4,0.049639654
25700,23,411.5232657,1,1,20051,0.2,-0.009476522
25720,39,2139606.469,2,3,"49043, 49051",0.12222419,0.204649849
25740,47,7476.322201,1,1,30049,0.18405989,1.412674871
25770,149,124192.3602,1,4,42103,0.2,0.132845341
25775,11,869.3640755,1,1,21101,0.33037652,0.214139147
25780,7,68.46298858,1,1,37181,0.3,0.325753719
25820,11,210.6614647,1,1,48117,0.195516904,0.121703353
25840,70,14087.91721,2,6,"41049, 41059",0.210925076,1.245767111
25850,105,22147.70903,1,7,42085,0.203413801,0.024857539
25860,108,1647.678151,4,3,"37035, 37023, 37027, 37003",0.357241176,0.277168326
25880,10,167.7703191,1,1,26059,0.2,0.210842445
25900,67,8546.007292,1,8,15001,0.14020134,0.21517244
25940,61,16254.17802,2,5,"45053, 45013",0.376757331,0.207361865
25980,4,95.56477542,1,1,13179,0.4,0.147991466
26020,38,653.4746417,1,3,35025,0.233333333,-1.44242851
26090,43,470.2998005,1,5,26005,0.2,0.294401781
26140,44,39146.73421,1,4,12017,0.3,0.157672061
26220,24,82549.26604,1,2,41027,0.288635426,1.761073655
26300,20,5329.99258,1,2,5051,0.403040715,0.117331552
26340,34,661.6118034,1,2,26061,0.1,0.546589608
26380,42,628.4109272,2,2,"22109, 22057",0.270710406,0.171759052
26420,1995,286789.9252,10,30,"48157, 48201, 48167, 48039, 48339, 48071, 48473, 48291, 48015, 48407",0.324010138,0.173201272
26460,23,1026.551588,1,2,36021,0.2,0.071885052
26500,151,164678.3134,1,5,42061,0.2,0.272057264
26540,9,239.9612452,1,1,18069,0.2,0.793329753
26580,66,245845.4937,7,4,"54079, 21019, 54011, 39087, 54099, 21089, 21127",0.346864531,0.240858732
26620,146,10461.09078,2,3,"01089, 01083",0.398763681,-0.08662374
26660,31,2354.961635,1,1,48471,0.3,0.801462272
26700,7,121.6315957,1,1,46005,0.1,1.571375066
26740,26,656.8893852,1,1,20155,0.226462233,-0.080283651
26780,29,271.230169,1,2,27085,0.2,0.285542087
26820,50,577.1397614,2,2,"16051, 16019",0.194410927,0.154321835
26860,144,38723.51862,1,6,42063,0.20004922,0.152883226
26900,492,17966.87954,10,9,"18063, 18081, 18097, 18057, 18059, 18109, 18011, 18095, 18159, 18145",0.231203821,0.555421985
26980,98,36809.16492,2,2,"19103, 19183",0.201058706,0.050716779
27020,20,431.5639278,1,1,26043,0.144090594,0.240420171
27060,58,2505.901849,1,2,36109,0.198793097,0.052827583
27100,43,663.3796711,1,2,26075,0.2,0.23074828
27140,112,3021.096426,8,9,"28121, 28049, 28089, 28029, 28127, 28123, 28051, 28163",0.393407877,0.124403218
27180,36,1118.888929,4,8,"47023, 47053, 47113, 47033",0.302617751,0.183825792
27220,10,95.90078387,1,1,56039,0.1,-0.195584467
27260,608,202200.8104,5,10,"12019, 12031, 12109, 12003, 12089",0.337382715,-0.048459313
27300,10,204.2973393,1,1,17137,0.2,0.327077105
27340,25,727.5081283,1,3,37133,0.231356525,0.314250311
27380,26,3279.108186,1,2,48073,0.3,0.122665557
27420,12,222.0741513,1,1,38093,0.1,-0.342905643
27460,68,1141.335897,1,4,36013,0.2,-0.134382535
27500,136,3483.315558,1,4,55105,0.2,0.778946785
27540,24,309.0947539,1,2,18037,0.3,0.130885634
27600,18,647.6524267,1,5,13157,0.409745527,0.174587445
27620,55,1847.585364,3,4,"29135, 29027, 29051",0.250655522,0.26084116
27700,7,117.9801335,1,1,13305,0.4,0.127771551
27740,48,1677.788702,3,3,"47019, 47179, 47171",0.280240241,0.342101455
27780,207,77218.57532,1,10,42021,0.200076763,0.228117981
27860,22,993.5258469,2,2,"05111, 05031",0.3,-0.005445833
27900,71,2153.322381,3,6,"29145, 20021, 29097",0.3,0.327123167
27940,24,16728176.83,1,1,2110,0.1,4.132179894
27980,84,949.7983033,1,5,15009,0.129258825,-1.007215114
28020,89,5204.715931,1,2,26077,0.203858008,0.38631805
28060,70,2414727.757,1,4,30029,0.314818717,2.059303008
28100,75,4671.924259,1,2,17091,0.2,0.005787163
28140,1234,70292.21528,12,24,"29037, 29095, 20209, 29047, 20091, 29165, 29107, 20121, 20103, 29013, 29049, 29177",0.244235328,0.246538163
28180,63,1792.679985,1,6,15007,0.090493435,0.384206287
28260,23,559.323115,2,2,"31099, 31019",0.2,-0.265208941
28300,31,4030.66921,1,3,33005,0.2,0.184999341
28340,11,493.6988186,1,2,18113,0.2,0.795107963
28380,12,109.6294468,1,2,29069,0.3,0.294228118
28420,194,182126.5381,2,7,"53005, 53021",0.216099558,0.242507999
28450,142,4799.483533,1,2,55059,0.201749359,0.300869664
28500,21,1202.404965,1,1,48265,0.2,0.229291574
28540,9,50.94801637,1,1,2130,0.145007186,1.420845978
28580,63,81602.98494,1,4,12087,0.1,0.439004089
28620,21,1366.284418,1,2,37055,0.2,0.222319338
28660,158,44026.55668,3,6,"48099, 48027, 48281",0.22784238,0.137411603
28680,14,727.8131262,1,1,13039,0.3,0.543310705
28700,71,8111.771909,5,4,"47163, 47073, 51169, 51191, 51520",0.310147189,0.178439719
28740,72,4594.5247,1,4,36111,0.204655991,0.067590852
28780,13,955.302275,1,1,48273,0.2,0.209181265
28820,9,149.1807945,1,2,37107,0.3,0.114066654
28860,8,65.93014946,1,1,29001,0.2,0.1185839
28880,222,51046.06528,2,12,"36027, 36071",0.201367122,0.276727772
28900,22,1488.969366,1,1,41035,0.2,-0.180133855
28940,233,10960.03263,6,4,"47009, 47001, 47093, 47105, 47145, 47013",0.350272368,0.578035434
29020,34,404.6541197,1,1,18067,0.219099854,0.184443247
29060,23,561.0705044,1,2,33001,0.2,0.164986422
29100,161,3772.042812,3,3,"55063, 27055, 55123",0.2,0.34103349
29180,74,1760.791939,4,8,"22055, 22113, 22001, 22099",0.300461687,0.185692946
29200,56,3213.748266,3,3,"18157, 18015, 18171",0.208780108,0.096229613
29260,13,1085508.117,1,2,41061,0.2,-0.566940448
29300,29,1889.381295,2,2,"13285, 01017",0.5,0.240435852
29340,50,1865.777304,2,7,"22019, 22053",0.334842428,0.141339938
29380,16,5641.235577,1,2,12023,0.347752037,0.317788681
29420,32,1293904.093,1,6,4015,0.170522663,-1.679292081
29460,207,9806.848572,1,7,12105,0.320180483,1.005814852
29470,4,30.73154669,1,2,51137,0.3,0.15761856
29540,502,26770.97038,1,9,42071,0.291931251,0.045461077
29620,221,4405.196934,3,6,"26037, 26045, 26065",0.200122466,0.375228549
29660,14,448.6527904,1,1,56001,0.1,-1.230645606
29700,93,2340.05269,1,3,48479,0.233333333,-0.025606284
29720,7,9.011489299,1,1,72081,0.18975532,0.329671734
29740,113,1646.415713,1,4,35013,0.213104089,-0.150979717
29780,8,190.045988,1,1,35047,0.1,-0.617493106
29820,691,51449.41515,1,5,32003,0.218764017,-1.550648429
29860,9,131.3433178,1,1,28067,0.4,0.171454505
29900,4,82.44919641,1,1,37165,0.351379042,-0.007284255
29940,72,22195.00086,1,3,20045,0.233333333,0.262991764
29980,3,895.9071589,1,1,47099,0.3,0.165731803
30020,84,700.4503065,2,3,"40031, 40033",0.216639605,0.648961525
30060,5,91.42749036,1,1,29105,0.3,0.009442379
30140,139,33238.7452,1,6,42075,0.2450693,0.165915666
30150,86,11029.82735,4,9,"50017, 33009, 33019, 50027",0.192456708,0.068000783
30180,13,228.1041386,1,1,19149,0.2,-0.037904231
30260,52,94827.43984,1,3,42119,0.208943173,0.666939892
30280,7,172.2579751,1,1,47117,0.3,0.235054154
30300,30,71832.17154,2,1,"53003, 16069",0.238646775,0.949461088
30340,57,529.5946207,1,2,23001,0.2,-0.451079245
30380,49,105049.4026,1,3,42087,0.2,0.329244383
30420,21,443.7124001,1,3,31047,0.217251313,-0.262150848
30460,246,6545.74786,6,8,"21017, 21239, 21113, 21209, 21049, 21067",0.300713504,0.579604223
30500,41,5552.237493,2,6,"24009, 24037",0.304706494,0.277062303
30580,12,185.0578059,1,1,20175,0.2,0.039808104
30620,25,886.8499838,1,3,39003,0.207955229,0.219832118
30660,13,1562.019923,1,1,17107,0.2,0.446161715
30700,261,7997.452731,2,5,"31109, 31159",0.217807697,0.113587207
30780,203,20981.54628,5,7,"05125, 05085, 05119, 05045, 05053",0.371822899,0.402519483
30820,122,235367.261,1,5,42035,0.2,0.302134968
30860,88,1365.134977,2,2,"16041, 49005",0.14118278,0.106997176
30900,9,245.46333,1,1,18017,0.2,0.742234795
30980,81,33403.61211,4,6,"48459, 48183, 48203, 48401",0.373190069,0.098504785
31020,76,10115.97574,1,5,53015,0.332747379,0.770776117
31060,19,297.1726119,1,2,35028,0.1,0.008072497
31080,3551,893320.7682,2,9,"06037, 06059",0.268954342,0.014033295
31140,298,23793.51305,10,8,"21111, 18019, 18043, 21029, 21185, 18061, 18175, 21179, 21163, 21211",0.30098235,0.577851925
31180,115,3683.165663,4,7,"48303, 48219, 48305, 48169",0.2,-0.175357429
31220,9,180.1080325,1,1,26105,0.142359795,0.487693598
31260,22,1700.981095,1,2,48005,0.381953168,0.182717497
31300,31,684.8362336,1,7,37155,0.314181231,0.208730704
31340,46,9955.943947,4,4,"51019, 51680, 51009, 51031",0.300570981,0.025967873
31380,10,304.9505463,1,2,17109,0.2,0.52844501
31420,47,2201.680948,3,3,"13021, 13169, 13207",0.495603632,0.050798742
31500,8,1464.969015,1,1,18077,0.3,-0.122476088
31540,827,24676.3294,4,16,"55025, 55021, 55045, 55049",0.200069692,0.802515612
31580,10,369.6409322,1,1,21107,0.3,0.572717722
31620,6,72.38550065,1,1,5027,0.4,-0.050376724
31680,4,57.59118743,1,1,5059,0.496831138,0.633522435
31700,165,5620.123098,1,5,33011,0.211720659,-0.015478952
31740,46,2363.3924,3,4,"20149, 20061, 20161",0.351435254,0.192681996
31820,61,3765.494063,1,2,55071,0.207964718,0.399503601
31860,78,1924.690434,2,3,"27013, 27103",0.203453701,0.178688079
31900,35,532.1303131,1,2,39139,0.2,0.305775558
31930,16,337.5800073,1,3,39167,0.300651406,0.581804795
31940,39,141582.4604,2,3,"55075, 26109",0.190701726,0.668406727
31980,15,178.0678384,1,3,18053,0.2,1.169606773
32000,9,50.84125684,1,1,37111,0.3,0.214755306
32020,7,232.3409971,1,1,39101,0.2,0.921836518
32060,18,276.7997982,1,2,17199,0.3,0.977133385
32100,30,278467.3265,1,2,26103,0.105388423,0.542917109
32140,11,195.8690255,1,1,27083,0.196634565,-0.949513926
32180,1,131.8607726,1,1,29195,0.290860295,-0.70751319
32260,23,299.3060711,1,2,19127,0.2,0.658380569
32280,6,145.4947313,1,1,47183,0.3,-0.020360766
32300,15,745.7635048,2,1,"51089, 51690",0.3,0.143326146
32340,12,93.32343509,1,1,29147,0.2,0.636057789
32380,48,1198.44734,1,2,19033,0.220366031,1.252457167
32390,35,170.177423,1,5,36089,0.192498741,0.628579389
32420,101,489.0426564,6,4,"72023, 72097, 72125, 72121, 72079, 72067",0.205501881,0.2012593
32460,5,73.22191327,1,1,21083,0.3,-0.38846572
32540,14,67.0390861,1,2,40121,0.3,0.483528079
32580,190,3366.170394,1,4,48215,0.200395986,0.098731302
32620,7,108.2552097,1,1,28113,0.386105094,0.141334277
32660,6,58.1224917,1,1,47177,0.3,0.138577452
32700,17,200.1219217,1,2,20113,0.2,0.016401986
32740,393,52742.21115,1,9,42039,0.201971058,0.114424548
32780,133,9501.109124,1,3,41029,0.296953999,-0.322260511
32820,384,16314.86293,7,7,"47157, 28033, 05035, 28093, 47167, 28137, 28143",0.314621837,0.125143544
32860,24,1012.670158,1,1,55033,0.2,0.587682831
32900,108,738.0018893,1,6,6047,0.294750838,0.308043909
32940,8,4629.071317,1,1,28075,0.456200211,-0.259875746
33020,16,477.9178307,1,2,29007,0.216036149,0.318492147
33060,14,101.4953532,1,1,40115,0.3,0.404935269
33100,2195,174375.1324,3,5,"12086, 12099, 12011",0.251442568,0.481715646
33140,33,816.6732709,1,3,18091,0.2,0.310272078
33180,4,25.01103209,1,1,21013,0.3,-0.049890943
33220,79,2132.488753,1,1,26111,0.237613284,-0.106981852
33260,58,1361.897373,1,1,48329,0.21093363,-0.029396251
33300,10,2460.888245,1,1,13009,0.425466831,0.886457813
33340,824,35935.96516,4,5,"55079, 55133, 55089, 55131",0.200898212,0.279420671
33380,19,1207.438824,1,2,22119,0.405590747,0.119310348
33420,21,1976.576313,1,2,48363,0.225223069,0.856585449
33460,4050,171280.409,15,41,"27171, 27003, 27037, 27123, 27163, 27053, 27139, 27019, 27141, 27025, 27079, 55109, 27095, 55093, 27059",0.206950754,0.644742055
33500,19,265.5454293,1,1,38101,0.150884053,-0.619815706
33540,130,1743.311682,1,3,30063,0.225564805,0.81216642
33580,13,176.78914,1,1,46035,0.2,0.764618689
33620,6,497.5786033,1,1,29175,0.24262119,0.28229802
33660,123,2038.121597,1,2,1097,0.354336339,0.086537192
33700,202,2104.553467,1,5,6099,0.312476883,-0.170717216
33740,40,1025.749568,4,5,"22073, 22083, 22111, 22067",0.38408096,0.138671902
33780,94,2326.635965,1,5,26115,0.207868725,0.088474347
33860,87,1589.031207,3,2,"01051, 01101, 01001",0.488550214,0.247479329
33900,7,63.55001271,1,1,18181,0.2,0.382822809
33910,16,1343.167611,1,4,36105,0.2,0.142742477
33940,37,524.9183003,1,1,8085,0.1,-0.585809383
33980,34,1749.24432,1,2,37031,0.2,0.457839642
34020,17,164.0817604,1,2,22101,0.3,1.010361083
34060,22,683.0640451,2,2,"54077, 54061",0.25,0.241712978
34100,27,1951.765875,2,2,"47089, 47063",0.383760927,0.289171935
34140,16,112.3100017,1,1,16057,0.2,0.002791607
34180,85,405351.3334,1,7,53025,0.207140555,-0.246570922
34220,9,149.6784315,1,1,13071,0.4,-0.726858663
34260,6,252.7239604,1,1,5005,0.397942815,0.102705807
34300,19,146.5306001,1,1,16039,0.2,-0.729996921
34340,17,4487.215517,1,3,37171,0.304457522,0.087056537
34380,13,341.3297936,1,1,26073,0.2,0.641951076
34420,19,1624.693287,3,3,"48343, 48449, 48063",0.3,0.107878039
34460,2,99.30248008,1,1,21173,0.3,0
34500,8,107.3219902,1,1,17081,0.287151825,0.192573293
34540,14,522.0189833,1,2,39083,0.2,0.216924966
34580,110,18688.8333,1,7,53057,0.285714286,0.361706052
34620,32,2361.618199,1,3,18035,0.205434557,-0.000467047
34660,4,134.9608083,1,1,21035,0.3,0.156724437
34680,21,8664.012162,1,3,45043,0.340496449,0.204667803
34700,31,523.8789758,1,3,19139,0.202926578,0.411540221
34740,74,3818.768184,1,2,26121,0.2,0.192000094
34780,24,483.3942195,1,1,40101,0.305319294,0.256378505
34820,70,11624.81445,1,1,45051,0.29904492,0.189091512
34860,31,522.0040766,1,1,48347,0.372209258,-0.208287615
34880,12,265.5415561,1,1,25019,0.1,-0.012198201
34900,103,8792.885205,1,6,6055,0.257180153,0.189155083
34940,120,2306.76643,1,3,12021,0.291281353,0.215447942
34980,442,103299.2285,12,15,"47187, 47147, 47165, 47149, 47189, 47037, 47021, 47111, 47159, 47043, 47015, 47119",0.323058007,0.270875238
35020,9,243.064075,2,2,"22029, 28001",0.327128449,0.222897478
35060,8,37.458452,1,1,22069,0.4,1.346054823
35100,24,3657.458574,2,4,"37049, 37103",0.251922013,0.190977139
35140,15,303.649822,1,1,45071,0.485579058,1.227877216
35220,11,1215.090491,1,3,18065,0.2,0.478978482
35340,11,176.8872606,1,2,22045,0.301846748,0.193280842
35380,377,6657.175793,7,5,"22089, 22051, 22087, 22095, 22071, 22093, 22075",0.313934237,0.521927348
35420,22,341.3513915,1,3,39157,0.209257971,0.240526901
35440,73,2102.796067,1,4,41041,0.235806935,0.35266634
35460,6,32.59630359,1,1,47029,0.3,0.1908831
35580,29,1085.667425,1,2,27015,0.2,0.848122526
35620,6081,486663.459,22,22,"34019, 36119, 34025, 34023, 34037, 36087, 36059, 34003, 36103, 34029, 34017, 34035, 34031, 34027, 36079, 34013, 34039, 36081, 36005, 36047, 36061, 36085",0.236718548,0.141911519
35660,134,4568.677579,1,5,26021,0.200804825,0.390362823
35700,12,158.2670375,1,1,4023,0.2,0.180412084
35740,9,318.1590913,2,1,"31119, 31167",0.237114561,-0.098296292
35820,13,521.1004389,1,2,31111,0.2,1.224271246
35840,379,31158.07879,2,2,"12081, 12115",0.283452502,0.374656522
35900,11,329.3138604,1,1,37193,0.3,0.153323345
35940,19,540.9363616,1,3,39077,0.2,0.41611922
36020,85,5768.220871,1,9,53029,0.303597709,0.603905547
36100,69,15075.68858,1,3,12083,0.310353981,0.239479572
36180,30,478.2577839,1,2,24047,0.2,0.313877453
36220,40,595.3630867,1,1,48135,0.200984258,0.18067633
36260,244,2627.90863,3,2,"49011, 49057, 49029",0.204865459,-0.038871746
36340,168,51006.70949,1,4,42121,0.2,0.095148045
36380,7,166.4077377,1,1,12093,0.343152768,-0.074578983
36420,501,24847.84233,7,11,"40109, 40027, 40017, 40087, 40083, 40081, 40051",0.298579618,0.286033096
36460,29,313.9158746,1,3,36009,0.159713514,0.428305491
36500,135,8409.030847,1,5,53067,0.379615337,0.654687759
36540,487,17485.45813,8,7,"31153, 31055, 19155, 19129, 19085, 31155, 31177, 31025",0.23260694,0.268575744
36580,7,234.1004824,1,2,36077,0.165936298,0.133247954
36620,16,184.6354525,2,2,"41045, 16075",0.2,-0.497587025
36660,21,208.2660913,1,4,22097,0.3,0.198681268
36700,8,208.4280962,1,1,45075,0.4,-0.180950193
36740,791,34252.1445,4,8,"12095, 12117, 12097, 12069",0.340477627,0.221148446
36780,101,1929.637782,1,5,55139,0.251804763,0.788095049
36820,7,136.8973901,1,1,19123,0.2,0.046936128
36830,14,2337.224802,1,4,53001,0.201130839,0.883611956
36837,85,5530.406405,2,8,"17099, 17011",0.2,0.307508728
36840,7,122.6344954,1,1,20059,0.3,-0.427179536
36900,16,562.5849413,1,1,19179,0.212790206,0.298409396
36940,18,428.4506251,1,1,27147,0.2,-0.826223733
36980,22,566.4379748,1,1,21059,0.344879528,1.191986644
37020,31,293.7178766,1,3,26155,0.2,0.257696646
37060,9,180.9532932,2,2,"28161, 28071",0.4,-0.10899107
37100,379,1819140.038,1,8,6111,0.255951372,0.022328985
37120,11,463.901918,1,2,1045,0.4,-0.045907612
37140,34,661.4120879,2,2,"17127, 21145",0.3,1.861030272
37220,5,5606440.089,1,2,32023,0.085,-1.761164564
37260,54,1299.302222,1,3,12107,0.321805343,0.25863608
37300,17,1144.14678,1,1,48001,0.3,-0.032688166
37340,167,6533.480324,1,3,12009,0.216635774,0.14595207
37420,24,1704.705027,1,1,48179,0.2,0.212852241
37460,75,4297.205336,2,3,"12005, 12133",0.379490919,0.432045806
37500,8,168.6343084,1,1,5055,0.3,-0.000885387
37540,6,121.1066205,1,1,47079,0.3,0.547317295
37580,25,3312.309264,2,2,"48387, 48277",0.3,0.07777091
37620,18,1131.476502,1,2,54107,0.300977109,0.399586642
37740,20,1108.954019,1,5,4007,0.151977832,0.516304264
37800,18,355.3729071,1,2,19125,0.2,0.183105783
37860,229,4911.49955,2,3,"12113, 12033",0.361079489,0.175310832
37900,191,14346.28133,3,6,"17143, 17179, 17203",0.203003149,0.119367705
37940,7,64.46342873,1,2,18103,0.2,0.39185402
37950,23,483.8251147,1,1,26047,0.1,0.222586742
37980,3613,317246.9417,11,18,"10003, 34007, 34005, 24015, 34015, 34033, 42101, 42045, 42017, 42091, 42029",0.275661828,0.05196913
38060,1161,3837435.036,2,12,"04013, 04021",0.240054196,0.105837231
38100,11,169.1338651,1,1,28109,0.391659636,0.344223081
38180,16,874.8593326,2,1,"46117, 46065",0.1,-0.720461079
38210,10,2022.068786,2,2,"21195, 21071",0.3,0.181522559
38220,12,847.9791439,1,1,5069,0.4,0.615179484
38240,25,588.7465657,1,2,37125,0.318985083,0.047988566
38260,9,547.5305029,1,2,20037,0.25,0.067662686
38300,2271,264164.2449,8,28,"42003, 42007, 42019, 42073, 42125, 42129, 42051, 42005",0.232810019,0.230968683
38340,152,42046.72078,1,4,25003,0.2,-0.167192374
38380,27,540.2163843,2,3,"48189, 48153",0.2,-0.224378395
38420,29,441.7769829,1,3,55043,0.2,-0.001319347
38460,30,740.2784894,1,1,36019,0.186913342,0.071847437
38500,13,226.4670764,1,3,18099,0.2,0.557275161
38540,48,413.6609789,1,1,16005,0.148104963,0.767302976
38620,24,353.6906883,1,3,40071,0.266666667,0.588720039
38660,53,274.8695148,6,4,"72113, 72153, 72111, 72149, 72059, 72075",0.191321312,0.464920082
38700,18,216.371029,1,4,17105,0.2,0.647530248
38740,10,141.0700301,1,1,29023,0.31220518,-0.074815408
38820,55,12526.71537,1,5,53009,0.251340166,0.211850288
38860,286,8747.842498,3,7,"23031, 23005, 23023",0.200776762,0.008258374
38900,1717,2421076.865,7,17,"41067, 53011, 41005, 41051, 41071, 41009, 53059",0.332476381,0.628890564
38920,17,1022.33702,1,2,48057,0.2,0.181263745
38940,208,34225.04128,2,4,"12085, 12111",0.266872388,0.149377179
39020,10,159.3453355,1,2,39145,0.303479203,-0.116426128
39040,72,905059.7879,1,6,53031,0.293838257,0.35979584
39060,227,53567.34043,1,11,42107,0.208151075,0.396204857
39150,89,1261368.47,1,6,4025,0.181127967,-0.543673641
39220,20,6878.597067,1,1,49007,0.1,-1.088718811
39300,1832,66760.55537,6,6,"25005, 44007, 44003, 44009, 44005, 44001",0.205755533,0.076621657
39340,391,3638.097149,2,6,"49049, 49023",0.176129694,-0.181100571
39380,108,14347.46625,1,1,8101,0.141892271,-0.571771312
39420,59,3441.169772,1,7,53075,0.206715527,0.23310732
39460,100,4838.062252,1,4,12015,0.291726251,0.517048323
39500,21,622.2626164,1,1,17001,0.2,0.413015969
39540,154,2707.965133,1,4,55101,0.201122765,0.21784509
39580,532,43589.79804,3,10,"37101, 37183, 37069",0.342047978,0.218261778
39660,58,8174.957238,2,3,"46103, 46093",0.183430033,0.290141333
39700,7,37.82068354,1,1,48489,0.2,0.034200509
39740,453,55285.82248,1,10,42011,0.256158471,0.238281105
39780,20,2130160.322,1,4,6103,0.345585068,-0.092718491
39820,79,44298.66194,1,3,6089,0.32685984,0.515435162
39860,57,1239.38475,1,5,27049,0.2,0.581516667
39900,328,26858.31301,2,6,"32019, 32031",0.202329148,-0.769439611
39940,20,94.90054789,2,2,"16043, 16065",0.145968509,0.08737178
39960,27,266.9680814,1,3,55005,0.2,1.041422958
39980,18,510.380114,1,2,18177,0.2,0.185455526
40060,352,12123.10408,10,2,"51085, 51041, 51087, 51570, 51670, 51760, 51730, 51053, 51149, 51101",0.349918945,-0.032486707
40080,13,340.5186311,3,4,"21065, 21203, 21151",0.3,0.54047179
40090,122,2298656.499,2,9,"08045, 08097",0.138051568,0.028084167
40100,11,400.635521,1,1,48427,0.2,0.038282748
40140,1048,1878215.292,2,20,"06071, 06065",0.215335063,-0.350220043
40180,11,100.0979719,1,2,56013,0.1,-0.832866597
40220,125,25505.95624,5,2,"51023, 51161, 51770, 51775, 51067",0.295698915,0.034633309
40260,12,362.674972,2,2,"37083, 37131",0.314328201,-0.000423204
40300,37,1154.429919,1,5,17141,0.2,0.228581323
40340,141,1900.010174,4,9,"27109, 27039, 27157, 27045",0.213588531,0.142045202
40380,403,35894.02437,5,17,"36055, 36069, 36117, 36051, 36073",0.185059512,0.026207596
40420,134,9540.987577,2,2,"17007, 17201",0.200225289,0.485559528
40460,9,289.3432332,1,1,37153,0.4,0.259363567
40540,54,921.5285063,1,2,56037,0.2,-0.829974352
40580,57,782.4511866,2,3,"37065, 37127",0.313662715,0.182260537
40620,36,579.0990432,1,2,29161,0.3,0.748805721
40660,23,15107.54276,1,1,13115,0.406763268,0.273855845
40700,50,987372.7495,1,5,41019,0.319630074,0.682848938
40740,35,378.7649223,1,1,35005,0.215726634,-0.319070202
40760,8,144.7135671,1,1,35027,0.1,-1.079928782
40770,6,154.8351707,1,1,1059,0.356113679,0.001383402
40780,14,1161000.414,2,1,"05149, 05115",0.424893186,-0.030241177
40820,12,375.3218375,1,1,22061,0.4,0.086367637
40860,14,659.1791733,1,2,50021,0.187537806,0.107054561
40900,998,236683.3506,4,15,"06067, 06017, 06061, 06113",0.292572955,0.480570863
40940,13,906.5289216,1,1,4009,0.2,-0.076984916
40980,78,1477.092972,1,3,26145,0.212537761,0.060776489
41060,162,12519.61961,2,5,"27145, 27009",0.206542479,0.502569643
41100,78,77299.04001,1,2,49053,0.175248875,0.069646134
41140,57,1233.581047,3,2,"29003, 20043, 29021",0.22819636,-0.02244159
41180,1354,78780.67265,14,30,"29189, 29099, 17163, 17119, 17133, 29183, 29510, 17117, 17005, 17083, 17027, 29071, 29113, 29219",0.264890306,0.433317199
41260,111,652655.8149,1,7,42047,0.2,0.506505771
41400,17,427.5450836,1,6,39029,0.207436245,0.543999349
41420,206,3327.913253,2,9,"41047, 41053",0.360294371,0.407447931
41460,23,551.1675919,1,1,20169,0.204068273,-1.256859138
41500,286,34495.65222,1,8,6053,0.19370608,-0.111507938
41540,17,61909.54741,2,3,"24039, 24045",0.215705799,0.34922349
41620,613,10869.05833,2,7,"49035, 49045",0.278816014,-0.789275241
41660,70,30139.88312,1,1,48451,0.214288179,0.350132861
41700,699,80175.81478,7,16,"48029, 48187, 48259, 48091, 48325, 48493, 48013",0.202910436,0.036861888
41740,1119,548909.4649,1,5,6073,0.275573475,1.320577617
41760,15,99.26677471,1,2,16017,0.382198989,0.95318414
41780,77,3838.835411,2,6,"39043, 39123",0.208670811,0.523204959
41820,16,418.7363942,1,1,37105,0.412716007,0.523591929
41860,2132,239835.7473,5,9,"06013, 06001, 06081, 06041, 06075",0.226842395,0.413223198
41940,712,83045.57787,2,3,"06085, 06069",0.218702937,-0.205539598
41980,643,3877.606705,40,7,"72127, 72025, 72137, 72033, 72029, 72061, 72063, 72095, 72143, 72053, 72021, 72135, 72091, 72047, 72054, 72031, 72107, 72129, 72139, 72051, 72087, 72009, 72069, 72119, 72077, 72085, 72007, 72017, 72103, 72101, 72019, 72035, 72037, 72089, 72151, 72041, 72039, 72145, 72045, 72105",0.142223347,0.235002438
42020,156,20699.01703,1,6,6079,0.178290282,0.50660043
42100,198,28070.83146,1,2,6087,0.276558236,0.233000613
42140,83,1551489.678,1,4,35049,0.11497716,0.203135756
42200,226,6971.254589,1,5,6083,0.197362753,0.354422105
42220,315,16483.86446,1,6,6097,0.253349233,0.294068073
42300,21,442.4824568,1,1,26033,0.128753304,-0.028510682
42340,129,47165.03081,3,4,"13051, 13029, 13103",0.367674917,0.21656673
42380,129,60466.87334,1,5,42015,0.2,0.040592879
42420,31,3562.314015,1,1,31157,0.2,0.025932189
42460,11,16421.10628,1,2,1071,0.378144942,0.105006709
42540,666,194151.3825,3,8,"42079, 42069, 42131",0.201708656,0.483729878
42580,90,17878.81485,1,10,10005,0.20471174,0.429514048
42620,17,229.5578848,1,3,5145,0.356422469,-0.065089939
42660,3304,2146386.193,3,15,"53053, 53033, 53061",0.332795041,0.486594313
42680,104,25783.6125,1,2,12061,0.203504127,0.326382549
42700,55,12296.53699,1,3,12055,0.300143804,0.782961775
42740,10,372.7904097,1,2,29159,0.249228133,0.245621402
42780,70,23722.41861,1,5,42109,0.204458577,0.840876981
42820,13,411.5872819,1,1,1047,0.430633283,0.278846773
42860,9,119.7026016,1,1,45073,0.391378591,0.438233756
42900,12,489.017852,1,1,36099,0.205781882,0.156057513
42940,4,97.79599936,1,2,47155,0.379354625,0.378256062
42980,8,105.9900126,1,2,18071,0.25,0.801307007
43020,23,1620.993743,1,2,55115,0.185963853,0.638536849
43060,32,208.14788,1,1,40125,0.288589769,0.27675244
43100,80,1139.787124,1,3,55117,0.205247489,0.373317073
43140,16,425.989153,1,4,37045,0.355710441,0.129478821
43180,6,129.0329482,1,1,47003,0.3,-0.02860848
43220,61,663165.5873,1,4,53045,0.343561503,0.650432399
43260,17,400.9737862,1,1,56033,0.11044727,-0.400999095
43300,62,1325.188674,1,3,48181,0.299302708,0.260485332
43320,44,2027426.5,1,7,4017,0.128564972,-0.362940712
43340,62,1392.926459,3,4,"22015, 22017, 22031",0.41223129,0.010364337
43380,27,2042.481949,1,3,39149,0.2,0.190780868
43420,51,1652399.475,1,5,4003,0.161783997,-0.479017627
43460,25,290.3861026,2,5,"29201, 29133",0.3,0.587559387
43500,19,447.8138836,1,2,35017,0.1,0.073376634
43580,70,2414.367421,3,1,"31043, 46127, 19193",0.2,-0.128043118
43620,138,3789.371501,3,7,"46099, 46083, 27133",0.197259029,0.442696031
43640,34,2006.850552,1,2,22103,0.329092012,0.044164007
43660,4,197.2426292,1,1,48415,0.2,-0.118303812
43700,6,90.97969859,1,1,21199,0.3,0.066471797
43740,161,78591.76694,1,9,42111,0.207543351,0.216577641
43760,16,1053.23113,1,1,6109,0.274333377,0.065490258
43780,122,2554.096619,2,4,"26027, 18141",0.201006031,0.410505128
43890,20,593.9676051,1,2,55081,0.2,0.948866077
43900,58,7888.170104,2,6,"45083, 45087",0.376679637,0.07932762
43940,20,1037.456899,1,2,46081,0.1,-0.544154571
43980,14,386.4093034,1,1,19041,0.2,0.009058321
44020,32,1193.866843,1,1,19059,0.2,0.71239667
44060,291,116702.0952,2,9,"53063, 53065",0.304483591,0.476558785
44100,69,2798.03651,2,5,"17167, 17129",0.223603541,0.097067607
44140,361,18073.28292,1,2,25013,0.21451354,0.077650195
44180,132,4778.746403,5,6,"29077, 29043, 29225, 29059, 29167",0.302801924,0.103612803
44220,43,7356.266354,1,3,39023,0.235375318,0.543362571
44260,12,186.00807,1,1,28105,0.424539112,0.184832895
44300,239,266017.1771,1,9,42027,0.2,0.41511825
44340,17,228.8226078,2,2,"13109, 13031",0.4,0.181984218
44420,23,1666163.215,3,4,"51015, 51790, 51820",0.243468368,0.178663073
44460,40,2895010.808,2,2,"08081, 08107",0.098723833,-0.553355568
44500,9,200.1719961,1,2,48143,0.2,-0.174628641
44540,18,390.9586838,1,1,8075,0.188056025,-1.169619622
44580,40,461.3513621,1,3,17195,0.21238546,0.426183609
44620,66,1716.764107,1,3,55097,0.2,0.545514693
44660,24,654.3250223,1,2,40119,0.3,0.164265956
44700,321,3162.972237,1,8,6077,0.307351285,-0.045582183
44740,4,17.99349577,1,1,19021,0.191956952,-0.097308266
44780,34,182.1401518,1,3,26149,0.2,0.212662334
44860,6,891.090453,1,1,48223,0.3,0.927212427
44900,6,60.66630812,1,1,13055,0.4,0.041612478
44940,19,5260.052641,1,1,45085,0.410769857,0.122910844
44980,97,23077.19865,2,8,"42097, 42093",0.206689877,0.321758749
45000,7,1156402.222,1,1,6035,0.2,0.620909811
45020,6,1078.273299,1,1,48353,0.2,-0.196314488
45060,191,4649.579307,3,8,"36067, 36075, 36053",0.168627326,0.157587806
45140,6,73.25760394,1,1,40021,0.3,0.218451899
45180,12,158.2116018,1,2,1121,0.450694177,0.200432369
45220,138,136098.1077,3,6,"12039, 12073, 12129",0.413156814,0.254890995
45300,991,151754.4763,4,5,"12057, 12103, 12101, 12053",0.301502523,0.053573459
45340,4,41.34902598,1,1,35055,0.1,1.439056183
45380,7,168.8727796,1,2,17021,0.2,1.006558015
45460,43,2293.40444,4,3,"18165, 18153, 18021, 18167",0.218596059,0.157018996
45500,38,81860.96089,3,5,"48037, 05081, 05091",0.400300787,0.114458007
45520,15,854.7227082,1,1,41065,0.2,0.391922992
45580,5,97.19679477,1,1,13293,0.488521749,0.120933717
45620,19,314.4635011,2,2,"13131, 13275",0.4,-0.121309305
45660,22,374.6665465,1,2,39147,0.2,0.204974197
45700,14,176.8808791,2,2,"13287, 13277",0.4,-0.068212334
45740,5,17229.9736,1,2,13257,0.325413597,0.268844746
45780,284,7075.15429,3,7,"39095, 39173, 39051",0.201065168,0.149624149
45820,110,2688.897811,4,3,"20087, 20177, 20085, 20139",0.266274621,0.167759838
45880,9,211.2072567,1,2,48389,0.25,-0.270563592
45900,35,1011.974833,3,2,"26079, 26055, 26089",0.140919711,0.284816176
45940,148,16593.95832,1,4,34021,0.294721352,0.089788478
45980,6,131.26299,1,1,1109,0.404099601,-0.242344338
46020,41,847392.9081,1,5,6057,0.260010418,0.652433974
46060,318,147226.3229,1,7,4019,0.195599728,-0.487279121
46100,14,992.703457,2,2,"47031, 47127",0.3,0.271511835
46140,414,15836.64048,7,13,"40143, 40145, 40131, 40037, 40113, 40111, 40117",0.301937759,0.468977726
46180,23,502.3453042,3,4,"28057, 28117, 28081",0.401542932,0.181062539
46220,32,1291.505824,2,2,"01125, 01065",0.5,0.496424469
46300,46,955.4214458,2,4,"16053, 16083",0.143291323,0.075484079
46340,44,2646.322535,1,3,48423,0.330220391,0.102586589
46380,29,52582.2843,1,3,6045,0.233333333,0.474080182
46460,7,105.1170367,1,2,47131,0.3,0.279674678
46500,4,268.6552874,1,1,39021,0.2,0.297619126
46520,512,62940.81383,1,5,15003,0.110807453,2.165020135
46540,124,6655.737012,2,6,"36065, 36043",0.1854172,0.056767182
46580,6,12.30511818,1,3,72141,0.145603206,0.195350428
46620,40,27338.04207,1,2,48463,0.2,-0.283921729
46660,40,3208.770969,3,4,"13173, 13185, 13027",0.416776733,-0.09180732
46700,176,6952.483181,1,5,6095,0.294823613,-0.088294345
46780,9,137.33903,1,2,39161,0.2,0.256421967
46820,10,93.20432832,1,1,46027,0.2,-0.694035526
46860,12,30909.33705,1,1,49047,0.1,-0.358573225
46900,6,65.16292302,1,1,48487,0.2,-0.180941804
46980,7,1921.419029,1,1,28149,0.4,0.220217006
47020,22,868.2108365,1,1,48469,0.288112368,0.062720656
47080,4,66.18865163,1,1,13279,0.4,-0.417312813
47180,13,165.8178945,1,2,18083,0.217708049,0.360937329
47220,43,6090.368856,1,3,34011,0.242414542,0.065084138
47240,58,6820.715117,1,1,25007,0.118237236,-0.193976543
47260,897,182047.3748,15,9,"51700, 51550, 37029, 51073, 51650, 51710, 51740, 51800, 51810, 51095, 51199, 51093, 37053, 51830, 37073",0.280687567,0.229142228
47300,116,2987048.417,1,11,6107,0.30952627,0.483418753
47340,9,136.877827,1,2,18169,0.2,0.85644506
47380,93,63238.12928,3,6,"48309, 48145, 48035",0.231551354,0.207434586
47420,17,188.0113671,2,1,"27167, 38077",0.196806718,0.389614888
47460,32,5204.162361,1,3,53071,0.219357175,0.180520865
47540,22,251.1174853,1,4,39011,0.205966421,0.393053668
47580,18,381.3478842,2,2,"13225, 13153",0.414666193,0.486069445
47620,145,50316.06701,1,5,42123,0.2,0.234025127
47660,14,4112.247899,1,2,29101,0.2,0.370243848
47700,25,273.5835614,1,3,18085,0.2,0.540760457
47780,4,98.317241,1,1,18027,0.29477654,0.857596649
47820,11,1731.86735,1,2,37013,0.3,0.332705367
47900,3107,179522.5137,21,19,"24031, 24033, 51510, 51059, 51179, 51107, 51013, 51153, 51600, 51610, 51683, 51061, 11001, 24021, 51630, 51177, 24017, 51043, 54037, 51187, 51047",0.29818393,0.213589625
47920,3,66.45100104,1,1,39047,0.2,1.103762821
47940,116,3465.218499,2,2,"19013, 19017",0.2,0.338861631
47980,27,621.5689123,1,1,46029,0.141653872,5.377347436
48020,63,24379.76317,1,10,55055,0.200305505,0.716595649
48060,69,1768.362365,1,2,36045,0.1333267,0.087535865
48140,92,3105.602112,1,4,55073,0.187895945,0.210644957
48180,9,252.5269441,2,2,"13229, 13299",0.4,0.179566633
48200,8,71981.84694,1,3,37087,0.262627999,0.051554687
48220,21,514.8687355,2,3,"40149, 40039",0.2,-0.284978208
48260,40,222.2000368,3,3,"54029, 39081, 54009",0.256749949,0.355482924
48300,123,4139445.502,2,8,"53017, 53007",0.2,0.397413949
48460,15,218.2210308,1,1,29091,0.3,-0.174150977
48540,55,451.5004359,3,2,"39013, 54051, 54069",0.247769694,0.684566447
48580,92,1572.438658,1,8,55127,0.2,0.59577206
48620,276,10427.74664,4,7,"20015, 20173, 20079, 20191",0.313955823,0.705101225
48660,68,2118.343096,3,5,"48485, 48009, 48077",0.231687451,0.274595368
48680,15,165897.1514,1,5,12119,0.309271296,0.575959558
48700,167,280583.7329,1,6,42081,0.200326792,0.216664378
48780,13,228.4817638,1,1,38105,0.2,-0.305728167
48820,44,556.856964,1,2,27067,0.201993448,0.145939547
48900,125,73451.18642,3,6,"37019, 37129, 37141",0.3076604,0.534222578
48940,7,100.9721492,1,3,39027,0.2,0.152110613
48980,24,312.6042616,1,2,37195,0.3,0.39813249
49010,8,1317.045041,1,1,47051,0.374124601,0.120743766
49020,22,1094.679272,2,1,"51069, 51840",0.3,-0.053881565
49080,6,39.15382651,1,1,32013,0.1,-0.784325578
49100,43,1109.136238,1,2,27169,0.2,1.005190148
49180,173,6431.119815,5,10,"37057, 37067, 37169, 37059, 37197",0.337761148,0.180053276
49220,52,1391.341862,1,2,55141,0.23071936,0.563733539
49260,6,153.4998526,1,1,40153,0.2,-0.071844287
49300,37,616.4555195,1,5,39169,0.203216659,-0.199525849
49340,647,52331.85294,1,8,25027,0.206128427,0.068372735
49380,26,757.5214937,1,1,27105,0.2,1.349132153
49420,125,60242.5744,1,9,53077,0.22014585,0.053890735
49460,12,152.6436331,1,1,46135,0.2,0.025021434
49620,290,22704.61787,1,10,42133,0.261130571,0.19441608
49660,93,5621.076757,2,2,"39099, 39155",0.203078543,0.065808562
49700,61,888.2077096,2,4,"06115, 06101",0.390777234,-2.361279018
49740,57,434.5398773,1,3,4027,0.286833602,-0.973194834
49780,20,15833.81008,1,2,39119,0.249417445,-0.201613521
49820,11,217.1475004,1,1,48505,0.2,0.613604687