cbsacode,noise4050n,noise5060n,noise6070n,noise7080n,noise8090n,noise90n
10180.0,20427.45646984031,12576.282386351197,4254.579887291776,1042.4503959323852,104.01830316735537,20.92269875805218
10220.0,3446.33659840773,1928.4698747676416,451.1504395119384,97.75110373687012,3.7079252835175187,0.09160212869247389
10420.0,64850.53641047516,56107.796737312165,14168.445222691566,4957.275593191738,484.43052854752824,53.1143899450831
10500.0,1055.8606529651352,1282.6988699460385,366.0361413809053,81.0700044552011,1.586597790464297,0.2243690629787449
10620.0,1061.5886311034028,1351.95865330072,519.6071898813619,31.2110271758807,1.3849006378344229,0.9704444062988394
10860.0,8160.394661250144,4593.479354944477,570.0010539402564,156.16461249342538,4.686034583844187,5.671108616167684
11100.0,61102.9412023019,57211.26726399317,9104.556105636779,3122.958311896679,278.77654204386783,83.38638041958559
11140.0,1893.2343148491996,1368.5636696565089,307.85324365390886,15.577910399293044,1.2435145668607346,0.5903333530351711
11180.0,17290.063637178526,13310.99100890729,3506.0200894012605,903.8080340016734,127.6611823790363,13.759630104268421
11420.0,1006.0629774958885,1181.6212941306117,355.49307251213673,120.59503040777479,9.811254408719815,0.071001183081098
11460.0,39755.19407390066,37596.71698934902,10237.49807749476,2057.8511431110664,370.76114486717296,10.5620024196427
11700.0,223.0936113997691,261.42551837625126,103.87918965078677,33.75879378079836,0.48432261554605927,0.0231484790963756
11940.0,2024.9045115562699,1941.4545501816658,660.9298171012549,126.83801709441632,17.173038793260286,0.32740543529271526
11980.0,2381.9003264027015,1933.3166379903228,490.1678928380751,106.49857570246755,3.800674221459448,0.7011288821877881
12020.0,1535.2187419214556,1853.8380284375683,656.7120855619254,75.75634630217122,3.0308690340793443,2.9460826740000927
12060.0,327625.4553818124,265383.82878060645,71862.8889552119,16533.553185871653,4626.848337928249,150.7369666689166
12260.0,13491.475202103773,13734.123770854903,3846.567862755967,897.8696606307115,18.083720558280426,2.0128601766878007
12420.0,213815.65999399076,175391.46239016112,49473.5696467429,17645.55947501835,4403.615579529987,181.68114069069503
12580.0,120132.21349260969,113270.23573260891,19061.56022703371,3468.7101524041354,376.188393861988,74.7919085191018
12660.0,1787.4631819224114,1499.0720975213087,386.66043238828735,55.2976080529215,8.453100590119845,0.015599801766301302
12780.0,1052.1916701908647,1441.8952845591302,485.86113099229175,40.06112961943225,0.0,0.0
12940.0,5418.427759186948,1738.7674408319779,552.2663870289455,142.32214066803886,13.278955632347794,1.3521066732407447
13060.0,6431.362470374716,4273.4443561668995,530.3932281362967,87.60143135861853,7.1853263572967565,12.431897757619845
13140.0,60342.99089167258,36398.27976125255,10328.232914812372,2531.545398114617,423.90755522370546,32.61867325515441
13660.0,837.4524790140499,1271.7485506485946,271.8056392604487,45.93437497920518,0.0176397978203279,0.0
13700.0,5377.936236552968,2771.232341920969,876.4694122139625,233.3904534529529,34.653697509265044,7.046739372901335
13740.0,45607.9548011846,26800.882607674987,4729.498612673747,463.7598308392802,42.65787518843107,5.242483157314925
13780.0,2582.337806190648,1958.3746087533991,575.1629843421149,188.16661387287036,16.34050249636753,2.011718869312888
13980.0,14009.685091191328,9578.428263147065,2907.7539132572906,898.4277286561925,108.08169280746297,8.147684860201137
14010.0,19503.63929334139,17738.26292401246,4499.215953605776,827.000481027693,273.7471967351987,11.43188773825096
14020.0,8913.65195641759,9641.073262497626,3037.999322109119,566.2746995254739,25.074850596122964,2.8561858478368225
14140.0,1697.6086005407838,1371.4812254936435,427.9964809126752,58.70143520449266,3.2261417160261794,2.1631280131415176
14220.0,449.9820076153641,802.9536394588952,127.42917236019574,0.690612135038276,0.9573330956467655,0.2954575971543606
14300.0,573.3925853414831,683.2114857435491,133.47046792511208,20.968878778778063,0.540049206885988,0.13523382688527
14380.0,1034.1992689520143,1396.3197679463829,652.9418642848028,38.02575188461817,0.0,0.0
14420.0,760.0756332589087,634.5652147224347,77.44173540054803,16.38430906303265,0.775191007537218,0.0120939744021031
14540.0,14694.743800051705,9411.372383442265,4392.4521406852045,766.2250015675946,121.83187555972944,1.7096186911484599
14700.0,1482.0467270765907,1494.9898204665035,436.0686945158337,166.82892133805623,4.747241164894156,2.3208613867101175
14780.0,4069.856250674568,2640.3070684912773,654.9828098823257,216.55203282215336,19.096593628012815,2.585338569276384
14820.0,470.783246939016,672.0688357929935,239.53711603830416,6.28066037906829,0.0,0.0
15260.0,7396.382345548722,6667.859638248435,1460.832157756838,326.2858864528485,22.621163926949063,0.7947153556798497
15620.0,1286.5789303425252,1383.8797350337218,310.2945731150786,52.59953834494566,1.0214068713637179,0.4629726355055876
15660.0,4436.227267067153,3047.009854253683,790.0564538104652,140.52219073153245,39.280179868859285,1.67958341772243
15820.0,557.7796320319775,838.7998517361344,373.5704587177916,5.9654095565328,0.0,0.0
15940.0,60222.55089299756,38362.98036968687,7178.7068912202285,1542.6035400181822,77.0171443194602,21.198644947816284
16180.0,18208.045489402935,12702.340478350523,3467.062496774949,932.5556568119983,130.706969015629,6.6634925380517
16300.0,25491.181231727427,19693.72669502881,5866.742112892862,1957.7860507435703,157.76481332760665,29.354365753070628
16340.0,4157.606930584187,2663.636333985837,466.19533927116106,74.8041558700623,9.801039418007337,7.405330886919664
16380.0,813.9860658125873,874.4734822162677,77.60521664924677,9.097760583759145,1.8225733794025962,0.12425513934079409
16460.0,6110.3870600179125,3914.4760605221395,936.723725556742,189.80591660485143,26.70842829606876,2.109079053031059
16580.0,1736.567439602278,1405.5587406446539,248.5758742533773,67.8213766307145,5.147378676704758,0.678267679001284
16740.0,156265.8851222645,133549.3694225485,40962.25409633494,9380.696312819124,1379.293948781576,20.26133460889245
16820.0,19007.268256172883,10267.96923431941,2072.4767383419403,286.8711547677256,38.297366272634214,5.8580980913914065
16860.0,2320.141962247247,2607.617554982916,700.0772305422176,69.93070156602383,18.08792079337079,1.3404671637568026
16980.0,171214.03137347684,126163.4996606016,32741.095093175983,5663.725468463416,930.8918587195992,84.78496326948633
17060.0,5548.396294616425,3675.49122277767,762.402958641352,273.19046396539846,13.485816611030828,4.176193697581147
17140.0,63438.789428450254,40647.809109600865,11309.295788465082,2803.3922161050095,718.1338988370433,18.71147645425241
17300.0,6582.779402124442,8416.204411746057,3434.1600258432145,819.5360144421708,104.4842706428395,1.9489273620216645
17410.0,6509.3506659,7866.940368262423,1620.6825040211297,587.9604062959288,47.321519930804634,0.7926661222331215
17420.0,179.96420526326463,172.6766071816706,87.92728336534633,5.220801411789745,0.43638074179781,0.10660170407515521
17780.0,1478.6043690196152,1050.1729961347949,201.22075648181516,59.82474437035832,6.266274892479524,1.1103165529946892
17980.0,20302.786529126257,16865.233306340713,3582.7657696701176,1243.6854042006544,33.78901984703387,2.8914681955180774
18060.0,691.2315622737536,475.4999991511446,98.5401102650294,20.42987333251397,0.8727316574854079,2.393254207256149
18100.0,8885.410276802984,8421.126028186776,1053.984525316172,190.37089678287688,29.593998848243437,2.3039117593531637
18140.0,9243.128380227312,8050.932891781591,1598.385961166029,479.131308807034,45.656749094236524,7.318668048055879
18260.0,3173.0880468716,4064.5813458366583,1330.6575614994206,327.02751414919265,31.496485122474677,0.238805397386871
18340.0,4742.7219803694825,4782.292376949277,1989.210691517078,619.1243879668953,60.25564111835761,1.0787532702219702
18460.0,1312.9105547525294,1360.573354152294,385.89464491482715,36.886604949356894,2.357468890773941,0.8618007035563491
18500.0,5436.340501508447,4219.556028932007,1149.2900732077,600.4197890268362,19.442625713613648,0.8138439834300205
18580.0,38751.54647473311,32861.04364827418,13236.03703559489,3032.1499968008366,244.934448848435,6.639913725852574
18620.0,8274.913699291286,4453.992620262614,914.0144883650504,182.26193079355014,23.311403302737375,3.1536212846918734
18820.0,2065.4785931961974,1848.982314854786,567.3916105523887,130.46301245160498,4.358867910430339,0.2426314582043426
18880.0,1010.1352929567155,1145.2150994272613,502.1871774872438,203.21392948579208,0.2544749250334936,0.0015588274386852
19100.0,1227639.9175472525,1003998.9490692713,223852.3836685967,53743.27674202456,16043.015056559776,490.47070527867197
19140.0,17054.28327384642,9431.34282419786,2351.0530030238733,514.6619204753263,206.7504214420222,12.296288398799582
19180.0,15495.80390053929,8029.371740278753,1844.2136092162048,231.18918616663268,42.87003970701396,4.629224306676861
19220.0,851.1563744981365,562.7443565589493,250.10134535309427,25.845744793717518,3.8493101283933333,0.9624345210868867
19260.0,7089.453604559885,4821.692165652331,1262.6629494729796,269.58574841504424,17.634637765303218,2.124232562922753
19340.0,34275.34887205583,27861.03566385514,7663.685436517488,1606.7943983518483,97.29220424331025,24.04209419750515
19430.0,84828.37442189387,60382.384993495405,15296.018973943712,3701.0461632503957,580.3923927733015,32.091490516947246
19500.0,20637.983628068177,12243.715593084564,3162.8269609744616,330.5041987622607,42.563567129217894,60.32770191360549
19620.0,11333.293126846582,10199.030523352048,1612.583865595984,96.22129758779222,14.630286151456124,0.3168137486289865
19660.0,53061.60988214499,45922.037993855236,12208.827632231276,2495.4255996182433,417.60325722795824,14.640822915855479
19780.0,61118.17356160704,51381.427950636666,14660.779147875985,4090.9863024359074,913.5467831225567,16.21750819205901
19820.0,371180.9704221782,324564.56050256296,98072.951497953,18749.48898394712,4522.118072813851,64.61210574981581
19940.0,4864.749991629767,2842.999737189669,633.5486777269252,75.66309388616428,20.007147240516346,2.1377454816641586
20140.0,1466.3984965364161,1507.3013952321767,364.608054206018,36.73955362121492,1.2861018926162102,0.0474222806896436
20260.0,15329.600229570737,13103.99049041696,2419.0243056381187,384.26556148849613,49.620796402502286,5.617486397289054
20300.0,2950.561372445087,1535.9974756941447,395.6264940894599,181.0696487013815,4.969557340400069,0.8112181433650425
20340.0,3774.9412250670625,2540.9457304992807,800.7302306805417,89.0860057929972,10.89863314746442,4.176874368590872
20500.0,5746.489738342107,7364.927904508546,3249.375669527654,607.69171816185,57.603435592004395,1.1346777309982419
20580.0,8569.390055371034,6046.29737920081,1274.3108787385609,139.69183074047027,18.34008096470627,3.2551759310214154
20900.0,2853.6410220593207,1873.9933368713769,403.6287636996807,139.2122430372868,14.496929326547182,0.7042004231219058
21020.0,793.1400160104938,1104.7477510515944,608.6855264669684,67.96703993135266,0.0,0.0
21060.0,172.87779733187767,221.05059812219616,164.3959709873736,18.82471595634662,0.5327178775328915,0.0
21340.0,142037.7425934922,104532.8933449696,29976.04875207506,7139.4638614664655,903.2986584657264,21.80517481485945
21380.0,6709.089820443499,15247.906214863386,1449.0764199022187,470.4772422012602,13.5300357850149,1.0651568916745215
21640.0,16.8532041720062,23.4211716521007,7.51754360877821,0.724419295521132,0.135218715995096,0.0262486934412308
21780.0,28870.656621558395,23531.846821184823,5383.004141218032,1685.431239746111,85.33134001868964,10.132202599602502
22060.0,5434.640207249322,4081.3194547065937,991.369368357406,269.593678078804,63.15660669854323,4.376380566091389
22100.0,1653.9666754812674,1837.9556333269675,496.9688433352499,203.9203389107052,0.8188428899898624,0.0665146824533625
22190.0,373.7418991025437,469.762730181911,219.85818670578803,2.63994725763057,0.0859585076465448,0.0229222687057453
22260.0,3917.3219534967498,2877.525026419711,467.2600384641363,108.54301369599253,9.131693281538407,0.9422114368357656
22580.0,982.4109710148391,1318.2007114077137,501.70334667640424,97.96246430647307,1.210237508954035,0.3462888241479936
22700.0,3123.7920714125735,2179.991031630667,473.93422357012287,109.10693998832686,2.9369950518880885,0.0659890387364801
22780.0,3005.8849747859936,1353.374027154512,304.0287448791805,115.95875010611918,7.3994508185950725,0.0931540371722275
22800.0,6295.073034495889,3967.3375042256703,576.3580668821477,122.64942429965873,8.790894139028186,3.437959841894169
22900.0,11365.960368031645,9197.39156287299,3484.7002939310682,577.3107651773647,18.352101963809908,1.774875797557179
23060.0,7298.7116882181535,4538.493488212885,999.2200410274828,200.62051588554277,8.790482981598878,7.401817710396977
23190.0,1679.5524050725087,1013.3122343610867,345.7839890024116,32.7783416181918,3.016490558898564,2.7173246086588505
23240.0,375.9977921326376,388.5122451849832,115.37400659814993,9.761110125787736,0.0147348364882775,0.0
23300.0,3002.5541441851956,2680.8169204520204,516.8550252617079,63.099195491032134,8.04362309753644,1.6390775693184234
23380.0,9889.978743562142,7013.838033419865,1093.3729561841265,323.4772061833844,28.379652661660987,3.0941061036105832
23580.0,23580.5182914744,15124.640585086463,3438.8624032300468,511.51383515326484,26.446349893128122,4.783715758190257
23980.0,68.5765619735995,101.2215332172793,58.74696948794489,7.82758031405513,0.0,0.0
24020.0,4325.164635150089,4145.793181980164,875.7759125406293,422.07022610598364,3.3154086457427483,5.163244804494782
24140.0,9668.687061513781,4779.427667904347,1608.164319206117,342.4978705966779,5.286898729088,2.985292965165865
24180.0,1231.075332020992,1182.8402728648502,321.9008561317129,55.822191526144586,3.2574912480852696,0.7697830231481502
24220.0,1966.0479630127195,1130.6755331708875,267.3263181340319,18.799341292487355,2.934762584535575,1.2471928350834955
24260.0,2121.367576422836,1401.67748836395,184.8406233948271,53.47638665836469,8.36749912971576,1.770489746618992
24340.0,14317.78596667711,17337.705580317575,4760.816491742432,837.7254567355495,21.825454881508687,3.5210558771629117
24600.0,1660.4520279134351,1401.2913607751075,542.2862679761388,41.78923692455904,5.203785387119357,2.1133789678760557
24660.0,7292.463768421255,7562.2390766639755,2672.0789125083693,624.2642012785024,32.70021441392347,1.372305599280208
24740.0,4208.124266390529,3018.9885586927094,611.3196295287598,38.84655125328419,6.619681160933513,9.570083084471854
24780.0,23363.193973178328,22850.26955412869,5726.26133095698,601.665500962721,18.201691053056987,2.3655979681346486
25060.0,287.2067787623369,310.00208601671136,100.09013760469469,19.991270835887352,0.6689680306805105,1.83730368907764
25100.0,3992.5758991339935,2312.676607499663,599.6075276212007,136.8890515980931,17.196085447775072,2.7668415453422064
25220.0,20890.46050498003,10711.265849265052,2373.582464063497,969.8455087983306,32.11339741620302,3.948981389265981
25300.0,5758.340555520807,2757.7543150872425,613.0636715967156,249.98333513980188,6.283069673385823,2.209727391491388
25500.0,9991.062811253143,10908.816901040835,2853.755601264045,484.1037967219183,55.48783198609411,1.0176641934116826
25580.0,44.08788179469586,39.0662306700561,7.58487500435113,0.6526001141337969,0.0821670182549685,0.022206846027637502
25620.0,177.491712107892,164.3297923242699,32.035998108329395,9.798065699978794,0.110968655361813,0.072008885844158
25770.0,592.4349482219885,757.6841654056184,282.28150263635854,165.5096620276491,0.49627230939691613,0.1597487235146829
25775.0,6846.6817477913555,4773.115527231141,1276.6244229219915,330.5228413336844,10.675494081520812,2.016505945370753
25780.0,1197.3205798005376,1577.6691003431358,665.9420086021553,207.81597535446892,3.924486378724292,0.4920314522565855
25820.0,7163.717115720691,5919.45041185853,491.62125988229957,91.15735926648492,2.39064346107661,0.49856797832907196
25980.0,3587.1942480798625,2841.7582237826446,841.4939917190313,76.84629493501922,13.18754895164278,1.869424603931981
26380.0,5201.799478381799,5704.044503927321,1434.5290478836478,76.4793626288214,17.512175595305756,1.0071225779906074
26420.0,1006292.0340278676,886792.1449346059,177307.72441751344,60039.700680941765,11333.910039785076,371.59095739018903
26580.0,1142.6049798929082,1389.0796763635226,320.3020105807275,24.73022266383186,3.272683589605623,0.1394922361599066
26660.0,2673.6518879248397,3012.298716539461,944.3815972773805,428.3870672664589,55.73368459209554,0.33994811491767296
26740.0,13221.243163240342,8184.454278908629,775.036213001235,87.39038807361142,7.693589760053205,16.288715494152264
26900.0,12907.019963257957,6467.161575236894,1523.8071378822945,332.1308381293538,45.210114089136724,0.8638063324859546
26980.0,17694.085922449704,15262.087512640943,3642.2245065889074,1100.5914763867486,226.37480124016724,1.1833124711119591
27060.0,5592.922062167545,4660.532571089994,906.7051848647616,66.08176473277823,2.297253077959628,2.3657382791122123
27140.0,25480.67883404795,17391.906240331726,3550.060390090084,786.9010813546664,72.21352038839356,6.267889725812162
27180.0,4621.62390810026,5228.40902152245,1509.793810759641,350.82537756088664,73.9075522816312,0.44016334188520134
27260.0,36154.449946633045,9102.271236770086,3183.245380407915,584.0290043690753,56.41811945641523,3.073308374226791
27300.0,7524.605295631999,3901.3062546134756,727.0273397587383,127.26508842669689,17.79312533107426,6.106814754523184
27340.0,5584.8287791699395,7217.865255041217,3441.400686609498,573.7986654462213,19.088462874011523,5.11863229346251
27500.0,14420.449791628347,11993.830905798543,3535.762568201484,762.5629445688351,111.86248810001123,3.891013812962813
27600.0,1742.945018317068,1825.266559706673,605.9330829086626,166.87606734003023,12.467518024107727,0.45155410148908165
27620.0,2210.529631840163,1044.7594783221186,298.37111325056856,37.50273581607339,13.142310296650749,5.339933481887459
27700.0,2829.6454968505163,1752.4451901271004,418.7788185011488,56.428436400567755,6.611663850677785,0.44063672952769745
27740.0,10714.031909577749,8646.607621392855,2207.2030745875804,587.4744754451668,25.696286239463475,4.317309138792571
27900.0,6149.59236816869,4117.638434508015,1258.1440145045392,313.6255060778006,52.254898451357874,4.245893674616097
28140.0,70946.14202245795,47994.681349574406,8682.8934776072,3498.3901968683767,275.57404354997516,61.274221635237296
28340.0,7300.998414508839,5536.649697900175,997.8852468500838,222.41520991695918,40.55236763985521,2.5953645293076186
28500.0,2425.8576045432465,2047.7397443360348,565.5134123548924,57.75850741047711,1.9134240195087533,0.0
28660.0,2773.299229024377,817.5083651269052,206.508846435752,53.70127770053803,3.365104816332115,1.0177727804558168
28700.0,16226.626143198628,13906.106993942438,4299.744169242028,1128.305004545544,101.81581726988885,6.2578807573631385
28740.0,16444.016908002268,12330.262773244225,2619.532064196736,815.3909253297106,45.90248229974908,18.211714071909928
28780.0,3385.6812552147685,2430.2470177895884,438.5066536812065,171.16172553332498,14.89709068682038,0.39950724369475
28820.0,11088.24602268541,14014.769292014027,4158.325950075411,313.6383253945964,34.627197816827355,10.460572082091698
28860.0,47.8773202455221,43.569138466312396,27.314548780396798,0.0035485257463597998,0.0,0.0
28940.0,4653.779708801124,4170.755824480158,1164.331191169926,344.60252233707763,42.638049943212025,1.9331300237820175
29100.0,455.8018480726095,466.6943784950872,157.70257358810125,7.908350427379988,1.95688194522407,0.313271589983977
29180.0,2373.7189240743405,2167.0920057298868,325.0389140244116,17.68563086114177,3.0211497889180317,1.820376087010878
29200.0,45080.82155336087,30545.075855224288,5530.657425656244,859.0367555509304,134.15156241662766,11.374224671739235
29300.0,8974.84918114815,5591.964505582287,1037.2765639654249,249.85817201047576,36.38724823538688,42.295590673660605
29460.0,37977.40195809227,34730.08709933933,10579.48544718944,3782.1143190342286,668.7766912630174,12.058346997932839
29470.0,792.5500106885361,606.3514577633032,263.89169828698334,10.573599500865958,3.190790455959175,2.016608066982097
29700.0,90384.60069074976,94028.70882237102,20167.794529144852,2061.0717765366085,86.88879060992954,17.24156065031407
29900.0,1174.8916924692576,1359.7418176002184,366.4378927582893,60.48586164386664,1.79414272281381,0.8979249694133242
30060.0,1508.1224499891555,1157.182511324098,326.3157421984706,107.60709330235848,6.503465978334233,0.31087174421196406
30180.0,1429.1901068730135,1030.5621640408353,235.92669008400415,57.393071205654564,9.601772214001532,2.3221191129054715
30260.0,1999.5887424470397,2247.224545603694,523.5377981257158,98.32974937774273,4.993078697913349,60.48080687930255
30280.0,1867.357773781433,1461.6936651394865,264.0661650370706,48.59166992590052,4.416662091019674,1.1787022295988197
30460.0,14266.811416688786,9214.526965216977,3893.2547361276625,693.3976153100795,49.11878767380106,4.089222808104288
30580.0,10933.319435513742,2977.116009267505,488.10685493334245,86.37248295292898,6.608777247246646,1.1140370106791084
30660.0,5360.407871669596,2429.1522916354675,574.931163690112,126.56796346941637,19.207958006252912,5.386911032854572
30700.0,58700.95201967839,63150.92090696613,8781.73610104261,1983.8845540766054,273.01637513394525,21.713721528219097
30980.0,34430.092847742075,19035.811096504858,5538.0549818937025,803.4722840130011,74.72871567589132,19.809585435151444
31140.0,138379.8065484637,160664.82560667273,45508.104378495205,9255.21843369032,1469.3731235068035,67.525940351134
31180.0,27801.471687194768,25238.26577102081,12745.085503599532,2808.813185968613,48.162624852347186,6.086669624047988
31220.0,767.6640340999211,875.3342203841778,134.0966037316228,16.767806169861657,0.4667160392563584,0.0896404585275515
31300.0,3244.402787456895,3331.0095042504663,1584.5334682848024,311.5658768702742,33.530498641510505,2.010182679030863
31340.0,20896.90492753902,13083.981576432969,2542.030596741946,621.955603645825,61.795372309925526,11.061698948881201
31380.0,5159.724516582591,2481.50914894245,590.9937876607016,44.14222954350613,8.965138352188642,1.8313136490910586
31420.0,1350.0371318942873,1464.1912280833546,543.182337760732,108.410089338167,40.56642347148435,1.376828581372319
31580.0,5954.488717333853,3566.143032349772,1096.6231467295484,205.99305748404427,13.297881788242734,6.531320967711726
31740.0,5644.397208780304,5211.1009289605,1482.3641598167717,141.4579132734466,6.04725721011678,10.078396811350506
31860.0,1371.8791567182507,1409.1801921183678,593.3640912444679,149.16545520095917,0.0,0.0
31900.0,9768.054221264852,7385.570678587807,1568.67482086135,527.4332678497815,29.701108948310306,14.537300879209683
31930.0,1815.2762278340242,2133.17366765263,824.8623439477858,78.58395931350643,2.048963165509984,0.132661663842862
31940.0,1464.836707647743,1022.3718051146404,281.43442056345543,12.614863040234386,1.2071450678269389,0.0405095459315601
32000.0,1218.96269158559,1189.1678141340046,512.7200387406556,121.52796014763729,3.9734172624443658,1.43964031177445
32020.0,17862.190636641535,16040.241672998434,1820.4148168759737,408.5725652325,83.13697786718254,31.455209754173584
32060.0,4036.1703541482616,3296.8356768769045,976.902243930353,213.98590248770674,27.9768098599252,0.8072821793954359
32100.0,2858.6559493074396,3460.675062415039,625.908160371795,110.42615357198832,3.709846507436867,0.6073491097298878
32180.0,2028.3537214960168,983.5363075054248,292.8666181176138,56.38180735515293,13.138405308833153,1.3903628019912706
32260.0,11283.56533444702,6411.233132780953,858.9403655470879,177.64797288485246,41.03137171461504,7.516146987865535
32280.0,598.7463268394984,724.7334576094286,154.50130503120934,4.031328044092587,2.233392415785264,0.12174105537398361
32300.0,1092.5868854589175,1044.6235630799808,206.32905007042078,29.19940978723342,3.33095040268014,0.0
32340.0,581.4816588253354,300.70808834473803,80.65550157811084,3.003000274857422,0.0,0.0
32380.0,178.23933581808222,140.4718517008905,21.29753143352243,9.206785794024961,0.6780990604443435,0.1376924331090943
32540.0,5749.854231026401,2915.2682602632985,519.2137194237872,125.26880598079507,9.313367199221721,2.0749717748037946
32580.0,57318.806046652026,52504.72954603399,18091.43409191363,3184.4286780970183,325.58004698534546,9.1819778022057
32620.0,4354.6431741714405,2874.931776176053,664.6406257162353,204.07284413063803,11.106987083181455,7.849033601580385
32660.0,690.3667177566474,799.3343986997095,293.1350407880647,14.515110468677854,0.0,0.0
32700.0,5446.026958516724,2051.555177888814,488.70519898699814,76.34462803406814,6.32093806205274,0.7182389392148469
32820.0,161580.61753500602,159223.1194144368,34575.784064285755,5291.827958215202,637.1199269201994,35.26050155425847
33060.0,4112.451805914757,2154.963487176601,541.4723050886666,81.16016439119673,10.082920174602636,2.6438864568207983
33220.0,2572.2385405601794,4360.630383991882,1556.440514996372,178.73792019030842,0.0,0.0361453222706068
33260.0,41730.328496669725,24456.440879267942,6729.1641757392035,1835.7878014958258,131.8421852261321,4.523643545875517
33340.0,66253.61125164443,41693.58642500914,14701.012136494533,2995.0568267592394,388.552420196496,40.0185134084637
33380.0,977.8992225226767,1204.226176297013,147.82930565947197,33.176967727662955,1.6635763054503452,0.1638611243962495
33420.0,833.617300080506,511.64105554248897,48.653385891292004,14.1362025626939,1.9225846965126199,0.3065290339871318
33460.0,157598.27741393994,107164.75198792147,22183.86277768411,8964.901159756697,830.904916331246,59.261116948453854
33500.0,17099.562143506184,6999.772805848361,1282.2277824162697,110.04935698449916,14.179005452238444,3.0364632505267273
33580.0,34.1527500063087,22.9073787484221,6.94030801266394,0.481734503749021,0.0799759913887121,0.0056411552327854
33620.0,4114.229105300508,1968.729575291221,417.57129899722594,83.51364640860052,12.643336928414303,1.951995344081348
33740.0,89.86470441708487,150.50070178524072,45.119104331941166,0.0,0.0,0.0
33780.0,12507.717075547102,10037.188965509797,2847.5499918137807,485.4880158866113,76.1591799542849,7.5369882502708725
33900.0,581.8998616475833,646.000747157819,178.49228408779516,14.108123322668469,2.23285371310259,0.1750291766826214
33910.0,847.4349390287999,1175.7609118504663,243.9700703346383,115.90015263130321,0.13301668240982428,0.0
34020.0,4717.0228875336115,2922.8480432892347,832.4813816644262,205.99793437902068,15.09415372840471,1.5326256179053652
34340.0,1053.7654106383623,1507.5582207404573,672.1732505381833,141.66745453998482,7.4367945528944785,0.0
34420.0,6209.64127576685,3264.281642951754,662.1782935718866,162.22815623605243,93.29919759844847,2.883565943417905
34460.0,667.074998849556,877.9188838764978,391.5616037085138,94.70291093415345,0.5565176563074518,0.0
34700.0,3324.702639612811,2349.930230235107,539.4009657995089,173.94986325815853,5.1863625117229075,1.111926980392524
34740.0,9170.480979327453,10399.907331048224,2452.0392137616045,526.5981045013998,6.340393019883932,0.693792876423728
34780.0,8046.022945644641,3791.6531476797068,1026.9309605074889,229.41411339946941,8.501589135827034,27.656640760109706
34860.0,3726.337602272764,2976.2606783613164,691.0970764533229,251.85362453740743,4.652999910465541,0.993879311571182
34980.0,72312.55634271001,54825.56893340571,15111.443167687077,3066.7497725945905,580.5136142881512,13.539383102236336
35100.0,749.0761942864648,184.6543472606215,67.03299800000829,5.3029843686770235,0.0,0.0067101955924709
35420.0,5041.701868179064,4936.441042167289,1013.8134925092236,382.0945471231921,22.914520704878335,2.4513569424850976
35620.0,442259.7621642096,388475.6009689144,70704.81398564238,26588.753914580313,5475.5805141034125,274.788033531684
35740.0,5810.2827810164135,2882.2692548648774,781.0236150671248,77.21807114337443,24.56378878525035,2.5711842358360726
35820.0,8135.6660615369565,12935.642028072607,1071.249805012374,303.9664275186873,56.45400942475503,7.760741317240296
35840.0,41772.507168153505,27643.385512680357,7307.667515449118,1442.5724496662092,157.89986984682747,3.200510635083652
35900.0,649.2262755072429,900.6961319990727,478.8289923881464,77.59359026675304,0.0,0.0
36220.0,31487.935482017067,21845.3686008022,5515.597737023827,1371.9533385971072,97.11260895838859,11.048101654195268
36340.0,1274.5981696939791,1541.3299885246993,162.19031038110953,26.125983307240087,0.3431889939350325,0.0
36420.0,121681.5727656362,95216.31144021412,12461.81001126799,5029.344811554204,619.7687865091673,37.741126709222776
36540.0,32243.696565554834,45485.905132309046,7656.045259862396,1934.1254251555263,221.22529776609807,21.163452968367977
36740.0,49401.41385782509,45387.75782150273,10638.427839482903,3890.1278167025184,451.43431204812845,8.646541059720942
36780.0,35225.198557526775,24207.102124523695,5128.066487937444,1395.1191385616112,180.7156847093055,40.792734589305645
36820.0,1796.4739119593232,1062.0045366994289,343.1334182679313,46.86849462714795,2.427370823584338,0.046373371252762
36837.0,82.3385409825192,105.9253579707697,18.8107317715943,2.37701627687047,0.2691058107865758,0.0223051459684377
36900.0,6413.2496888165015,3277.0051580996123,760.0467229862566,114.06546641584431,8.421849580628052,7.401812360655505
36940.0,4900.40833128248,2792.8102400095745,536.4675477071917,136.15322842422268,26.341012213061823,0.5464309739311108
36980.0,54.7378243177423,91.7825157843375,24.79369569166775,0.127537885925224,0.0,0.0
37020.0,4372.095603815206,4129.64333863263,611.4645262592512,143.72465923340712,9.769624436120349,1.439910177715246
37060.0,127.9761486433398,197.9160863471833,52.472822295421935,5.36013802397359,0.0283989534219951,0.0021922766318126
37140.0,10083.147430456267,6818.145956143787,2421.8485174317207,432.78933736312644,53.89954323351917,12.938681908227382
37260.0,1895.4589634691938,2201.539931499476,679.1994294023726,49.7873446845298,4.868056528755565,2.226306667915891
37420.0,6492.30188538194,7012.702449488532,528.4942599257186,127.55607793574976,27.58182194539709,3.2846736335721443
37460.0,359.1767621185069,387.1329040832503,144.23260506503652,24.083043050195897,0.1982232913476975,0.0061203353043462
37580.0,1890.7508858274814,1611.16243298807,535.3998118187689,129.9797962870345,2.15789791648963,0.374744165598527
37620.0,3723.715998229528,3839.6822784391234,1405.8378387412317,305.94700355439744,1.569818219791772,0.5836854103300811
37800.0,1425.0602004089185,1201.7197171204564,319.24565253005505,149.316185332782,3.691980183397239,0.1199781897456839
37860.0,2519.201258893377,3704.7526096782103,964.6049928947841,374.45257688706357,6.290853745725325,0.0516150397008004
37900.0,28878.04778825713,22954.196407709333,6540.693930494545,1390.90780282629,58.226154608607345,14.037269802222472
37940.0,5290.024025971546,3849.4038221331025,740.0548200166761,185.57954527064203,7.615781635474623,2.275945903865776
37980.0,559511.9757789442,487054.26027326327,79990.63513499538,13833.909485038768,2584.2925441424863,658.7643564495785
38100.0,1450.0180097593816,1547.3234199317285,309.0477187011222,86.71419943290104,4.972536854000044,1.3155025075419031
38180.0,75.3255982573616,72.915026237644,38.0071155799068,0.416985359185247,0.239328719770131,0.0003517497627581
38210.0,1575.2485243199174,1331.1837592458487,467.5406981084841,63.34611483069861,4.628064060063547,0.7952258932350533
38240.0,2454.446530524887,2608.9679992524766,1260.066409280075,144.89486486233943,1.5545009523763809,0.0905343812781631
38300.0,68582.9167927536,47770.1444872178,9905.814633703349,3013.876299651124,235.45731520461462,73.06580030994968
38380.0,6357.109241166032,3093.27877414107,682.3775644571491,184.187517840311,7.356255522587489,0.9785276069813592
38700.0,3643.2092893715912,2495.7069832584193,617.3855048936144,131.56344478319474,24.79661484074593,3.6802377959797883
38940.0,27307.916170396344,21601.32688821869,7533.2838911501785,2277.122525335903,185.86857320831857,1.6754180972349977
39020.0,12429.709405205629,7432.682742247823,1999.645223030394,229.43737880984457,16.234346860703774,6.180594055832792
39060.0,7544.461808500768,7779.895981666718,1995.9906681476514,298.86767743191683,31.026901852068647,2.3875535160875327
39500.0,356.7503937740139,281.66553833312094,93.07890967976525,39.139268513677195,0.884459317772348,0.0668246068006373
39540.0,18524.841463680455,15906.719072223123,4350.500751642198,318.82500723633507,66.76725515422227,4.117620344536164
39580.0,90535.61377677947,84652.41468514662,34792.178447888786,6770.596559641875,640.0328097773438,26.01627087934049
39660.0,11465.575020521543,7222.343959749438,2125.1926186305845,804.6769524113465,9.156748999229636,1.0513381200200087
39700.0,1743.8470049538603,785.5653064132279,68.34274599019945,24.823865733409722,1.632471665091421,0.6813633767371867
39980.0,9474.77997458091,5921.434864769615,1297.51674975101,187.61779856645134,39.263161532717184,3.9310060291817583
40060.0,86037.50846532627,52251.88139819479,11414.113382104282,3828.9938307952875,419.0516870281784,64.08192330960638
40080.0,5619.395272404906,5687.389041916691,2628.047015007015,622.7684027254646,96.41826520765079,2.5739587417813317
40100.0,1437.5063104662593,1469.8920747490338,604.5409326757724,131.84258636899455,2.213196591611712,0.979198618954832
40220.0,63612.317760162434,33458.29818383881,6704.242472735034,1580.799126253569,214.91272520291778,9.151248077350568
40260.0,178.16870695138283,215.18577461601825,79.31304150851213,5.883329290372785,1.1352280323236492,0.0498222629790101
40300.0,6174.317274409727,3045.317623279974,851.4379333357333,185.51588873338505,25.64630457836027,11.370550501998272
40340.0,10361.343096781296,10753.581261728208,2459.202436871302,1072.0424428944498,34.421990372896914,11.759447339546357
40380.0,5866.879314675034,3841.7834573031746,704.0179561948321,132.9084655762756,21.750753837257164,7.942822829727339
40420.0,32927.2356843705,28362.53501497447,8533.42144746027,854.9903792146977,168.71532482547215,2.3280470004776075
40460.0,2115.03010907219,2079.9671518565196,682.8779707980048,177.66330228596243,5.0222313975986985,1.1886262601258006
40580.0,5362.00410113503,5434.0591787899575,1896.2113532281473,420.3984269541883,30.112412678923807,1.360026883396202
40620.0,3328.046638312575,2593.5823706683323,837.4303674078626,308.81563088600194,28.384445345428173,1.3325525213910303
40660.0,14821.873088491639,8730.646460303911,2060.638432772949,351.9242244458907,55.11737725652406,5.124823032190147
40980.0,13132.160062716097,13515.878001141455,3671.593822209914,405.6584672451006,33.65945052471605,2.203287523867734
41060.0,27952.236465285445,16947.319658312143,2490.29996435645,493.2573824497446,57.135169543058616,12.92254197738846
41180.0,367009.31973647745,290020.49262848165,62923.0914473839,17718.624857255698,3590.9741120739404,279.77057136293905
41460.0,17262.3262335772,9191.478157070344,1033.3265581401379,362.9755679312082,21.14122499688655,0.24845096337643882
41660.0,17006.460418628467,9326.316428912602,2532.028683199039,685.0527571736736,6.639666869462903,2.0615655927002074
41700.0,22624.734754881505,15838.210355886273,3714.7954610801016,1115.5040168948647,233.62664079909825,17.484263928980745
41780.0,7405.3643775816,5953.553928506383,918.1256726188216,165.06783171090188,35.46475791560717,28.41816637980401
41820.0,2553.461559495423,2632.509966267841,916.5064005284609,327.7261821207401,3.1090031522331536,0.1958996037329327
42340.0,1958.8708221481575,1485.8354761286748,481.1408946818407,53.30109063465819,10.29335571808185,1.5266757889243834
42420.0,15841.087526015475,8080.497421963251,1123.496832277714,228.21057247473044,49.23192634260368,3.0847329050141306
42540.0,875.1761128427287,800.9163520568164,406.48799453899176,41.841536355931154,6.184915103963807,1.6497040984354538
42740.0,7406.7034546092145,3494.353989087979,767.9847601160384,69.99544292035117,15.984448230877163,3.33175309841637
42780.0,1437.4529776296158,1763.2017767093353,507.8505488085285,142.96674391243647,0.152196937050175,0.0498636167532899
42940.0,9368.859112417618,5974.676978865409,1802.3820559216788,261.74545815536646,80.0506524457121,6.9999276994067
43020.0,876.2990147103765,997.2501075448598,178.44251564578917,57.4026739223217,2.873564379899004,0.19603489987509432
43060.0,2072.72715651246,2158.9185459341757,713.660268285539,175.40378387177464,4.593480309031286,0.0
43100.0,8180.463967715403,5783.903732566647,1281.5231381728465,336.8396055638465,8.03784696200909,0.3116479141878182
43300.0,23207.374617237194,13450.759099175371,2926.4262854995955,839.9223713204273,88.05328595028908,5.072825083814175
43380.0,5232.719654112675,3393.9985921238763,843.6869968874313,300.49054755618585,34.87673751970779,0.8975149914011467
43460.0,5189.724129910236,2971.5185436495235,461.1380552469617,182.526690638573,20.239904924012134,1.7349606875202292
43580.0,17587.451408416924,12587.311828178312,2371.1618485309555,843.062571625291,47.197330680566104,3.401805947953243
43620.0,289.2347577677916,232.15321286381072,79.97016068782247,10.625858829563539,0.7018957465728867,0.0700566599149138
43640.0,7386.229274360258,9727.560200038439,3391.6196544379595,1172.7438761780916,56.96008891530317,5.243925816708525
43660.0,1617.691546213117,867.4890689032687,157.7195378576286,47.79912841109799,2.995365359463698,0.3625571715073063
43700.0,6140.080839572189,3337.7965182176717,1243.7030171999916,136.55611683312733,8.102340127016427,13.217104658973483
43740.0,3490.3462932952084,3067.1047656840306,872.6822487991832,93.21321905939746,9.27916758016996,3.251522911500624
43780.0,67067.99325560647,41965.744961605276,9278.82419918588,1732.7808189961263,341.44643831264005,42.36331962064016
44100.0,39517.93334240185,31047.109640370876,7263.918302257422,1161.5408384733744,150.8337197227451,32.06569512844356
44180.0,3375.246207854108,2337.0093010980395,569.7457417640277,242.2652851350678,17.62920411027462,1.9710614923972873
44260.0,1812.5258386690657,2116.2914112547746,539.73139131073,23.953966030965827,1.784658592622984,0.2437103724627443
44340.0,276.0056344671929,284.01604527245263,92.31356004847828,4.19231150918909,0.1751762139216971,0.0111107829248692
44420.0,3861.179188730522,3252.488670702248,589.3128271091907,68.06056941182516,8.17157428456439,20.009181758369596
44500.0,4396.879319382458,2525.4672758212255,428.37007246225824,50.86993698243663,6.011743291012644,0.1528628715598249
44580.0,9561.019436062063,5261.106303878475,1027.8571221286281,232.34175084535104,50.444477298163086,7.175089431357456
44660.0,9335.27316942537,4801.517881600203,716.0690613127831,120.84087707679676,18.65287671116866,1.0232239646365802
44780.0,2335.963785383168,2548.9414880544546,469.12536755874106,41.667551286684166,4.219257750506507,3.3373396950668464
44860.0,6039.24926181918,3667.9783869820235,780.686125981842,157.80378590192186,112.93382648930861,1.9208961635765676
45020.0,5668.412516273144,1998.082337583096,444.1385468027378,131.88792802960893,19.927591945987672,0.73281118654664
45220.0,220.76554836310518,352.5497964565629,150.16037959578102,6.273571850335137,0.0,0.0
45300.0,84732.12636922189,84198.82315910827,21709.351332347047,8261.268005065602,629.0410926966317,2.112513603001308
45460.0,32724.866360411783,31726.707025865213,4238.772799241606,902.104968623338,96.04203784910857,13.828779254974714
45580.0,530.9754089304638,664.9590635609442,153.41207860089662,1.1583135556379112,0.174415243781536,0.0252818374610225
45620.0,2414.128004010256,2112.8457430815242,455.6151767698941,24.543021987384957,2.4397399562046456,0.0105807265994626
45660.0,12426.403000900957,11869.522513673146,1873.6656123581781,323.6211656025425,62.45511767833084,10.321190581402044
45700.0,6643.8280383705005,3859.34219454846,943.6733902012169,253.96418144415534,44.67318010802448,0.699019830122857
45740.0,793.0858484551218,983.1383443734977,184.5927776800681,14.865664651128492,3.6587205081459144,0.5350863821259164
45780.0,16738.973524646033,11711.477149441145,2783.2340119101973,815.0392271093182,112.16531316923529,9.54700271134834
45820.0,37915.000754623106,20823.094319365686,3229.3537038657128,1408.5836546275862,97.48789428948328,8.479400104170892
45880.0,1933.2127081832696,1359.5170094789269,442.72545591416446,82.49773399226063,4.527894765711952,1.4189860896843363
46100.0,28.23661208411528,39.6542637711074,16.29247458249197,0.0152400390371873,0.0,0.0
46140.0,329236.0154797403,254613.04626282872,91275.17056835197,18793.490234922785,3240.4428284068476,62.699423104496184
46180.0,782.1581446713254,657.0120663950249,99.4847048450888,33.412567134067075,4.7809757231859145,14.89847709807422
46340.0,13609.236864878896,13732.602062996493,4742.617130676984,1185.6242819555139,45.50214437483316,5.5512024216630875
46460.0,1319.3932461766542,936.9998216681881,280.6302884354239,16.963989825898143,2.7091881516575755,1.5982707887903471
46620.0,2337.918568237106,1867.873459955587,400.3651585809931,46.747618322766115,2.969847704574472,0.9445712059400622
46660.0,12607.252611100343,9460.437390089377,2138.1593294478116,499.4409006532871,83.34631583533634,7.089635267546006
46780.0,1643.2720349450296,1174.0384057722758,168.72830574329083,71.41084177207343,9.621464265570332,0.043006979574245
46900.0,1845.1540044824758,604.3416406384372,201.79087399606277,37.39767947311033,2.4157502205892762,0.5007698928459636
46980.0,4236.94441798806,3087.97211028207,817.4704077247051,222.78593345810162,24.542310962460835,4.226742092373254
47020.0,11629.392815175128,9796.279345199631,2285.519474240077,285.23547816792654,24.546103568533198,4.245572051225548
47080.0,2154.6538341992436,1481.5476268959408,315.0220917073695,22.04574403372771,5.059670726385507,0.4527991306057227
47260.0,164202.222403967,166801.27635900173,35803.37658750872,9592.016484188136,919.7142759879081,92.29780455722029
47340.0,4975.105863154256,3018.7225112789956,727.7702926753848,81.83905265360542,7.199816306941122,1.5347533243747236
47380.0,32190.644718609587,22453.495446548055,6438.642915408564,1703.2011475218117,666.1138400490655,28.080843431673564
47420.0,482.1257859773225,174.06272816084902,57.0520003483373,10.60576503996378,0.347654393445291,0.39632325884336395
47580.0,8199.415243651209,8181.420105064586,1943.872328989023,311.2605315416811,65.37734385625158,17.932821073813848
47620.0,1314.1888629333964,1593.0209116313558,288.6513318570351,19.70799441742391,0.9831730004626584,0.4076881613065946
47660.0,6573.458470789314,3735.681721865836,746.9881508129965,250.9918128409106,23.87304741467792,4.318181196885991
47900.0,213692.6566099057,156438.20398250554,40304.82800005246,8987.543305083536,2170.75233423891,162.05515297828205
48180.0,8523.18894436493,4130.515719087309,842.4095540439267,85.51937265956376,40.26769532955229,9.334800060430574
48220.0,799.3191510232008,690.4307467810621,249.86164205436754,94.45108798726743,15.721593090215594,0.3126209366726436
48580.0,4321.35044309875,3982.710338725819,1169.4405205924345,220.96592834409756,4.948655537767829,1.853445743399483
48620.0,116381.80920938056,69184.43707353743,9439.560114375396,4205.080924467402,198.6037847009185,44.834709257008285
48660.0,35843.15271062669,58598.56402565449,12106.414487527045,2320.12852084327,48.6628540267538,5.349085286860794
48680.0,3024.357348085545,3407.05607495041,1085.0528811861575,298.0082788599644,51.78748300718448,1.0492080182831516
48780.0,6532.436638712657,2318.5718835566568,449.0505639610682,33.97344746795235,3.995302187649964,1.2035178211071804
48900.0,39607.23819803169,33813.2815606282,12174.297633519012,1509.4075931289058,5.189754524198655,0.0
48980.0,5901.4698647725245,4636.1617695516625,1800.6072684923372,172.84285913211966,11.297881826282355,4.334198687092625
49020.0,2515.454548492707,3086.453139086418,675.5403995432465,19.61027486531721,7.22320370908639,0.0
49100.0,8753.941643867067,13148.04846122572,1554.6491654718313,458.56193577179323,71.86713619344901,7.1115441329074995
49180.0,872.2238853713466,1142.6173151010867,486.94162198094995,145.31493200273684,2.720837446558825,0.15749056783265178
49220.0,12231.642191367313,9449.656025867876,1985.7858488496565,302.5653515777968,32.81841844719445,6.2744683138012185
49260.0,4394.453325973385,3428.6658194258234,665.4029471651766,158.0576017301782,30.828983903872842,27.895509124579327
49300.0,8175.560633941208,5268.587629096081,1123.5170488324377,243.11308462182134,26.700791341498405,6.204954703884164
49380.0,1346.2560642117967,857.423671001582,160.44817080113086,31.530752270607653,1.0528217693982156,4.061108678086664
49460.0,1416.5045923105747,1210.5477018030901,300.5470716572935,18.671713427719244,0.22650899520250878,1.0888794811108145
49620.0,30238.56617650577,31019.041126609703,5758.724845686297,1766.921066465119,121.48700949135522,17.869192467608613
49660.0,15219.838448877443,10753.060477084211,2319.6943670918895,623.2694964027601,67.14016740112227,9.18991019353088
49780.0,4327.6802603024535,4461.368588193442,976.503179061976,326.20541329709783,25.725553117525187,1.952414313050239
49820.0,302.3149260999276,237.95662985978575,105.68970062768884,5.883030539450341,0.0,0.0
