cbsacode,Year,cbsatitle,Data_value_unit,Data_value,Confidence_limit_Low,Confidence_limit_High,Sample_Size
10740.0,2011,"Albuquerque, NM",%,21.78,19.92,23.64,2880
10740.0,2012,"Albuquerque, NM",%,21.22,19.48,22.96,2876
10740.0,2013,"Albuquerque, NM",%,20.25,18.05,22.45,1748
10740.0,2014,"Albuquerque, NM",%,22.79,20.220000000000002,25.36,1664
10740.0,2015,"Albuquerque, NM",%,20.84,18.1,23.58,1300
10740.0,2016,"Albuquerque, NM",%,20.47,17.57,23.37,1004
10740.0,2017,"Albuquerque, NM",%,22.02,19.45,24.59,1440
10740.0,2018,"Albuquerque, NM",%,18.17,15.8,20.54,1308
10740.0,2019,"Albuquerque, NM",%,16.87,14.5,19.24,1016
10740.0,2020,"Albuquerque, NM",%,19.38,16.52,22.24,1088
10740.0,2021,"Albuquerque, NM",%,22.09,19.52,24.66,1328
10740.0,2022,"Albuquerque, NM",%,21.5,18.34,24.66,1004
11260.0,2011,"Anchorage, AK",%,17.54,14.7,20.38,482
11260.0,2012,"Anchorage, AK",%,17.96,15.510000000000002,20.41,578
11260.0,2013,"Anchorage, AK",%,16.47,14.08,18.86,532
11260.0,2014,"Anchorage, AK",%,16.1,13.870000000000001,18.33,616
11260.0,2015,"Anchorage, AK",%,16.55,13.3,19.8,368
11260.0,2016,"Anchorage, AK",%,18.16,14.51,21.81,342
11260.0,2017,"Anchorage, AK",%,19.64,16.15,23.13,398
11260.0,2018,"Anchorage, AK",%,20.0,16.47,23.53,322
11260.0,2019,"Anchorage, AK",%,17.21,13.88,20.54,368
11260.0,2020,"Anchorage, AK",%,16.62,13.56,19.68,402
11260.0,2021,"Anchorage, AK",%,20.38,17.73,23.03,768
11260.0,2022,"Anchorage, AK",%,21.39,19.29,23.49,1018
12060.0,2011,"Atlanta-Sandy Springs-Roswell, GA",%,13.450000000000001,11.900000000000002,15.0,15892
12060.0,2012,"Atlanta-Sandy Springs-Roswell, GA",%,14.509999999999993,12.649999999999999,16.369999999999997,11107
12060.0,2013,"Atlanta-Sandy Springs-Roswell, GA",%,15.609999999999996,14.040000000000001,17.18,16269
12060.0,2014,"Atlanta-Sandy Springs-Roswell, GA",%,17.310000000000002,15.409999999999993,19.21,13659
12060.0,2015,"Atlanta-Sandy Springs-Roswell, GA",%,14.580000000000005,12.600000000000003,16.560000000000006,9657
12060.0,2016,"Atlanta-Sandy Springs-Roswell, GA",%,13.310000000000002,11.640000000000004,14.979999999999997,9889
12060.0,2017,"Atlanta-Sandy Springs-Roswell, GA",%,15.489999999999997,13.82,17.160000000000007,13166
12060.0,2018,"Atlanta-Sandy Springs-Roswell, GA",%,15.62,14.33,16.909999999999993,20329
12060.0,2019,"Atlanta-Sandy Springs-Roswell, GA",%,14.760000000000003,12.8,16.719999999999995,13630
12060.0,2020,"Atlanta-Sandy Springs-Roswell, GA",%,16.24,14.239999999999998,18.240000000000002,16240
12060.0,2021,"Atlanta-Sandy Springs-Roswell, GA",%,15.070000000000006,13.27,16.869999999999997,14181
12060.0,2022,"Atlanta-Sandy Springs-Roswell, GA",%,17.93,16.150000000000006,19.710000000000008,18879
12260.0,2011,"Augusta-Richmond County, GA-SC",%,15.61,12.22,19.0,1442
12260.0,2012,"Augusta-Richmond County, GA-SC",%,19.09,14.719999999999999,23.459999999999997,1414
12260.0,2013,"Augusta-Richmond County, GA-SC",%,16.7,13.069999999999999,20.33,1141
12260.0,2014,"Augusta-Richmond County, GA-SC",%,20.13,15.25,25.01,1176
12260.0,2015,"Augusta-Richmond County, GA-SC",%,19.39,13.96,24.82,1050
12260.0,2016,"Augusta-Richmond County, GA-SC",%,14.600000000000001,10.64,18.56,1029
12260.0,2017,"Augusta-Richmond County, GA-SC",%,21.97,17.230000000000004,26.709999999999997,1260
12260.0,2018,"Augusta-Richmond County, GA-SC",%,17.77,14.220000000000002,21.320000000000004,1099
12260.0,2019,"Augusta-Richmond County, GA-SC",%,20.95,16.27,25.629999999999995,868
12260.0,2020,"Augusta-Richmond County, GA-SC",%,18.730000000000004,14.14,23.320000000000004,917
12260.0,2021,"Augusta-Richmond County, GA-SC",%,20.669999999999998,16.339999999999996,25.0,1519
12260.0,2022,"Augusta-Richmond County, GA-SC",%,20.920000000000005,17.33,24.509999999999998,1645
12420.0,2011,"Austin-Round Rock-San Marcos, TX",%,15.76,12.8,18.72,1205
12420.0,2012,"Austin-Round Rock-San Marcos, TX",%,15.570000000000002,12.51,18.63,1105
12420.0,2013,"Austin-Round Rock-San Marcos, TX",%,17.45,14.08,20.82,815
12420.0,2014,"Austin-Round Rock-San Marcos, TX",%,15.22,13.28,17.16,1910
12420.0,2015,"Austin-Round Rock-San Marcos, TX",%,15.099999999999998,12.63,17.57,1530
12420.0,2016,"Austin-Round Rock-San Marcos, TX",%,13.71,11.02,16.4,1020
12420.0,2017,"Austin-Round Rock-San Marcos, TX",%,16.69,13.75,19.63,1395
12420.0,2018,"Austin-Round Rock-San Marcos, TX",%,19.74,17.25,22.23,2045
12420.0,2019,"Austin-Round Rock-San Marcos, TX",%,19.45,16.78,22.12,1525
12420.0,2020,"Austin-Round Rock-San Marcos, TX",%,19.38,16.91,21.85,1565
12420.0,2021,"Austin-Round Rock-San Marcos, TX",%,20.38,17.52,23.24,1480
12420.0,2022,"Austin-Round Rock-San Marcos, TX",%,21.05,17.93,24.169999999999998,1505
12580.0,2011,"Baltimore-Columbia-Towson, MD",%,15.529999999999998,13.75,17.309999999999995,3689
12580.0,2012,"Baltimore-Columbia-Towson, MD",%,16.319999999999997,14.690000000000001,17.95,5698
12580.0,2013,"Baltimore-Columbia-Towson, MD",%,17.520000000000003,15.95,19.09,5985
12580.0,2014,"Baltimore-Columbia-Towson, MD",%,17.35,15.45,19.25,5775
12580.0,2015,"Baltimore-Columbia-Towson, MD",%,18.059999999999995,15.850000000000001,20.270000000000003,5712
12580.0,2016,"Baltimore-Columbia-Towson, MD",%,16.869999999999997,15.540000000000001,18.2,7854
12580.0,2017,"Baltimore-Columbia-Towson, MD",%,19.479999999999997,17.81,21.15,6657
12580.0,2018,"Baltimore-Columbia-Towson, MD",%,16.84,15.469999999999999,18.209999999999997,7406
12580.0,2019,"Baltimore-Columbia-Towson, MD",%,17.53,16.200000000000003,18.86,7686
12580.0,2020,"Baltimore-Columbia-Towson, MD",%,17.66,16.25,19.07,6545
12580.0,2021,"Baltimore-Columbia-Towson, MD",%,18.830000000000002,17.34,20.319999999999997,6965
12580.0,2022,"Baltimore-Columbia-Towson, MD",%,19.9,18.31,21.489999999999995,7182
12940.0,2011,"Baton Rouge, LA",%,17.18,14.359999999999998,20.0,2090
12940.0,2012,"Baton Rouge, LA",%,18.78,15.530000000000003,22.03,2720
12940.0,2013,"Baton Rouge, LA",%,15.76,12.29,19.23,1570
12940.0,2014,"Baton Rouge, LA",%,17.459999999999997,14.420000000000002,20.5,1640
12940.0,2015,"Baton Rouge, LA",%,16.379999999999995,12.93,19.83,1270
12940.0,2016,"Baton Rouge, LA",%,19.760000000000005,15.190000000000001,24.329999999999995,1240
12940.0,2017,"Baton Rouge, LA",%,19.430000000000003,16.24,22.619999999999997,1740
12940.0,2018,"Baton Rouge, LA",%,22.6,19.33,25.870000000000005,2290
12940.0,2019,"Baton Rouge, LA",%,24.410000000000004,20.980000000000004,27.839999999999996,2300
12940.0,2020,"Baton Rouge, LA",%,20.88,17.63,24.13,2190
12940.0,2021,"Baton Rouge, LA",%,26.27,22.310000000000002,30.23,2340
12940.0,2022,"Baton Rouge, LA",%,25.3,21.73,28.870000000000005,2200
13740.0,2011,"Billings, MT",%,24.88,21.290000000000003,28.47,843
13740.0,2012,"Billings, MT",%,22.48,19.13,25.83,528
13740.0,2013,"Billings, MT",%,23.189999999999998,19.919999999999998,26.460000000000004,567
13740.0,2014,"Billings, MT",%,23.120000000000005,19.379999999999995,26.86,516
13740.0,2015,"Billings, MT",%,20.609999999999996,16.65,24.57,435
13740.0,2016,"Billings, MT",%,23.339999999999996,19.129999999999995,27.549999999999997,381
13740.0,2017,"Billings, MT",%,19.87,16.36,23.38,369
13740.0,2018,"Billings, MT",%,24.8,20.74,28.860000000000003,420
13740.0,2019,"Billings, MT",%,31.039999999999996,27.409999999999997,34.67000000000001,714
13740.0,2020,"Billings, MT",%,24.71,21.339999999999996,28.08,591
13740.0,2021,"Billings, MT",%,28.590000000000003,24.42,32.76,570
13740.0,2022,"Billings, MT",%,28.15,24.6,31.700000000000003,642
13820.0,2011,"Birmingham, AL",%,19.619999999999997,16.93,22.310000000000002,2135
13820.0,2012,"Birmingham, AL",%,20.429999999999996,18.08,22.780000000000005,2954
13820.0,2013,"Birmingham, AL",%,21.889999999999997,19.110000000000003,24.67,2296
13820.0,2014,"Birmingham, AL",%,22.44,19.830000000000002,25.05,2695
13820.0,2015,"Birmingham, AL",%,20.96,18.200000000000003,23.719999999999995,2163
13820.0,2016,"Birmingham, AL",%,19.59,16.869999999999997,22.309999999999995,1785
13820.0,2017,"Birmingham, AL",%,24.44,21.339999999999996,27.539999999999992,2121
13820.0,2018,"Birmingham, AL",%,22.830000000000002,19.64,26.02,1848
13820.0,2019,"Birmingham, AL",%,21.74,19.089999999999996,24.39,2268
13820.0,2020,"Birmingham, AL",%,23.850000000000005,20.400000000000002,27.3,1666
13820.0,2021,"Birmingham, AL",%,21.1,18.06,24.14,1575
13820.0,2022,"Birmingham, AL",%,23.89,20.400000000000002,27.379999999999995,1561
13900.0,2011,"Bismarck, ND",%,18.24,14.829999999999998,21.65,456
13900.0,2012,"Bismarck, ND",%,15.379999999999999,11.85,18.91,357
13900.0,2013,"Bismarck, ND",%,16.66,13.86,19.459999999999997,534
13900.0,2014,"Bismarck, ND",%,16.86,13.49,20.23,486
13900.0,2015,"Bismarck, ND",%,17.41,13.8,21.02,420
13900.0,2016,"Bismarck, ND",%,12.44,9.62,15.259999999999998,339
13900.0,2017,"Bismarck, ND",%,17.46,14.5,20.42,555
13900.0,2018,"Bismarck, ND",%,17.73,14.240000000000002,21.22,447
13900.0,2019,"Bismarck, ND",%,19.309999999999995,15.230000000000002,23.39,363
13900.0,2020,"Bismarck, ND",%,20.559999999999995,16.23,24.89,309
13900.0,2021,"Bismarck, ND",%,22.35,18.51,26.19,420
13900.0,2022,"Bismarck, ND",%,21.65,17.930000000000003,25.369999999999997,390
14260.0,2011,"Boise City, ID",%,19.84,17.12,22.56,1645
14260.0,2012,"Boise City, ID",%,20.0,16.88,23.12,1500
14260.0,2013,"Boise City, ID",%,20.9,18.1,23.7,1535
14260.0,2014,"Boise City, ID",%,20.63,17.59,23.670000000000005,1405
14260.0,2015,"Boise City, ID",%,21.3,18.3,24.3,1650
14260.0,2016,"Boise City, ID",%,14.800000000000002,12.21,17.390000000000004,1045
14260.0,2017,"Boise City, ID",%,20.71,17.71,23.710000000000004,1420
14260.0,2018,"Boise City, ID",%,19.23,15.66,22.8,850
14260.0,2019,"Boise City, ID",%,24.9,21.51,28.289999999999996,1525
14260.0,2020,"Boise City, ID",%,19.66,17.03,22.290000000000003,1535
14260.0,2021,"Boise City, ID",%,24.67,22.4,26.94,2425
14260.0,2022,"Boise City, ID",%,23.25,21.070000000000004,25.429999999999996,2545
14460.0,2011,"Boston-Cambridge-Newton, MA-NH",%,16.97436314363144,14.872628726287262,19.076097560975608,2214
14460.0,2012,"Boston-Cambridge-Newton, MA-NH",%,17.25392851889984,15.710811884100602,18.797045153699077,6799
14460.0,2013,"Boston-Cambridge-Newton, MA-NH",%,18.51234290001876,16.630478334271242,20.394207465766275,5331
14460.0,2014,"Boston-Cambridge-Newton, MA-NH",%,20.59613856163179,18.581730262001052,22.610546861262524,5687
14460.0,2015,"Boston-Cambridge-Newton, MA-NH",%,19.684570629370633,17.51513286713287,21.854008391608392,3575
14460.0,2016,"Boston-Cambridge-Newton, MA-NH",%,18.61320898100173,16.303329879101902,20.923088082901554,2895
14460.0,2017,"Boston-Cambridge-Newton, MA-NH",%,17.743679131483717,15.128057901085644,20.359300361881782,2487
14460.0,2018,"Boston-Cambridge-Newton, MA-NH",%,17.037396768402154,14.712675044883301,19.362118491921006,2228
14460.0,2019,"Boston-Cambridge-Newton, MA-NH",%,17.59112625250501,15.340160320641287,19.842092184368738,2495
14460.0,2020,"Boston-Cambridge-Newton, MA-NH",%,18.051161928306552,15.699728059332509,20.402595797280597,2427
14460.0,2021,"Boston-Cambridge-Newton, MA-NH",%,19.241131191432398,17.03744979919679,21.444812583668007,2988
14460.0,2022,"Boston-Cambridge-Newton, MA-NH",%,21.3247866419295,19.184415584415586,23.465157699443417,4312
15540.0,2011,"Burlington-South Burlington, VT",%,22.2,19.73,24.67,1416
15540.0,2012,"Burlington-South Burlington, VT",%,20.329999999999995,17.82,22.840000000000003,939
15540.0,2013,"Burlington-South Burlington, VT",%,23.38,20.77,25.990000000000002,1128
15540.0,2014,"Burlington-South Burlington, VT",%,22.33,20.02,24.64,1287
15540.0,2015,"Burlington-South Burlington, VT",%,22.260000000000005,19.67,24.85,1188
15540.0,2016,"Burlington-South Burlington, VT",%,20.0,17.31,22.69,969
15540.0,2017,"Burlington-South Burlington, VT",%,25.28,22.299999999999997,28.26,1134
15540.0,2018,"Burlington-South Burlington, VT",%,19.3,16.32,22.28,846
15540.0,2019,"Burlington-South Burlington, VT",%,21.64,18.290000000000003,24.99,885
15540.0,2020,"Burlington-South Burlington, VT",%,21.79,18.380000000000003,25.2,1002
15540.0,2021,"Burlington-South Burlington, VT",%,27.41,24.04,30.779999999999998,1116
15540.0,2022,"Burlington-South Burlington, VT",%,24.33,22.08,26.58,2010
16620.0,2011,"Charleston, WV",%,21.35,18.29,24.41,642
16620.0,2012,"Charleston, WV",%,20.52,17.29,23.75,492
16620.0,2013,"Charleston, WV",%,23.769999999999996,20.359999999999996,27.18,603
16620.0,2014,"Charleston, WV",%,26.35,22.719999999999995,29.98,657
16620.0,2015,"Charleston, WV",%,26.160000000000004,22.71,29.609999999999996,684
16620.0,2016,"Charleston, WV",%,24.31,21.08,27.54,666
16620.0,2017,"Charleston, WV",%,28.38,24.44,32.32,693
16620.0,2018,"Charleston, WV",%,24.93,21.280000000000005,28.58,639
16620.0,2019,"Charleston, WV",%,28.95,24.909999999999997,32.99,735
16620.0,2020,"Charleston, WV",%,27.71,24.359999999999996,31.059999999999995,870
16620.0,2021,"Charleston, WV",%,28.759999999999998,25.41,32.11,921
16620.0,2022,"Charleston, WV",%,26.010000000000005,22.4,29.62,696
16700.0,2011,"Charleston-North Charleston, SC",%,15.34,12.79,17.89,774
16700.0,2012,"Charleston-North Charleston, SC",%,17.27,14.72,19.82,888
16700.0,2013,"Charleston-North Charleston, SC",%,18.67,15.98,21.36,882
16700.0,2014,"Charleston-North Charleston, SC",%,19.89,16.99,22.79,807
16700.0,2015,"Charleston-North Charleston, SC",%,18.32,15.85,20.790000000000003,897
16700.0,2016,"Charleston-North Charleston, SC",%,18.78,15.94,21.62,846
16700.0,2017,"Charleston-North Charleston, SC",%,22.46,19.64,25.28,936
16700.0,2018,"Charleston-North Charleston, SC",%,18.84,15.96,21.720000000000002,729
16700.0,2019,"Charleston-North Charleston, SC",%,16.64,13.7,19.58,468
16700.0,2020,"Charleston-North Charleston, SC",%,22.660000000000004,18.56,26.76,393
16700.0,2021,"Charleston-North Charleston, SC",%,19.14,15.960000000000003,22.32,552
16700.0,2022,"Charleston-North Charleston, SC",%,18.63,15.77,21.49,642
16740.0,2011,"Charlotte-Concord-Gastonia, NC-SC",%,16.7,14.229999999999997,19.17,3663
16740.0,2012,"Charlotte-Concord-Gastonia, NC-SC",%,14.64,12.88,16.4,4576
16740.0,2013,"Charlotte-Concord-Gastonia, NC-SC",%,18.33,16.08,20.579999999999995,4180
16740.0,2014,"Charlotte-Concord-Gastonia, NC-SC",%,18.28,16.14,20.420000000000005,4532
16740.0,2015,"Charlotte-Concord-Gastonia, NC-SC",%,17.36,15.11,19.61,3861
16740.0,2016,"Charlotte-Concord-Gastonia, NC-SC",%,15.319999999999999,13.109999999999998,17.529999999999998,3377
16740.0,2017,"Charlotte-Concord-Gastonia, NC-SC",%,18.75,15.520000000000003,21.979999999999997,2838
16740.0,2018,"Charlotte-Concord-Gastonia, NC-SC",%,16.040000000000003,13.22,18.860000000000003,2519
16740.0,2019,"Charlotte-Concord-Gastonia, NC-SC",%,20.57,17.589999999999996,23.55,2805
16740.0,2020,"Charlotte-Concord-Gastonia, NC-SC",%,20.169999999999998,17.289999999999996,23.05,2442
16740.0,2021,"Charlotte-Concord-Gastonia, NC-SC",%,19.530000000000005,16.449999999999996,22.61,3476
16740.0,2022,"Charlotte-Concord-Gastonia, NC-SC",%,18.04,14.85,21.229999999999997,3399
16980.0,2011,"Chicago-Naperville-Elgin, IL-IN",%,16.52,14.699999999999998,18.339999999999996,8138
16980.0,2012,"Chicago-Naperville-Elgin, IL-IN",%,14.009999999999996,12.3,15.720000000000002,6838
16980.0,2013,"Chicago-Naperville-Elgin, IL-IN",%,15.0,13.330000000000002,16.669999999999998,7176
16980.0,2014,"Chicago-Naperville-Elgin, IL-IN",%,15.820000000000002,14.169999999999995,17.469999999999995,8294
16980.0,2015,"Chicago-Naperville-Elgin, IL-IN",%,14.690000000000005,13.159999999999997,16.220000000000002,7670
16980.0,2016,"Chicago-Naperville-Elgin, IL-IN",%,14.399999999999999,12.850000000000001,15.950000000000005,7579
16980.0,2017,"Chicago-Naperville-Elgin, IL-IN",%,16.339999999999996,14.969999999999997,17.709999999999997,11297
16980.0,2018,"Chicago-Naperville-Elgin, IL-IN",%,16.690000000000005,15.339999999999996,18.04,10309
16980.0,2019,"Chicago-Naperville-Elgin, IL-IN",%,16.800000000000004,15.490000000000002,18.109999999999996,10517
16980.0,2020,"Chicago-Naperville-Elgin, IL-IN",%,13.930000000000001,12.05,15.810000000000002,5655
16980.0,2021,"Chicago-Naperville-Elgin, IL-IN",%,15.809999999999997,13.769999999999996,17.849999999999998,6851
16980.0,2022,"Chicago-Naperville-Elgin, IL-IN",%,16.679999999999993,15.19,18.17,11401
17140.0,2011,"Cincinnati, OH-KY-IN",%,15.96,13.690000000000001,18.229999999999997,5115
17140.0,2012,"Cincinnati, OH-KY-IN",%,20.190000000000005,18.089999999999993,22.289999999999992,7530
17140.0,2013,"Cincinnati, OH-KY-IN",%,20.140000000000004,17.849999999999998,22.430000000000007,8160
17140.0,2014,"Cincinnati, OH-KY-IN",%,23.92,20.690000000000005,27.15,6600
17140.0,2015,"Cincinnati, OH-KY-IN",%,19.970000000000002,16.970000000000002,22.970000000000002,5085
17140.0,2016,"Cincinnati, OH-KY-IN",%,19.910000000000004,17.299999999999997,22.52,5145
17140.0,2017,"Cincinnati, OH-KY-IN",%,24.45,21.57,27.33,5625
17140.0,2018,"Cincinnati, OH-KY-IN",%,18.959999999999997,16.51,21.410000000000007,4830
17140.0,2019,"Cincinnati, OH-KY-IN",%,19.169999999999998,16.560000000000006,21.78,5040
17140.0,2020,"Cincinnati, OH-KY-IN",%,21.830000000000002,19.359999999999996,24.299999999999994,5520
17140.0,2021,"Cincinnati, OH-KY-IN",%,22.289999999999992,19.72,24.860000000000003,5265
17140.0,2022,"Cincinnati, OH-KY-IN",%,25.0,22.219999999999988,27.780000000000012,5895
17820.0,2011,"Colorado Springs, CO",%,20.73,17.65,23.81,576
17820.0,2012,"Colorado Springs, CO",%,17.74,14.9,20.58,420
17820.0,2013,"Colorado Springs, CO",%,21.08,18.36,23.8,580
17820.0,2014,"Colorado Springs, CO",%,19.09,16.4,21.78,494
17820.0,2015,"Colorado Springs, CO",%,22.49,19.18,25.8,566
17820.0,2016,"Colorado Springs, CO",%,18.8,16.29,21.31,586
17820.0,2017,"Colorado Springs, CO",%,19.449999999999996,16.59,22.31,426
17820.0,2018,"Colorado Springs, CO",%,16.42,13.619999999999997,19.22,314
17820.0,2019,"Colorado Springs, CO",%,22.18,19.04,25.32,420
17820.0,2020,"Colorado Springs, CO",%,20.919999999999998,18.25,23.59,474
17820.0,2021,"Colorado Springs, CO",%,25.41,22.35,28.47,552
17820.0,2022,"Colorado Springs, CO",%,24.07,21.05,27.09,538
18140.0,2011,"Columbus, OH",%,19.419999999999998,16.4,22.439999999999998,2680
18140.0,2012,"Columbus, OH",%,18.49,16.1,20.88,3280
18140.0,2013,"Columbus, OH",%,23.43,20.92,25.94,4310
18140.0,2014,"Columbus, OH",%,18.76,16.15,21.37,3400
18140.0,2015,"Columbus, OH",%,21.89,18.89,24.890000000000004,3700
18140.0,2016,"Columbus, OH",%,20.12,17.59,22.649999999999995,3500
18140.0,2017,"Columbus, OH",%,22.790000000000003,20.239999999999995,25.34,4290
18140.0,2018,"Columbus, OH",%,20.97,17.85,24.090000000000003,3410
18140.0,2019,"Columbus, OH",%,21.88,18.780000000000005,24.98,3540
18140.0,2020,"Columbus, OH",%,21.380000000000003,18.85,23.91,4570
18140.0,2021,"Columbus, OH",%,22.25,19.62,24.88,4220
18140.0,2022,"Columbus, OH",%,22.269999999999996,19.96,24.58,5600
19100.0,2011,"Dallas-Fort Worth-Arlington, TX",%,16.5832930705658,13.182930705657979,19.98365543547361,1573
19100.0,2012,"Dallas-Fort Worth-Arlington, TX",%,13.444773218142553,10.659136069114474,16.23041036717063,1389
19100.0,2013,"Dallas-Fort Worth-Arlington, TX",%,15.936455696202533,12.844936708860757,19.027974683544304,1659
19100.0,2014,"Dallas-Fort Worth-Arlington, TX",%,14.65642819289878,11.529655537890834,17.783200847906727,1887
19100.0,2015,"Dallas-Fort Worth-Arlington, TX",%,16.153797011849562,12.34996908809892,19.957624935600204,1941
19100.0,2016,"Dallas-Fort Worth-Arlington, TX",%,11.926,8.29291891891892,15.559081081081082,1480
19100.0,2017,"Dallas-Fort Worth-Arlington, TX",%,15.068297872340429,11.407659574468084,18.728936170212766,1739
19100.0,2018,"Dallas-Fort Worth-Arlington, TX",%,15.606726330664156,12.445153085256711,18.76829957607159,2123
19100.0,2019,"Dallas-Fort Worth-Arlington, TX",%,17.28837555886736,13.661862891207154,20.91488822652757,1342
19100.0,2020,"Dallas-Fort Worth-Arlington, TX",%,17.93273858921162,14.376182572614109,21.48929460580913,1446
19100.0,2021,"Dallas-Fort Worth-Arlington, TX",%,18.394121537825544,15.476920214964863,21.31132286068623,2419
19100.0,2022,"Dallas-Fort Worth-Arlington, TX",%,17.79290052939537,15.229130677068824,20.356670381721926,3589
19740.0,2011,"Denver-Aurora-Centennial, CO",%,16.76,15.45,18.07,10120
19740.0,2012,"Denver-Aurora-Centennial, CO",%,17.350000000000005,16.02,18.68,8300
19740.0,2013,"Denver-Aurora-Centennial, CO",%,17.860000000000003,16.639999999999997,19.079999999999995,10490
19740.0,2014,"Denver-Aurora-Centennial, CO",%,16.79,15.63,17.949999999999996,10240
19740.0,2015,"Denver-Aurora-Centennial, CO",%,19.12,17.55,20.69,11450
19740.0,2016,"Denver-Aurora-Centennial, CO",%,18.43,17.200000000000003,19.66,12010
19740.0,2017,"Denver-Aurora-Centennial, CO",%,17.64,16.29,18.99,7800
19740.0,2018,"Denver-Aurora-Centennial, CO",%,15.069999999999999,13.78,16.360000000000003,6370
19740.0,2019,"Denver-Aurora-Centennial, CO",%,16.15,14.82,17.48,7130
19740.0,2020,"Denver-Aurora-Centennial, CO",%,17.47,16.2,18.739999999999995,8170
19740.0,2021,"Denver-Aurora-Centennial, CO",%,18.75,17.46,20.04,9500
19740.0,2022,"Denver-Aurora-Centennial, CO",%,20.56,19.15,21.97,9980
19780.0,2011,"Des Moines-West Des Moines, IA",%,15.12,12.53,17.71,1116
19780.0,2012,"Des Moines-West Des Moines, IA",%,19.36,16.459999999999997,22.259999999999998,1260
19780.0,2013,"Des Moines-West Des Moines, IA",%,19.990000000000002,17.11,22.869999999999997,1602
19780.0,2014,"Des Moines-West Des Moines, IA",%,19.289999999999996,16.25,22.33,1434
19780.0,2015,"Des Moines-West Des Moines, IA",%,22.099999999999998,18.360000000000003,25.839999999999996,1368
19780.0,2016,"Des Moines-West Des Moines, IA",%,14.780000000000003,12.06,17.5,1026
19780.0,2017,"Des Moines-West Des Moines, IA",%,20.090000000000003,17.48,22.700000000000003,1584
19780.0,2018,"Des Moines-West Des Moines, IA",%,16.690000000000005,14.670000000000002,18.71,1626
19780.0,2019,"Des Moines-West Des Moines, IA",%,17.780000000000005,15.680000000000001,19.88,1824
19780.0,2020,"Des Moines-West Des Moines, IA",%,18.669999999999998,16.0,21.34,1380
19780.0,2021,"Des Moines-West Des Moines, IA",%,18.5,16.01,20.99,1524
19780.0,2022,"Des Moines-West Des Moines, IA",%,19.210000000000004,16.519999999999996,21.899999999999995,1284
19820.0,2011,"Detroit-Warren-Dearborn, MI",%,18.98,16.1,21.86,356
19820.0,2012,"Detroit-Warren-Dearborn, MI",%,16.98530825022665,14.892611060743427,19.078005439709884,2206
19820.0,2013,"Detroit-Warren-Dearborn, MI",%,19.420000000000005,17.3,21.540000000000003,2220
19820.0,2014,"Detroit-Warren-Dearborn, MI",%,18.72,16.41,21.03,1780
19820.0,2015,"Detroit-Warren-Dearborn, MI",%,16.1,14.16,18.04,1700
19820.0,2016,"Detroit-Warren-Dearborn, MI",%,20.87,18.809999999999995,22.93,2350
19820.0,2017,"Detroit-Warren-Dearborn, MI",%,19.75,17.65,21.85,2390
19820.0,2018,"Detroit-Warren-Dearborn, MI",%,20.33,18.23,22.43,2390
19820.0,2019,"Detroit-Warren-Dearborn, MI",%,18.829999999999995,16.81,20.85,2360
19820.0,2020,"Detroit-Warren-Dearborn, MI",%,15.35,13.06,17.639999999999997,1190
19820.0,2021,"Detroit-Warren-Dearborn, MI",%,21.27,18.98,23.56,2060
19820.0,2022,"Detroit-Warren-Dearborn, MI",%,20.06,18.0,22.12,2195
20260.0,2011,"Duluth, MN-WI",%,18.68,14.190000000000001,23.17,351
20260.0,2012,"Duluth, MN-WI",%,21.87,16.83,26.91,321
20260.0,2013,"Duluth, MN-WI",%,17.9,13.53,22.27,420
20260.0,2014,"Duluth, MN-WI",%,20.440000000000005,17.11,23.769999999999996,609
20260.0,2015,"Duluth, MN-WI",%,23.17,19.45,26.890000000000004,678
20260.0,2016,"Duluth, MN-WI",%,20.63,17.38,23.88,582
20260.0,2017,"Duluth, MN-WI",%,19.93,16.26,23.6,663
20260.0,2018,"Duluth, MN-WI",%,20.59,17.26,23.92,603
20260.0,2019,"Duluth, MN-WI",%,25.82,21.96,29.68,624
20260.0,2020,"Duluth, MN-WI",%,25.34,21.38,29.3,675
20260.0,2021,"Duluth, MN-WI",%,20.52,16.7,24.34,504
20260.0,2022,"Duluth, MN-WI",%,28.32,23.97,32.67,711
22020.0,2011,"Fargo, ND-MN",%,20.62,17.23,24.009999999999998,424
22020.0,2012,"Fargo, ND-MN",%,19.96,15.860000000000001,24.06,308
22020.0,2013,"Fargo, ND-MN",%,21.55,18.1,25.0,470
22020.0,2014,"Fargo, ND-MN",%,19.97,16.66,23.28,438
22020.0,2015,"Fargo, ND-MN",%,19.56,16.38,22.74,360
22020.0,2016,"Fargo, ND-MN",%,17.37,14.65,20.09,388
22020.0,2017,"Fargo, ND-MN",%,22.38,19.46,25.3,558
22020.0,2018,"Fargo, ND-MN",%,22.8,19.47,26.13,432
22020.0,2019,"Fargo, ND-MN",%,22.29,18.76,25.82,350
22020.0,2020,"Fargo, ND-MN",%,22.89,19.3,26.48,362
22020.0,2021,"Fargo, ND-MN",%,22.26,19.2,25.320000000000004,422
22020.0,2022,"Fargo, ND-MN",%,23.58,20.4,26.76,440
22220.0,2011,"Fayetteville-Springdale-Rogers, AR",%,19.29,14.629999999999999,23.95,435
22220.0,2012,"Fayetteville-Springdale-Rogers, AR",%,20.03,15.95,24.110000000000003,495
22220.0,2013,"Fayetteville-Springdale-Rogers, AR",%,22.81,18.56,27.06,552
22220.0,2014,"Fayetteville-Springdale-Rogers, AR",%,17.51,13.84,21.18,501
22220.0,2015,"Fayetteville-Springdale-Rogers, AR",%,17.18,12.910000000000002,21.449999999999996,483
22220.0,2016,"Fayetteville-Springdale-Rogers, AR",%,21.12,16.18,26.060000000000002,456
22220.0,2017,"Fayetteville-Springdale-Rogers, AR",%,22.569999999999997,16.96,28.180000000000003,480
22220.0,2018,"Fayetteville-Springdale-Rogers, AR",%,20.27,16.13,24.41,450
22220.0,2019,"Fayetteville-Springdale-Rogers, AR",%,24.75,20.24,29.26,477
22220.0,2020,"Fayetteville-Springdale-Rogers, AR",%,17.91,14.260000000000002,21.559999999999995,471
22220.0,2021,"Fayetteville-Springdale-Rogers, AR",%,24.61,20.28,28.939999999999998,531
22220.0,2022,"Fayetteville-Springdale-Rogers, AR",%,23.1,19.28,26.92,549
24340.0,2011,"Grand Rapids-Wyoming-Kentwood, MI",%,21.949999999999996,17.89,26.01,1065
24340.0,2012,"Grand Rapids-Wyoming-Kentwood, MI",%,18.65,15.2,22.1,860
24340.0,2013,"Grand Rapids-Wyoming-Kentwood, MI",%,21.61,18.709999999999997,24.509999999999998,1485
24340.0,2014,"Grand Rapids-Wyoming-Kentwood, MI",%,21.13,17.33,24.93,845
24340.0,2015,"Grand Rapids-Wyoming-Kentwood, MI",%,22.480000000000004,18.95,26.009999999999998,1060
24340.0,2016,"Grand Rapids-Wyoming-Kentwood, MI",%,21.42,18.3,24.54,1125
24340.0,2017,"Grand Rapids-Wyoming-Kentwood, MI",%,24.959999999999997,21.470000000000002,28.45,1110
24340.0,2018,"Grand Rapids-Wyoming-Kentwood, MI",%,23.76,20.39,27.13,1110
24340.0,2019,"Grand Rapids-Wyoming-Kentwood, MI",%,22.85,19.15,26.550000000000004,1015
24340.0,2020,"Grand Rapids-Wyoming-Kentwood, MI",%,19.91,16.21,23.609999999999996,650
24340.0,2021,"Grand Rapids-Wyoming-Kentwood, MI",%,24.18,20.51,27.850000000000005,995
24340.0,2022,"Grand Rapids-Wyoming-Kentwood, MI",%,23.09,19.5,26.680000000000003,1020
24860.0,2011,"Greenville-Anderson-Greer, SC",%,17.43,14.29,20.569999999999997,880
24860.0,2012,"Greenville-Anderson-Greer, SC",%,19.94,17.51,22.37,1424
24860.0,2013,"Greenville-Anderson-Greer, SC",%,22.47,19.28,25.66,1156
24860.0,2014,"Greenville-Anderson-Greer, SC",%,20.06,17.51,22.61,1256
24860.0,2015,"Greenville-Anderson-Greer, SC",%,19.57,16.92,22.22,1256
24860.0,2016,"Greenville-Anderson-Greer, SC",%,22.05,19.13,24.97,1324
24860.0,2017,"Greenville-Anderson-Greer, SC",%,19.76,17.0,22.52,1220
24860.0,2018,"Greenville-Anderson-Greer, SC",%,22.85,19.77,25.93,1324
24860.0,2019,"Greenville-Anderson-Greer, SC",%,21.15,17.94,24.36,860
24860.0,2020,"Greenville-Anderson-Greer, SC",%,23.21,18.39,28.03,460
24860.0,2021,"Greenville-Anderson-Greer, SC",%,19.689999999999998,16.69,22.689999999999998,956
24860.0,2022,"Greenville-Anderson-Greer, SC",%,22.53,19.51,25.55,1100
25180.0,2011,"Hagerstown-Martinsburg, MD-WV",%,16.25,12.33,20.17,366
25180.0,2012,"Hagerstown-Martinsburg, MD-WV",%,20.74,16.290000000000003,25.19,486
25180.0,2013,"Hagerstown-Martinsburg, MD-WV",%,24.71,19.79,29.630000000000003,504
25180.0,2014,"Hagerstown-Martinsburg, MD-WV",%,21.84,16.69,26.990000000000002,462
25180.0,2015,"Hagerstown-Martinsburg, MD-WV",%,22.43,15.960000000000003,28.9,507
25180.0,2016,"Hagerstown-Martinsburg, MD-WV",%,20.62,17.5,23.740000000000002,714
25180.0,2017,"Hagerstown-Martinsburg, MD-WV",%,21.719999999999995,17.230000000000004,26.210000000000004,489
25180.0,2018,"Hagerstown-Martinsburg, MD-WV",%,19.2,15.97,22.43,588
25180.0,2019,"Hagerstown-Martinsburg, MD-WV",%,23.52,19.52,27.52,633
25180.0,2020,"Hagerstown-Martinsburg, MD-WV",%,22.48,18.78,26.18,537
25180.0,2021,"Hagerstown-Martinsburg, MD-WV",%,24.72,21.45,27.990000000000002,894
25180.0,2022,"Hagerstown-Martinsburg, MD-WV",%,23.199999999999996,19.77,26.63,921
25540.0,2011,"Hartford-West Hartford-East Hartford, CT",%,15.920000000000002,13.86,17.98,886
25540.0,2012,"Hartford-West Hartford-East Hartford, CT",%,17.55,15.61,19.49,984
25540.0,2013,"Hartford-West Hartford-East Hartford, CT",%,19.03,16.95,21.11,1132
25540.0,2014,"Hartford-West Hartford-East Hartford, CT",%,18.16,16.22,20.1,972
25540.0,2015,"Hartford-West Hartford-East Hartford, CT",%,18.79,17.14,20.44,1596
25540.0,2016,"Hartford-West Hartford-East Hartford, CT",%,16.52,14.81,18.23,1298
25540.0,2017,"Hartford-West Hartford-East Hartford, CT",%,18.38,16.52,20.24,1352
25540.0,2018,"Hartford-West Hartford-East Hartford, CT",%,15.340000000000002,13.65,17.03,1160
25540.0,2019,"Hartford-West Hartford-East Hartford, CT",%,14.77,13.1,16.44,996
25540.0,2020,"Hartford-West Hartford-East Hartford, CT",%,18.93,16.44,21.42,1196
25540.0,2021,"Hartford-West Hartford-East Hartford, CT",%,20.29,18.19,22.39,1440
25540.0,2022,"Hartford-West Hartford-East Hartford, CT",%,21.21,19.17,23.25,1654
26420.0,2011,"Houston-Pasadena-The Woodlands, TX",%,14.41,12.550000000000002,16.27,4160
26420.0,2012,"Houston-Pasadena-The Woodlands, TX",%,15.569999999999999,13.020000000000001,18.12,1920
26420.0,2013,"Houston-Pasadena-The Woodlands, TX",%,13.7,11.109999999999998,16.29,1910
26420.0,2014,"Houston-Pasadena-The Woodlands, TX",%,13.0,10.8,15.2,3220
26420.0,2015,"Houston-Pasadena-The Woodlands, TX",%,15.05,11.99,18.11,3250
26420.0,2016,"Houston-Pasadena-The Woodlands, TX",%,11.980000000000002,9.35,14.61,2130
26420.0,2017,"Houston-Pasadena-The Woodlands, TX",%,16.049999999999997,12.479999999999999,19.62,3790
26420.0,2018,"Houston-Pasadena-The Woodlands, TX",%,12.63,9.63,15.63,2500
26420.0,2019,"Houston-Pasadena-The Woodlands, TX",%,14.97,11.83,18.110000000000003,4840
26420.0,2020,"Houston-Pasadena-The Woodlands, TX",%,15.39,11.78,19.0,2150
26420.0,2021,"Houston-Pasadena-The Woodlands, TX",%,15.07,11.519999999999998,18.62,2120
26420.0,2022,"Houston-Pasadena-The Woodlands, TX",%,15.280000000000001,12.58,17.98,4460
26580.0,2011,"Huntington-Ashland, WV-KY-OH",%,19.74,15.76,23.72,1264
26580.0,2012,"Huntington-Ashland, WV-KY-OH",%,23.78,20.53,27.03,2152
26580.0,2013,"Huntington-Ashland, WV-KY-OH",%,25.17,22.09,28.25,2336
26580.0,2014,"Huntington-Ashland, WV-KY-OH",%,25.21,21.96,28.459999999999997,2472
26580.0,2015,"Huntington-Ashland, WV-KY-OH",%,24.46,21.38,27.54,2296
26580.0,2016,"Huntington-Ashland, WV-KY-OH",%,24.45,21.67,27.23,2760
26580.0,2017,"Huntington-Ashland, WV-KY-OH",%,27.959999999999997,24.67,31.25,2688
26580.0,2018,"Huntington-Ashland, WV-KY-OH",%,25.68,22.39,28.97,2296
26580.0,2019,"Huntington-Ashland, WV-KY-OH",%,27.309999999999995,23.82,30.800000000000004,2448
26580.0,2020,"Huntington-Ashland, WV-KY-OH",%,28.01,24.13,31.89,2016
26580.0,2021,"Huntington-Ashland, WV-KY-OH",%,29.59,26.06,33.12,2512
26580.0,2022,"Huntington-Ashland, WV-KY-OH",%,29.29,25.74,32.84,2192
26900.0,2011,"Indianapolis-Carmel-Greenwood, IN",%,20.670000000000005,18.220000000000002,23.120000000000005,4455
26900.0,2012,"Indianapolis-Carmel-Greenwood, IN",%,19.549999999999997,17.43,21.670000000000005,4818
26900.0,2013,"Indianapolis-Carmel-Greenwood, IN",%,20.819999999999997,18.780000000000005,22.86,5973
26900.0,2014,"Indianapolis-Carmel-Greenwood, IN",%,21.560000000000002,19.639999999999997,23.48,8195
26900.0,2015,"Indianapolis-Carmel-Greenwood, IN",%,21.529999999999998,18.88,24.18,4444
26900.0,2016,"Indianapolis-Carmel-Greenwood, IN",%,15.200000000000001,13.420000000000002,16.98,5544
26900.0,2017,"Indianapolis-Carmel-Greenwood, IN",%,22.570000000000004,20.81,24.33,9779
26900.0,2018,"Indianapolis-Carmel-Greenwood, IN",%,19.27,17.09,21.450000000000003,4873
26900.0,2019,"Indianapolis-Carmel-Greenwood, IN",%,20.450000000000003,18.389999999999997,22.51,5588
26900.0,2020,"Indianapolis-Carmel-Greenwood, IN",%,22.410000000000004,20.39,24.430000000000003,6347
26900.0,2021,"Indianapolis-Carmel-Greenwood, IN",%,23.36,21.48,25.24,7425
26900.0,2022,"Indianapolis-Carmel-Greenwood, IN",%,22.170000000000005,20.35,23.98999999999999,7612
28140.0,2011,"Kansas City, MO-KS",%,16.759999999999998,14.979999999999999,18.540000000000003,14770
28140.0,2012,"Kansas City, MO-KS",%,16.659999999999997,14.7,18.62,10570
28140.0,2013,"Kansas City, MO-KS",%,19.409999999999997,17.530000000000005,21.29,19138
28140.0,2014,"Kansas City, MO-KS",%,19.939999999999998,17.900000000000002,21.980000000000004,12572
28140.0,2015,"Kansas City, MO-KS",%,19.030000000000005,17.460000000000004,20.60000000000001,20076
28140.0,2016,"Kansas City, MO-KS",%,18.079999999999995,16.24,19.92000000000001,10290
28140.0,2017,"Kansas City, MO-KS",%,20.450000000000003,18.819999999999997,22.080000000000002,21308
28140.0,2018,"Kansas City, MO-KS",%,21.340000000000007,19.2,23.479999999999997,11970
28140.0,2019,"Kansas City, MO-KS",%,21.609999999999992,19.59,23.63,11914
28140.0,2020,"Kansas City, MO-KS",%,21.629999999999992,19.75,23.51,11326
28140.0,2021,"Kansas City, MO-KS",%,19.55,18.0,21.1,15890
28140.0,2022,"Kansas City, MO-KS",%,20.670000000000005,18.929999999999996,22.409999999999997,9996
28940.0,2011,"Knoxville, TN",%,19.08,12.2,25.96,1044
28940.0,2012,"Knoxville, TN",%,20.79,17.14,24.44,1530
28940.0,2013,"Knoxville, TN",%,21.32,17.359999999999996,25.28,1431
28940.0,2014,"Knoxville, TN",%,27.0,21.28,32.72,1161
28940.0,2015,"Knoxville, TN",%,21.64,17.07,26.21,1251
28940.0,2016,"Knoxville, TN",%,22.8,18.66,26.94,1467
28940.0,2017,"Knoxville, TN",%,24.71,20.2,29.220000000000002,1251
28940.0,2018,"Knoxville, TN",%,28.79,23.91,33.67,1341
28940.0,2019,"Knoxville, TN",%,30.2,25.46,34.94,1575
28940.0,2020,"Knoxville, TN",%,26.890000000000004,22.24,31.539999999999996,1242
28940.0,2021,"Knoxville, TN",%,27.299999999999997,23.280000000000005,31.32,1521
28940.0,2022,"Knoxville, TN",%,32.23,27.6,36.86,1692
30700.0,2011,"Lincoln, NE",%,17.87,16.22,19.52,1120
30700.0,2012,"Lincoln, NE",%,18.57,16.37,20.77,640
30700.0,2013,"Lincoln, NE",%,17.38,15.4,19.36,704
30700.0,2014,"Lincoln, NE",%,19.2,16.85,21.55,726
30700.0,2015,"Lincoln, NE",%,17.56,15.33,19.79,628
30700.0,2016,"Lincoln, NE",%,18.19,15.74,20.64,548
30700.0,2017,"Lincoln, NE",%,20.71,18.12,23.3,618
30700.0,2018,"Lincoln, NE",%,18.69,16.26,21.12,562
30700.0,2019,"Lincoln, NE",%,16.73,14.670000000000002,18.79,634
30700.0,2020,"Lincoln, NE",%,19.36,17.01,21.71,654
30700.0,2021,"Lincoln, NE",%,18.52,16.23,20.81,628
30700.0,2022,"Lincoln, NE",%,17.58,14.25,20.91,276
30780.0,2011,"Little Rock-North Little Rock-Conway, AR",%,23.52,19.439999999999998,27.6,1308
30780.0,2012,"Little Rock-North Little Rock-Conway, AR",%,22.63,19.470000000000002,25.790000000000003,1620
30780.0,2013,"Little Rock-North Little Rock-Conway, AR",%,22.73,19.360000000000003,26.099999999999998,1512
30780.0,2014,"Little Rock-North Little Rock-Conway, AR",%,23.93,20.340000000000003,27.52,1554
30780.0,2015,"Little Rock-North Little Rock-Conway, AR",%,22.77,18.61,26.93,1356
30780.0,2016,"Little Rock-North Little Rock-Conway, AR",%,23.0,18.63,27.370000000000005,1416
30780.0,2017,"Little Rock-North Little Rock-Conway, AR",%,23.26,18.99,27.53,1368
30780.0,2018,"Little Rock-North Little Rock-Conway, AR",%,23.859999999999996,19.82,27.899999999999995,1182
30780.0,2019,"Little Rock-North Little Rock-Conway, AR",%,25.0,21.02,28.98,1386
30780.0,2020,"Little Rock-North Little Rock-Conway, AR",%,21.330000000000002,17.68,24.98,1230
30780.0,2021,"Little Rock-North Little Rock-Conway, AR",%,21.83,18.11,25.55,1296
30780.0,2022,"Little Rock-North Little Rock-Conway, AR",%,25.84,22.25,29.430000000000003,1542
31080.0,2011,"Los Angeles-Long Beach-Anaheim, CA",%,11.35,9.74,12.96,358
31080.0,2012,"Los Angeles-Long Beach-Anaheim, CA",%,10.30126838235294,8.712628676470588,11.889908088235295,544
31080.0,2013,"Los Angeles-Long Beach-Anaheim, CA",%,12.08,10.49,13.67,796
31080.0,2014,"Los Angeles-Long Beach-Anaheim, CA",%,11.76,10.23,13.29,674
31080.0,2015,"Los Angeles-Long Beach-Anaheim, CA",%,9.99,8.77,11.210000000000003,742
31080.0,2016,"Los Angeles-Long Beach-Anaheim, CA",%,13.42,11.85,14.99,968
31080.0,2017,"Los Angeles-Long Beach-Anaheim, CA",%,16.22,14.060000000000002,18.38,712
31080.0,2018,"Los Angeles-Long Beach-Anaheim, CA",%,14.51,13.04,15.979999999999999,1078
31080.0,2019,"Los Angeles-Long Beach-Anaheim, CA",%,12.81,11.42,14.2,934
31080.0,2020,"Los Angeles-Long Beach-Anaheim, CA",%,13.17,10.740000000000002,15.6,402
31080.0,2021,"Los Angeles-Long Beach-Anaheim, CA",%,13.62,11.76,15.479999999999999,576
31080.0,2022,"Los Angeles-Long Beach-Anaheim, CA",%,18.16,16.22,20.1,1228
31140.0,2011,"Louisville/Jefferson County, KY-IN",%,17.939999999999994,15.469999999999997,20.410000000000004,5964
31140.0,2012,"Louisville/Jefferson County, KY-IN",%,22.16,19.360000000000007,24.960000000000004,4944
31140.0,2013,"Louisville/Jefferson County, KY-IN",%,18.51,15.860000000000001,21.16,4560
31140.0,2014,"Louisville/Jefferson County, KY-IN",%,22.639999999999997,19.539999999999996,25.74,6144
31140.0,2015,"Louisville/Jefferson County, KY-IN",%,17.9,15.040000000000001,20.76,3720
31140.0,2016,"Louisville/Jefferson County, KY-IN",%,20.949999999999996,19.089999999999996,22.810000000000006,8928
31140.0,2017,"Louisville/Jefferson County, KY-IN",%,21.87,18.34,25.399999999999995,4836
31140.0,2018,"Louisville/Jefferson County, KY-IN",%,21.059999999999995,17.39,24.730000000000004,3924
31140.0,2019,"Louisville/Jefferson County, KY-IN",%,22.879999999999995,19.349999999999998,26.409999999999997,3444
31140.0,2020,"Louisville/Jefferson County, KY-IN",%,22.599999999999998,18.969999999999995,26.23,2592
31140.0,2021,"Louisville/Jefferson County, KY-IN",%,24.99,21.36,28.620000000000005,3144
31140.0,2022,"Louisville/Jefferson County, KY-IN",%,24.379999999999995,20.260000000000005,28.5,2580
32820.0,2011,"Memphis, TN-MS-AR",%,15.16,10.610000000000001,19.709999999999997,1827
32820.0,2012,"Memphis, TN-MS-AR",%,18.73,15.52,21.94,2214
32820.0,2013,"Memphis, TN-MS-AR",%,12.88,10.33,15.43,1791
32820.0,2014,"Memphis, TN-MS-AR",%,14.089999999999998,10.64,17.54,1287
32820.0,2015,"Memphis, TN-MS-AR",%,15.789999999999997,12.24,19.34,1629
32820.0,2016,"Memphis, TN-MS-AR",%,20.41,16.71,24.109999999999996,1638
32820.0,2017,"Memphis, TN-MS-AR",%,17.450000000000003,14.200000000000001,20.7,1638
32820.0,2018,"Memphis, TN-MS-AR",%,23.09,18.62,27.56,1638
32820.0,2019,"Memphis, TN-MS-AR",%,20.74,17.070000000000004,24.41,1512
32820.0,2020,"Memphis, TN-MS-AR",%,21.27,17.059999999999995,25.48,1341
32820.0,2021,"Memphis, TN-MS-AR",%,20.04,16.0,24.08,1431
32820.0,2022,"Memphis, TN-MS-AR",%,24.470000000000002,19.919999999999998,29.020000000000003,1647
33340.0,2011,"Milwaukee-Waukesha, WI",%,13.76,10.72,16.8,980
33340.0,2012,"Milwaukee-Waukesha, WI",%,15.86,12.92,18.800000000000004,872
33340.0,2013,"Milwaukee-Waukesha, WI",%,20.5,16.89,24.109999999999996,896
33340.0,2014,"Milwaukee-Waukesha, WI",%,19.01,15.68,22.339999999999996,912
33340.0,2015,"Milwaukee-Waukesha, WI",%,19.43,16.14,22.72,1180
33340.0,2016,"Milwaukee-Waukesha, WI",%,16.44,13.54,19.34,832
33340.0,2017,"Milwaukee-Waukesha, WI",%,19.28,16.1,22.46,804
33340.0,2018,"Milwaukee-Waukesha, WI",%,19.64,16.11,23.17,692
33340.0,2019,"Milwaukee-Waukesha, WI",%,19.88,16.51,23.25,728
33340.0,2020,"Milwaukee-Waukesha, WI",%,18.23,14.96,21.5,664
33340.0,2021,"Milwaukee-Waukesha, WI",%,18.42,15.26,21.58,860
33340.0,2022,"Milwaukee-Waukesha, WI",%,21.49,19.18,23.8,1784
33460.0,2011,"Minneapolis-St. Paul-Bloomington, MN-WI",%,15.030000000000005,13.930000000000003,16.13,24195
33460.0,2012,"Minneapolis-St. Paul-Bloomington, MN-WI",%,16.540000000000003,15.4,17.679999999999996,22650
33460.0,2013,"Minneapolis-St. Paul-Bloomington, MN-WI",%,18.200000000000003,16.75,19.650000000000006,27840
33460.0,2014,"Minneapolis-St. Paul-Bloomington, MN-WI",%,18.04,17.06,19.02,24750
33460.0,2015,"Minneapolis-St. Paul-Bloomington, MN-WI",%,18.830000000000002,17.789999999999996,19.87,25680
33460.0,2016,"Minneapolis-St. Paul-Bloomington, MN-WI",%,16.88,15.899999999999997,17.860000000000003,21555
33460.0,2017,"Minneapolis-St. Paul-Bloomington, MN-WI",%,19.2,18.100000000000005,20.3,23460
33460.0,2018,"Minneapolis-St. Paul-Bloomington, MN-WI",%,17.62,16.660000000000004,18.580000000000002,23040
33460.0,2019,"Minneapolis-St. Paul-Bloomington, MN-WI",%,20.539999999999996,19.48,21.599999999999994,25215
33460.0,2020,"Minneapolis-St. Paul-Bloomington, MN-WI",%,19.799999999999997,18.76000000000001,20.840000000000003,26115
33460.0,2021,"Minneapolis-St. Paul-Bloomington, MN-WI",%,20.219999999999995,19.280000000000005,21.160000000000004,31950
33460.0,2022,"Minneapolis-St. Paul-Bloomington, MN-WI",%,23.14999999999999,22.09,24.210000000000004,37770
34980.0,2011,"Nashville-Davidson--Murfreesboro--Franklin, TN",%,19.629999999999995,14.179999999999996,25.08,2030
34980.0,2012,"Nashville-Davidson--Murfreesboro--Franklin, TN",%,16.63,14.220000000000006,19.040000000000003,3542
34980.0,2013,"Nashville-Davidson--Murfreesboro--Franklin, TN",%,16.809999999999995,13.89,19.730000000000004,2814
34980.0,2014,"Nashville-Davidson--Murfreesboro--Franklin, TN",%,19.21,15.58,22.84,2212
34980.0,2015,"Nashville-Davidson--Murfreesboro--Franklin, TN",%,19.919999999999998,16.590000000000003,23.25,3402
34980.0,2016,"Nashville-Davidson--Murfreesboro--Franklin, TN",%,18.120000000000005,14.850000000000001,21.390000000000004,2772
34980.0,2017,"Nashville-Davidson--Murfreesboro--Franklin, TN",%,21.24,17.67,24.81,2856
34980.0,2018,"Nashville-Davidson--Murfreesboro--Franklin, TN",%,24.21,20.53000000000001,27.89,2926
34980.0,2019,"Nashville-Davidson--Murfreesboro--Franklin, TN",%,23.9,20.41,27.390000000000004,3374
34980.0,2020,"Nashville-Davidson--Murfreesboro--Franklin, TN",%,20.989999999999995,17.5,24.480000000000004,2814
34980.0,2021,"Nashville-Davidson--Murfreesboro--Franklin, TN",%,23.839999999999996,20.41,27.270000000000003,2856
34980.0,2022,"Nashville-Davidson--Murfreesboro--Franklin, TN",%,26.929999999999993,23.52,30.339999999999996,3332
35380.0,2011,"New Orleans-Metairie, LA",%,19.870000000000005,17.15,22.590000000000003,2926
35380.0,2012,"New Orleans-Metairie, LA",%,15.270000000000001,12.600000000000001,17.94,1344
35380.0,2013,"New Orleans-Metairie, LA",%,18.09,14.68,21.5,1764
35380.0,2014,"New Orleans-Metairie, LA",%,19.360000000000003,17.110000000000003,21.610000000000003,2562
35380.0,2015,"New Orleans-Metairie, LA",%,20.99,17.830000000000002,24.15,1463
35380.0,2016,"New Orleans-Metairie, LA",%,21.0,17.079999999999995,24.92,1904
35380.0,2017,"New Orleans-Metairie, LA",%,20.65,17.24,24.060000000000002,1330
35380.0,2018,"New Orleans-Metairie, LA",%,24.409999999999997,20.650000000000002,28.169999999999998,1757
35380.0,2019,"New Orleans-Metairie, LA",%,20.860000000000003,17.759999999999998,23.960000000000004,1498
35380.0,2020,"New Orleans-Metairie, LA",%,24.599999999999998,21.110000000000003,28.09,1862
35380.0,2021,"New Orleans-Metairie, LA",%,23.35,20.25,26.450000000000003,2198
35380.0,2022,"New Orleans-Metairie, LA",%,27.88,25.060000000000002,30.700000000000003,2996
35620.0,2011,"New York-Newark-Jersey City, NY-NJ",%,11.098363914373092,9.439969418960246,12.75675840978593,2616
35620.0,2012,"New York-Newark-Jersey City, NY-NJ",%,12.664250715876552,11.237800190900414,14.090701240852688,15715
35620.0,2013,"New York-Newark-Jersey City, NY-NJ",%,13.740176305446377,12.543233576642336,14.937119034250422,17810
35620.0,2014,"New York-Newark-Jersey City, NY-NJ",%,14.09073537927041,12.84518818760857,15.336282570932253,15543
35620.0,2015,"New York-Newark-Jersey City, NY-NJ",%,12.980940123797268,11.889502972360116,14.072377275234418,16317
35620.0,2016,"New York-Newark-Jersey City, NY-NJ",%,10.639308275426407,9.592795325331648,11.685821225521163,12664
35620.0,2017,"New York-Newark-Jersey City, NY-NJ",%,13.789898277655762,12.61875852502601,14.961038030285517,17302
35620.0,2018,"New York-Newark-Jersey City, NY-NJ",%,12.791394101876678,11.56803217158177,14.01475603217158,14920
35620.0,2019,"New York-Newark-Jersey City, NY-NJ",%,12.589066897062452,11.347057516662554,13.831076277462353,8102
35620.0,2020,"New York-Newark-Jersey City, NY-NJ",%,14.68065188576937,13.511326665863358,15.849977105675386,16598
35620.0,2021,"New York-Newark-Jersey City, NY-NJ",%,15.028684223242326,13.978632036723845,16.07873640976081,20695
35620.0,2022,"New York-Newark-Jersey City, NY-NJ",%,15.224096888703277,14.143725203591565,16.30446857381499,19156
36260.0,2011,"Ogden, UT",%,23.17,20.97,25.37,1506
36260.0,2012,"Ogden, UT",%,21.37,19.37,23.37,1608
36260.0,2013,"Ogden, UT",%,22.53,20.53,24.53,1725
36260.0,2014,"Ogden, UT",%,21.5,19.76,23.24,1860
36260.0,2015,"Ogden, UT",%,22.52,20.4,24.639999999999997,1428
36260.0,2016,"Ogden, UT",%,21.94,19.8,24.079999999999995,1530
36260.0,2017,"Ogden, UT",%,24.02,21.71,26.33,1275
36260.0,2018,"Ogden, UT",%,26.52,24.170000000000005,28.870000000000005,1455
36260.0,2019,"Ogden, UT",%,25.41,23.18,27.64,1602
36260.0,2020,"Ogden, UT",%,24.719999999999995,22.489999999999995,26.95,1446
36260.0,2021,"Ogden, UT",%,25.409999999999997,22.840000000000003,27.979999999999997,1176
36260.0,2022,"Ogden, UT",%,29.13,26.46,31.799999999999997,1548
36420.0,2011,"Oklahoma City, OK",%,19.599999999999998,17.660000000000004,21.54,4354
36420.0,2012,"Oklahoma City, OK",%,21.04,18.92,23.16,3787
36420.0,2013,"Oklahoma City, OK",%,20.26,18.34,22.18,4095
36420.0,2014,"Oklahoma City, OK",%,20.260000000000005,18.279999999999998,22.239999999999995,3605
36420.0,2015,"Oklahoma City, OK",%,20.18,17.69,22.67,2947
36420.0,2016,"Oklahoma City, OK",%,20.2,17.91,22.490000000000002,2870
36420.0,2017,"Oklahoma City, OK",%,23.14,20.79,25.489999999999995,3514
36420.0,2018,"Oklahoma City, OK",%,22.46,19.91,25.01,2625
36420.0,2019,"Oklahoma City, OK",%,21.900000000000002,19.610000000000003,24.190000000000005,2919
36420.0,2020,"Oklahoma City, OK",%,21.769999999999996,19.179999999999996,24.360000000000003,2219
36420.0,2021,"Oklahoma City, OK",%,23.72,21.03,26.410000000000004,2632
36420.0,2022,"Oklahoma City, OK",%,25.350000000000005,22.900000000000002,27.8,3157
36540.0,2011,"Omaha, NE-IA",%,16.91,15.640000000000002,18.18,9616
36540.0,2012,"Omaha, NE-IA",%,17.96,16.53,19.39,7968
36540.0,2013,"Omaha, NE-IA",%,20.11,18.17,22.05,4936
36540.0,2014,"Omaha, NE-IA",%,18.52,16.91,20.13,6992
36540.0,2015,"Omaha, NE-IA",%,18.6,16.91,20.29,5928
36540.0,2016,"Omaha, NE-IA",%,18.76,16.86,20.66,4848
36540.0,2017,"Omaha, NE-IA",%,20.61,18.77,22.45,5416
36540.0,2018,"Omaha, NE-IA",%,17.6,15.91,19.29,4768
36540.0,2019,"Omaha, NE-IA",%,17.64,16.09,19.19,5672
36540.0,2020,"Omaha, NE-IA",%,17.41,15.76,19.06,5176
36540.0,2021,"Omaha, NE-IA",%,18.62,17.05,20.19,4888
36540.0,2022,"Omaha, NE-IA",%,18.1,16.06,20.14,2872
37980.0,2011,"Philadelphia-Camden-Wilmington, PA-NJ-DE-MD",%,15.492748012443831,13.436190805392327,17.549305219495334,2893
37980.0,2012,"Philadelphia-Camden-Wilmington, PA-NJ-DE-MD",%,16.36039578454332,14.28249180327869,18.438299765807965,4270
37980.0,2013,"Philadelphia-Camden-Wilmington, PA-NJ-DE-MD",%,17.752991893883564,15.588246131171703,19.91773765659543,4071
37980.0,2014,"Philadelphia-Camden-Wilmington, PA-NJ-DE-MD",%,17.519741071428573,15.048437500000002,19.991044642857144,3360
37980.0,2015,"Philadelphia-Camden-Wilmington, PA-NJ-DE-MD",%,18.557135193133046,15.734463519313302,21.37980686695279,2796
37980.0,2016,"Philadelphia-Camden-Wilmington, PA-NJ-DE-MD",%,17.413375927452595,14.706755976916734,20.11999587798846,2426
37980.0,2017,"Philadelphia-Camden-Wilmington, PA-NJ-DE-MD",%,18.961820027063602,16.233122462787552,21.69051759133965,2956
37980.0,2018,"Philadelphia-Camden-Wilmington, PA-NJ-DE-MD",%,18.14370638876303,15.63853647485274,20.648876302673315,2207
37980.0,2019,"Philadelphia-Camden-Wilmington, PA-NJ-DE-MD",%,19.36527630180659,16.517731137088205,22.21282146652497,1882
37980.0,2020,"Philadelphia-Camden-Wilmington, PA-NJ-DE-MD",%,17.57820644216691,15.031043191800878,20.125369692532942,2732
37980.0,2021,"Philadelphia-Camden-Wilmington, PA-NJ-DE-MD",%,20.034549147034934,16.96306255077173,23.10603574329813,2462
37980.0,2022,"Philadelphia-Camden-Wilmington, PA-NJ-DE-MD",%,20.482026112185686,17.432045454545456,23.53200676982592,2068
38060.0,2011,"Phoenix-Mesa-Chandler, AZ",%,16.97,14.76,19.18,758
38060.0,2012,"Phoenix-Mesa-Chandler, AZ",%,18.18,16.12,20.24,958
38060.0,2013,"Phoenix-Mesa-Chandler, AZ",%,17.36,14.669999999999998,20.05,616
38060.0,2014,"Phoenix-Mesa-Chandler, AZ",%,17.55,16.35,18.75,3472
38060.0,2015,"Phoenix-Mesa-Chandler, AZ",%,17.57,16.1,19.04,1762
38060.0,2016,"Phoenix-Mesa-Chandler, AZ",%,16.3,14.769999999999998,17.83,1736
38060.0,2017,"Phoenix-Mesa-Chandler, AZ",%,18.48,17.48,19.48,3358
38060.0,2018,"Phoenix-Mesa-Chandler, AZ",%,16.56,14.8,18.32,1054
38060.0,2019,"Phoenix-Mesa-Chandler, AZ",%,16.43,14.65,18.21,1048
38060.0,2020,"Phoenix-Mesa-Chandler, AZ",%,16.69,15.36,18.02,1522
38060.0,2021,"Phoenix-Mesa-Chandler, AZ",%,16.92,15.61,18.23,1622
38060.0,2022,"Phoenix-Mesa-Chandler, AZ",%,19.59,17.85,21.33,1502
38300.0,2011,"Pittsburgh, PA",%,19.15,17.09,21.21,3840
38300.0,2012,"Pittsburgh, PA",%,18.17,16.5,19.84,5024
38300.0,2013,"Pittsburgh, PA",%,16.47,14.51,18.43,3056
38300.0,2014,"Pittsburgh, PA",%,19.41,17.37,21.45,3720
38300.0,2015,"Pittsburgh, PA",%,18.94,16.35,21.53,2000
38300.0,2016,"Pittsburgh, PA",%,18.42,16.13,20.71,2376
38300.0,2017,"Pittsburgh, PA",%,18.93,16.4,21.46,2160
38300.0,2018,"Pittsburgh, PA",%,23.51,20.43,26.59,2128
38300.0,2019,"Pittsburgh, PA",%,17.64,15.5,19.78,2592
38300.0,2020,"Pittsburgh, PA",%,20.24,17.57,22.91,2160
38300.0,2021,"Pittsburgh, PA",%,19.07,16.58,21.56,2208
38300.0,2022,"Pittsburgh, PA",%,21.83,18.64,25.02,1800
38860.0,2011,"Portland-South Portland, ME",%,22.96,21.27,24.65,2943
38860.0,2012,"Portland-South Portland, ME",%,22.44,20.68,24.199999999999996,2157
38860.0,2013,"Portland-South Portland, ME",%,22.79,20.69,24.89,1806
38860.0,2014,"Portland-South Portland, ME",%,21.43,19.31,23.55,1773
38860.0,2015,"Portland-South Portland, ME",%,23.41,21.0,25.82,1731
38860.0,2016,"Portland-South Portland, ME",%,20.93,18.520000000000003,23.34,1542
38860.0,2017,"Portland-South Portland, ME",%,23.3,20.909999999999997,25.69,1770
38860.0,2018,"Portland-South Portland, ME",%,21.33,18.82,23.84,1557
38860.0,2019,"Portland-South Portland, ME",%,22.74,20.43,25.049999999999997,1749
38860.0,2020,"Portland-South Portland, ME",%,21.99,19.74,24.24,1557
38860.0,2021,"Portland-South Portland, ME",%,22.08,20.100000000000005,24.06,2115
38860.0,2022,"Portland-South Portland, ME",%,24.32,22.029999999999998,26.609999999999996,1902
38900.0,2011,"Portland-Vancouver-Hillsboro, OR-WA",%,22.759999999999998,20.800000000000004,24.719999999999995,5684
38900.0,2012,"Portland-Vancouver-Hillsboro, OR-WA",%,21.93,20.03,23.829999999999995,5166
38900.0,2013,"Portland-Vancouver-Hillsboro, OR-WA",%,25.840000000000003,23.8,27.880000000000003,5929
38900.0,2014,"Portland-Vancouver-Hillsboro, OR-WA",%,22.779999999999998,20.68,24.879999999999995,4669
38900.0,2015,"Portland-Vancouver-Hillsboro, OR-WA",%,24.619999999999997,22.599999999999998,26.64,5404
38900.0,2016,"Portland-Vancouver-Hillsboro, OR-WA",%,23.220000000000006,21.48,24.96,5299
38900.0,2017,"Portland-Vancouver-Hillsboro, OR-WA",%,23.05,21.229999999999997,24.87,5187
38900.0,2018,"Portland-Vancouver-Hillsboro, OR-WA",%,24.7,22.92,26.48,6048
38900.0,2019,"Portland-Vancouver-Hillsboro, OR-WA",%,24.519999999999996,22.700000000000003,26.34,5866
38900.0,2020,"Portland-Vancouver-Hillsboro, OR-WA",%,22.03,20.269999999999996,23.789999999999996,4893
38900.0,2021,"Portland-Vancouver-Hillsboro, OR-WA",%,23.860000000000007,22.06,25.660000000000004,5523
38900.0,2022,"Portland-Vancouver-Hillsboro, OR-WA",%,24.37,22.72,26.019999999999996,7434
39300.0,2011,"Providence-Warwick, RI-MA",%,21.01,19.620000000000005,22.4,11946
39300.0,2012,"Providence-Warwick, RI-MA",%,20.12,18.789999999999996,21.45,10572
39300.0,2013,"Providence-Warwick, RI-MA",%,22.99,21.300000000000004,24.680000000000003,11604
39300.0,2014,"Providence-Warwick, RI-MA",%,21.75,20.100000000000005,23.399999999999995,10572
39300.0,2015,"Providence-Warwick, RI-MA",%,22.55,20.690000000000005,24.41,9252
39300.0,2016,"Providence-Warwick, RI-MA",%,21.12,19.26,22.98,8214
39300.0,2017,"Providence-Warwick, RI-MA",%,23.709999999999997,21.320000000000004,26.099999999999998,8514
39300.0,2018,"Providence-Warwick, RI-MA",%,21.61,19.55,23.67,7638
39300.0,2019,"Providence-Warwick, RI-MA",%,19.78,18.11,21.45,8100
39300.0,2020,"Providence-Warwick, RI-MA",%,21.19,19.19,23.19,7566
39300.0,2021,"Providence-Warwick, RI-MA",%,21.400000000000002,19.71,23.09,8394
39300.0,2022,"Providence-Warwick, RI-MA",%,21.950000000000003,20.299999999999997,23.6,8346
39340.0,2011,"Provo-Orem-Lehi, UT",%,22.06,19.2,24.92,732
39340.0,2012,"Provo-Orem-Lehi, UT",%,19.07,16.82,21.32,678
39340.0,2013,"Provo-Orem-Lehi, UT",%,20.8,18.45,23.15,724
39340.0,2014,"Provo-Orem-Lehi, UT",%,18.33,16.43,20.23,798
39340.0,2015,"Provo-Orem-Lehi, UT",%,19.58,17.44,21.72,718
39340.0,2016,"Provo-Orem-Lehi, UT",%,23.82,21.0,26.64,638
39340.0,2017,"Provo-Orem-Lehi, UT",%,20.75,18.4,23.1,708
39340.0,2018,"Provo-Orem-Lehi, UT",%,23.270000000000003,20.76,25.78,786
39340.0,2019,"Provo-Orem-Lehi, UT",%,21.22,19.1,23.34,926
39340.0,2020,"Provo-Orem-Lehi, UT",%,22.58,20.33,24.83,854
39340.0,2021,"Provo-Orem-Lehi, UT",%,24.38,21.99,26.77,868
39340.0,2022,"Provo-Orem-Lehi, UT",%,25.6,22.859999999999996,28.34,834
39660.0,2011,"Rapid City, SD",%,18.77,14.670000000000002,22.870000000000005,633
39660.0,2012,"Rapid City, SD",%,17.44,14.340000000000002,20.54,579
39660.0,2013,"Rapid City, SD",%,18.169999999999998,14.760000000000002,21.580000000000002,471
39660.0,2014,"Rapid City, SD",%,16.99,14.050000000000002,19.929999999999996,681
39660.0,2015,"Rapid City, SD",%,19.78,16.27,23.290000000000003,747
39660.0,2016,"Rapid City, SD",%,20.28,15.93,24.629999999999995,537
39660.0,2017,"Rapid City, SD",%,20.78,16.57,24.989999999999995,585
39660.0,2018,"Rapid City, SD",%,19.59,15.83,23.35,597
39660.0,2019,"Rapid City, SD",%,20.54,16.66,24.420000000000005,555
39660.0,2020,"Rapid City, SD",%,15.55,12.12,18.98,504
39660.0,2021,"Rapid City, SD",%,16.82,13.230000000000002,20.41,639
39660.0,2022,"Rapid City, SD",%,21.84,17.9,25.78,477
39900.0,2011,"Reno, NV",%,18.27,15.25,21.290000000000003,918
39900.0,2012,"Reno, NV",%,18.79,15.81,21.77,831
39900.0,2013,"Reno, NV",%,15.890000000000002,13.56,18.22,963
39900.0,2014,"Reno, NV",%,16.36,13.64,19.08,630
39900.0,2015,"Reno, NV",%,16.699999999999996,13.47,19.93,528
39900.0,2016,"Reno, NV",%,15.4,13.050000000000002,17.75,663
39900.0,2017,"Reno, NV",%,19.49,16.75,22.229999999999997,720
39900.0,2018,"Reno, NV",%,16.49,13.590000000000002,19.390000000000004,510
39900.0,2019,"Reno, NV",%,16.75,13.75,19.75,432
39900.0,2020,"Reno, NV",%,18.15,14.58,21.72,348
39900.0,2021,"Reno, NV",%,18.3,14.440000000000001,22.16,363
39900.0,2022,"Reno, NV",%,21.34,17.71,24.97,558
40060.0,2011,"Richmond, VA",%,12.34,9.15,15.529999999999998,2261
40060.0,2012,"Richmond, VA",%,13.87,10.85,16.889999999999997,2380
40060.0,2013,"Richmond, VA",%,19.2,16.38,22.020000000000003,4216
40060.0,2014,"Richmond, VA",%,15.83,13.5,18.16,4063
40060.0,2015,"Richmond, VA",%,15.520000000000001,13.19,17.85,3774
40060.0,2016,"Richmond, VA",%,15.599999999999998,13.090000000000002,18.11,3774
40060.0,2017,"Richmond, VA",%,20.84,17.7,23.98,5372
40060.0,2018,"Richmond, VA",%,16.76,13.92,19.6,4573
40060.0,2019,"Richmond, VA",%,17.02,14.330000000000002,19.71,4862
40060.0,2020,"Richmond, VA",%,19.960000000000004,16.51,23.410000000000004,4420
40060.0,2021,"Richmond, VA",%,21.1,17.91,24.29,4777
40060.0,2022,"Richmond, VA",%,22.99,19.83,26.15,6205
41180.0,2011,"St. Louis, MO-IL",%,18.679999999999996,16.47,20.89,7845
41180.0,2012,"St. Louis, MO-IL",%,16.909999999999997,14.709999999999999,19.110000000000007,5790
41180.0,2013,"St. Louis, MO-IL",%,18.87,16.56,21.180000000000003,6660
41180.0,2014,"St. Louis, MO-IL",%,20.03,17.36,22.699999999999996,6015
41180.0,2015,"St. Louis, MO-IL",%,19.409999999999997,17.139999999999997,21.68,6855
41180.0,2016,"St. Louis, MO-IL",%,20.480000000000004,17.929999999999996,23.030000000000005,6855
41180.0,2017,"St. Louis, MO-IL",%,21.55,19.04,24.060000000000006,7050
41180.0,2018,"St. Louis, MO-IL",%,20.269999999999992,17.819999999999993,22.71999999999999,5550
41180.0,2019,"St. Louis, MO-IL",%,22.53,20.140000000000004,24.919999999999995,6735
41180.0,2020,"St. Louis, MO-IL",%,19.379999999999995,17.28000000000001,21.480000000000004,8145
41180.0,2021,"St. Louis, MO-IL",%,21.540000000000003,19.150000000000002,23.93000000000001,8535
41180.0,2022,"St. Louis, MO-IL",%,19.340000000000003,16.810000000000002,21.870000000000005,7485
41620.0,2011,"Salt Lake City-Murray, UT",%,22.69,21.16,24.22,2366
41620.0,2012,"Salt Lake City-Murray, UT",%,22.59,20.98,24.2,2076
41620.0,2013,"Salt Lake City-Murray, UT",%,22.67,21.16,24.18,2212
41620.0,2014,"Salt Lake City-Murray, UT",%,22.03,20.74,23.32,2422
41620.0,2015,"Salt Lake City-Murray, UT",%,22.44,20.85,24.03,1834
41620.0,2016,"Salt Lake City-Murray, UT",%,21.41,19.55,23.27,1336
41620.0,2017,"Salt Lake City-Murray, UT",%,23.77,21.93,25.61,1576
41620.0,2018,"Salt Lake City-Murray, UT",%,23.86,22.17,25.55,1708
41620.0,2019,"Salt Lake City-Murray, UT",%,24.1,22.39,25.81,1846
41620.0,2020,"Salt Lake City-Murray, UT",%,23.62,21.899999999999995,25.339999999999996,1676
41620.0,2021,"Salt Lake City-Murray, UT",%,25.44,23.66,27.22,1742
41620.0,2022,"Salt Lake City-Murray, UT",%,26.96,24.940000000000005,28.98,1618
41700.0,2011,"San Antonio-New Braunfels, TX",%,16.74,13.58,19.9,1792
41700.0,2012,"San Antonio-New Braunfels, TX",%,15.980000000000002,12.65,19.31,1088
41700.0,2013,"San Antonio-New Braunfels, TX",%,17.77,14.67,20.87,1408
41700.0,2014,"San Antonio-New Braunfels, TX",%,14.860000000000001,12.98,16.74,3128
41700.0,2015,"San Antonio-New Braunfels, TX",%,15.07,11.74,18.4,984
41700.0,2016,"San Antonio-New Braunfels, TX",%,13.57,10.1,17.04,680
41700.0,2017,"San Antonio-New Braunfels, TX",%,21.35,15.67,27.03,1016
41700.0,2018,"San Antonio-New Braunfels, TX",%,16.92,12.8,21.04,968
41700.0,2019,"San Antonio-New Braunfels, TX",%,18.53,14.57,22.49,936
41700.0,2020,"San Antonio-New Braunfels, TX",%,18.58,14.33,22.83,1000
41700.0,2021,"San Antonio-New Braunfels, TX",%,23.4,18.89,27.91,1152
41700.0,2022,"San Antonio-New Braunfels, TX",%,26.47,22.96,29.98,2456
42660.0,2011,"Seattle-Tacoma-Bellevue, WA",%,19.377095837366895,17.14619554695063,21.607996127783156,1033
42660.0,2012,"Seattle-Tacoma-Bellevue, WA",%,22.042412790697675,20.169970930232555,23.914854651162788,1376
42660.0,2013,"Seattle-Tacoma-Bellevue, WA",%,23.32,21.6,25.04,889
42660.0,2014,"Seattle-Tacoma-Bellevue, WA",%,20.08,18.36,21.800000000000004,802
42660.0,2015,"Seattle-Tacoma-Bellevue, WA",%,19.73,18.38,21.08,1188
42660.0,2016,"Seattle-Tacoma-Bellevue, WA",%,19.45,18.12,20.78,999
42660.0,2017,"Seattle-Tacoma-Bellevue, WA",%,21.55,20.04,23.06,908
42660.0,2018,"Seattle-Tacoma-Bellevue, WA",%,23.01,21.42,24.6,922
42660.0,2019,"Seattle-Tacoma-Bellevue, WA",%,23.06,21.51,24.61,936
42660.0,2020,"Seattle-Tacoma-Bellevue, WA",%,21.74,20.25,23.23,913
42660.0,2021,"Seattle-Tacoma-Bellevue, WA",%,22.420000000000005,20.91,23.93,946
42660.0,2022,"Seattle-Tacoma-Bellevue, WA",%,22.49,21.41,23.57,2019
43580.0,2011,"Sioux City, IA-NE-SD",%,19.75,14.73,24.77,699
43580.0,2012,"Sioux City, IA-NE-SD",%,16.85,11.869999999999997,21.83,546
43580.0,2013,"Sioux City, IA-NE-SD",%,14.79,10.650000000000002,18.93,543
43580.0,2014,"Sioux City, IA-NE-SD",%,16.49,12.39,20.59,555
43580.0,2015,"Sioux City, IA-NE-SD",%,17.61,11.77,23.449999999999996,453
43580.0,2016,"Sioux City, IA-NE-SD",%,16.0,11.3,20.700000000000003,411
43580.0,2017,"Sioux City, IA-NE-SD",%,20.36,15.87,24.85,504
43580.0,2018,"Sioux City, IA-NE-SD",%,13.06,9.87,16.25,360
43580.0,2019,"Sioux City, IA-NE-SD",%,13.469999999999999,9.73,17.21,378
43580.0,2020,"Sioux City, IA-NE-SD",%,16.61,12.469999999999999,20.75,456
43580.0,2021,"Sioux City, IA-NE-SD",%,16.12,12.83,19.41,894
43580.0,2022,"Sioux City, IA-NE-SD",%,16.6,12.76,20.44,507
43620.0,2011,"Sioux Falls, SD-MN",%,19.829999999999995,16.28,23.38,1180
43620.0,2012,"Sioux Falls, SD-MN",%,15.48,13.11,17.85,1155
43620.0,2013,"Sioux Falls, SD-MN",%,13.410000000000002,10.61,16.21,730
43620.0,2014,"Sioux Falls, SD-MN",%,19.53,15.86,23.2,1130
43620.0,2015,"Sioux Falls, SD-MN",%,16.75,13.3,20.2,1005
43620.0,2016,"Sioux Falls, SD-MN",%,15.370000000000001,11.690000000000001,19.05,830
43620.0,2017,"Sioux Falls, SD-MN",%,18.03,14.29,21.77,965
43620.0,2018,"Sioux Falls, SD-MN",%,15.12,12.039999999999997,18.2,985
43620.0,2019,"Sioux Falls, SD-MN",%,20.980000000000004,16.32,25.639999999999997,1015
43620.0,2020,"Sioux Falls, SD-MN",%,15.82,12.269999999999998,19.37,945
43620.0,2021,"Sioux Falls, SD-MN",%,17.36,14.070000000000002,20.649999999999995,1020
43620.0,2022,"Sioux Falls, SD-MN",%,16.8,13.309999999999999,20.29,1205
44060.0,2011,"Spokane-Spokane Valley, WA",%,19.69,15.99,23.39,518
44060.0,2012,"Spokane-Spokane Valley, WA",%,21.59,18.36,24.82,482
44060.0,2013,"Spokane-Spokane Valley, WA",%,21.44,17.74,25.14,384
44060.0,2014,"Spokane-Spokane Valley, WA",%,22.1,18.04,26.16,304
44060.0,2015,"Spokane-Spokane Valley, WA",%,23.2,20.18,26.22,668
44060.0,2016,"Spokane-Spokane Valley, WA",%,23.88,20.84,26.92,582
44060.0,2017,"Spokane-Spokane Valley, WA",%,24.61,21.12,28.1,528
44060.0,2018,"Spokane-Spokane Valley, WA",%,30.0,25.88,34.12,530
44060.0,2019,"Spokane-Spokane Valley, WA",%,27.16,23.44,30.88,504
44060.0,2020,"Spokane-Spokane Valley, WA",%,23.35,19.86,26.84,478
44060.0,2021,"Spokane-Spokane Valley, WA",%,26.33,22.49,30.17,482
44060.0,2022,"Spokane-Spokane Valley, WA",%,29.37,26.63,32.11,1036
44140.0,2011,"Springfield, MA",%,18.95,16.4,21.5,527
44140.0,2012,"Springfield, MA",%,25.06,22.3,27.82,575
44140.0,2013,"Springfield, MA",%,22.96,19.45,26.47,404
44140.0,2014,"Springfield, MA",%,29.59,25.3,33.88,289
44140.0,2015,"Springfield, MA",%,23.95,20.4,27.5,287
44140.0,2016,"Springfield, MA",%,19.22,15.5,22.939999999999998,180
44140.0,2017,"Springfield, MA",%,23.12,17.75,28.49,123
44140.0,2018,"Springfield, MA",%,23.47,18.92,28.02,139
44140.0,2019,"Springfield, MA",%,24.66,20.5,28.82,204
44140.0,2020,"Springfield, MA",%,23.06,18.24,27.88,143
44140.0,2021,"Springfield, MA",%,23.85,19.95,27.75,195
44140.0,2022,"Springfield, MA",%,27.87,24.17,31.57,314
45780.0,2011,"Toledo, OH",%,15.769999999999998,12.14,19.4,417
45780.0,2012,"Toledo, OH",%,19.38,15.009999999999998,23.75,585
45780.0,2013,"Toledo, OH",%,19.79,16.2,23.38,618
45780.0,2014,"Toledo, OH",%,24.78,19.7,29.86,459
45780.0,2015,"Toledo, OH",%,21.41,16.799999999999997,26.02,441
45780.0,2016,"Toledo, OH",%,18.270000000000003,13.960000000000003,22.579999999999995,372
45780.0,2017,"Toledo, OH",%,25.95,21.78,30.12,549
45780.0,2018,"Toledo, OH",%,23.61,19.179999999999996,28.040000000000003,459
45780.0,2019,"Toledo, OH",%,24.36,19.85,28.869999999999997,501
45780.0,2020,"Toledo, OH",%,22.15,18.740000000000002,25.56,564
45780.0,2021,"Toledo, OH",%,21.03,17.68,24.38,567
45780.0,2022,"Toledo, OH",%,26.63,23.06,30.200000000000003,747
45820.0,2011,"Topeka, KS",%,19.91,17.64,22.18,1890
45820.0,2012,"Topeka, KS",%,18.929999999999996,15.93,21.93,1005
45820.0,2013,"Topeka, KS",%,20.68,18.74,22.619999999999997,2535
45820.0,2014,"Topeka, KS",%,18.64,16.33,20.949999999999996,1440
45820.0,2015,"Topeka, KS",%,23.930000000000003,21.66,26.2,2415
45820.0,2016,"Topeka, KS",%,19.68,16.84,22.52,1175
45820.0,2017,"Topeka, KS",%,23.739999999999995,21.11,26.37,1900
45820.0,2018,"Topeka, KS",%,22.33,18.78,25.879999999999995,865
45820.0,2019,"Topeka, KS",%,21.83,18.46,25.2,945
45820.0,2020,"Topeka, KS",%,22.399999999999995,18.62,26.18,920
45820.0,2021,"Topeka, KS",%,24.91,22.22,27.6,1730
45820.0,2022,"Topeka, KS",%,22.48,19.52,25.44,1345
46140.0,2011,"Tulsa, OK",%,23.07,20.66,25.48,4228
46140.0,2012,"Tulsa, OK",%,22.379999999999992,19.85,24.909999999999997,2793
46140.0,2013,"Tulsa, OK",%,26.11,23.480000000000004,28.739999999999995,3339
46140.0,2014,"Tulsa, OK",%,21.31,19.080000000000002,23.54,3101
46140.0,2015,"Tulsa, OK",%,23.81,20.73,26.889999999999993,2499
46140.0,2016,"Tulsa, OK",%,20.650000000000002,17.93,23.370000000000005,2247
46140.0,2017,"Tulsa, OK",%,24.590000000000003,21.450000000000003,27.73,2023
46140.0,2018,"Tulsa, OK",%,22.72,19.559999999999995,25.88,1582
46140.0,2019,"Tulsa, OK",%,24.01,20.97,27.050000000000004,1827
46140.0,2020,"Tulsa, OK",%,22.78,19.53,26.03,1484
46140.0,2021,"Tulsa, OK",%,24.72,21.489999999999995,27.949999999999996,1582
46140.0,2022,"Tulsa, OK",%,28.970000000000002,25.91,32.029999999999994,2331
47260.0,2011,"Virginia Beach-Chesapeake-Norfolk, VA-NC",%,14.430000000000001,11.530000000000001,17.33,3348
47260.0,2012,"Virginia Beach-Chesapeake-Norfolk, VA-NC",%,16.650000000000002,13.89,19.41,4302
47260.0,2013,"Virginia Beach-Chesapeake-Norfolk, VA-NC",%,15.75,13.479999999999999,18.020000000000003,5166
47260.0,2014,"Virginia Beach-Chesapeake-Norfolk, VA-NC",%,16.650000000000002,14.24,19.06,5292
47260.0,2015,"Virginia Beach-Chesapeake-Norfolk, VA-NC",%,17.17,14.82,19.52,5958
47260.0,2016,"Virginia Beach-Chesapeake-Norfolk, VA-NC",%,14.399999999999999,12.239999999999998,16.560000000000002,4392
47260.0,2017,"Virginia Beach-Chesapeake-Norfolk, VA-NC",%,19.55,17.16,21.94,7164
47260.0,2018,"Virginia Beach-Chesapeake-Norfolk, VA-NC",%,16.76,14.68,18.84,6786
47260.0,2019,"Virginia Beach-Chesapeake-Norfolk, VA-NC",%,17.11,14.95,19.27,6750
47260.0,2020,"Virginia Beach-Chesapeake-Norfolk, VA-NC",%,18.06,15.75,20.37,6300
47260.0,2021,"Virginia Beach-Chesapeake-Norfolk, VA-NC",%,19.09,16.619999999999997,21.56,6552
47260.0,2022,"Virginia Beach-Chesapeake-Norfolk, VA-NC",%,22.73,20.3,25.16,8550
48620.0,2011,"Wichita, KS",%,17.78,16.27,19.29,3116
48620.0,2012,"Wichita, KS",%,16.84,14.86,18.82,1600
48620.0,2013,"Wichita, KS",%,19.19,17.84,20.54,3872
48620.0,2014,"Wichita, KS",%,21.03,19.17,22.89,2216
48620.0,2015,"Wichita, KS",%,19.42,18.03,20.81,3836
48620.0,2016,"Wichita, KS",%,18.9,16.92,20.88,1864
48620.0,2017,"Wichita, KS",%,22.6,20.89,24.310000000000002,3424
48620.0,2018,"Wichita, KS",%,20.55,18.2,22.900000000000002,1496
48620.0,2019,"Wichita, KS",%,21.79,19.58,24.0,1660
48620.0,2020,"Wichita, KS",%,20.25,18.04,22.460000000000004,1520
48620.0,2021,"Wichita, KS",%,20.82,19.13,22.51,2628
48620.0,2022,"Wichita, KS",%,20.64,18.23,23.05,1516
49340.0,2011,"Worcester, MA",%,17.6,15.15,20.05,468
49340.0,2012,"Worcester, MA",%,19.26,17.16,21.36,601
49340.0,2013,"Worcester, MA",%,22.19,19.64,24.74,609
49340.0,2014,"Worcester, MA",%,22.27,19.82,24.72,550
49340.0,2015,"Worcester, MA",%,22.48,19.76,25.2,364
49340.0,2016,"Worcester, MA",%,20.44,17.4,23.48,302
49340.0,2017,"Worcester, MA",%,21.1,17.1,25.1,284
49340.0,2018,"Worcester, MA",%,18.85,15.790000000000001,21.91,270
49340.0,2019,"Worcester, MA",%,20.1,17.2,23.0,263
49340.0,2020,"Worcester, MA",%,18.31,14.98,21.64,257
49340.0,2021,"Worcester, MA",%,20.31,17.17,23.45,302
49340.0,2022,"Worcester, MA",%,22.690000000000005,19.85,25.53,435
