cbsatitle,cbsacode,metropolitanmicropolitanstatis,depression,user_id,depression_rate,v002_rawvalue,v037_rawvalue,v009_rawvalue,v011_rawvalue,v012_rawvalue,v045_rawvalue,v004_rawvalue,v007_rawvalue,v021_rawvalue,v022_rawvalue,v023_rawvalue,v028_rawvalue,v043_rawvalue,v041_rawvalue,v003_rawvalue,CENSUS2010POP
"Akron, OH",10420.0,Metropolitan Statistical Area,8,39,0.20512820512820512,87268.0594,58240.7501,173013.55550000002,195858.809,111324.9547,1957.518676,0.006514911667764192,574530.4820000001,575892.2278686658,194589.44005850586,43218.038,64030.2815462296,0.0,571291.9998965547,81398.628,703200
"Albany, GA",10500.0,Metropolitan Statistical Area,4,15,0.26666666666666666,33627.31321552905,18073.8705,32678.588026593658,47206.727,17689.73885845844,1389.1023500000001,0.0013146825392947007,118552.95400000001,79524.60633417901,28379.6438218295,9865.678000000002,22477.1603976927,0.0,185784.780464776,21170.163,153857
"Albany-Schenectady-Troy, NY",10580.0,Metropolitan Statistical Area,1,24,0.041666666666666664,110917.12690000002,64003.4399,189072.5386375039,222424.488,158365.73940000002,2233.395257,0.008414496101279333,734022.777,652831.9176387511,275184.5510554319,43763.14,80305.5741683895,321871238.36169714,1287547.1133755073,116186.03399999999,870716
"Atlanta-Sandy Springs-Roswell, GA",12060.0,Metropolitan Statistical Area,48,486,0.09876543209876543,704567.332121189,455224.0782,963351.5703974186,1392675.7439999997,740003.5306157226,21640.878647999998,0.04288659711712547,4294637.153299999,3473309.402500433,1745988.652799062,326286.528,554777.0111458016,0.0,3970488.945957902,1000722.1330000001,5298377
"Atlantic City-Hammonton, NJ",12100.0,Metropolitan Statistical Area,1,10,0.1,65413.5276,29781.885299999998,85816.6008,97169.0,60918.5822,1103.373359,0.002350924279712476,268495.3859,330266.05251141393,88791.19095446408,26999.63,41375.56939091391,183141340.4816276,818497.0232555412,57905.71899999999,371814
"Augusta-Richmond County, GA-SC",12260.0,Metropolitan Statistical Area,2,16,0.125,95000.23649876204,53934.2372,128309.58445027196,174516.46399999998,74157.12629999999,2701.774698,0.006168967197709733,433057.55939999997,362051.35203137086,125896.92593862311,35651.308000000005,68002.5452791347,211914085.36320177,475862.91290460335,87917.19200000001,564873
"Austin-Round Rock-San Marcos, TX",12420.0,Metropolitan Statistical Area,1,14,0.07142857142857142,237367.19047156986,120931.68310000001,317334.7970798232,395303.955,319226.2588,7706.065685,0.01397899389087928,1401788.0575,1280363.5319795199,625115.848944704,74831.818,142301.97073259702,569005098.215392,1620116.2888367933,391928.084,1716289
"Baltimore-Columbia-Towson, MD",12580.0,Metropolitan Statistical Area,21,168,0.125,365565.49679999996,252964.54600000003,559518.2879,737019.772,401598.1702,13111.689667999999,0.03693859365068278,2183537.3596,2102934.171721452,899570.698568621,126340.211,272738.27707038773,2177733204.1032844,6263611.612164555,349923.27,2710489
"Baton Rouge, LA",12940.0,Metropolitan Statistical Area,6,29,0.20689655172413793,138974.6692,87987.6251,175600.44409613207,237055.35299999997,121463.63405737854,3252.721735,0.0067926176227632645,629857.1392,549174.0304714858,197758.94956358106,37793.714,96185.61130628771,0.0,190149.4085211352,173532.402,825905
"Beaumont-Port Arthur, TX",13140.0,Metropolitan Statistical Area,2,17,0.11764705882352941,69102.3676,34916.736399999994,87188.1423,116560.332,51915.7779,1204.5156060000002,0.0022919307690995516,309205.0416,263173.9300463959,57179.34300349252,25560.730999999996,41988.6487843942,225219338.2829724,248729.50368592553,79336.404,388745
"Binghamton, NY",13780.0,Metropolitan Statistical Area,1,10,0.1,31503.575000000008,18726.3475,61808.967500000006,68272.5,43674.542499999996,584.4337499999999,0.0024520938873266503,211149.3125,193848.6709464175,60224.943232145,14194.95,23817.058342337496,49273310.9855535,326482.21587714,39867.0,251725
"Birmingham, AL",13820.0,Metropolitan Statistical Area,4,23,0.17391304347826086,198543.0696,113399.13519999999,267414.06686392036,349770.752,147145.6494,6971.108171999999,0.012910982124055661,892440.7400999999,771222.435021132,291346.8007140755,50729.74800000001,107574.0953998194,573037857.0247898,740055.8524367458,159235.607,1128047
"Boston-Cambridge-Newton, MA-NH",14460.0,Metropolitan Statistical Area,13,93,0.13978494623655913,544459.9236,340703.0492,759466.4888999999,990385.078,799805.89,11019.041552999997,0.06789222590870438,3874781.3647000003,3629619.850325666,1854090.2941401757,219201.83299999998,367588.21958025044,2029348784.5409307,8200115.835657015,546564.7880000001,4552402
"Buffalo-Cheektowaga, NY",15380.0,Metropolitan Statistical Area,3,34,0.08823529411764706,163647.3717,93635.43609999999,231597.55719999998,304802.51399999997,196822.83099999998,5067.855432000001,0.012644981137623966,933741.9713000001,863143.7852549267,296004.4984815025,68240.681,110508.87459861959,571689567.3728693,1242090.790256219,134692.633,1135509
"Champaign-Urbana, IL",16580.0,Metropolitan Statistical Area,3,11,0.2727272727272727,24335.3912449545,18037.3751,43618.6971,63733.411000000015,34261.314989013394,1423.193346,0.0027201695566846486,197651.00929999998,200657.17836377,92081.7590638097,13201.899,18100.5272713191,158475767.09206468,179585.4172056712,44131.102000000006,231891
"Charleston-North Charleston, SC",16700.0,Metropolitan Statistical Area,2,22,0.09090909090909091,89249.02070000002,64724.28590000001,148835.3949,191349.30500000002,116075.92599999999,4264.220901,0.0075163607331730576,537543.5849,486675.5318442541,186108.8296369911,37370.978,72264.6174605493,533217288.0009345,501578.09910850634,122028.21500000001,664607
"Charlotte-Concord-Gastonia, NC-SC",16740.0,Metropolitan Statistical Area,12,90,0.13333333333333333,384164.17549999995,194830.3048,485079.4895,599968.035,279897.6377,6246.263198000001,0.018208166549217548,1861931.0374999999,1702138.9916104681,630451.4893052146,152027.77,226111.96181355778,1876841929.7488985,1078868.1572884892,379666.9689999999,2243960
"Chicago-Naperville-Elgin, IL-IN",16980.0,Metropolitan Statistical Area,25,215,0.11627906976744186,1448352.8933999997,778745.9996999999,1943275.0221591913,2302366.6330000004,1753822.9804,40392.85199799999,0.10602834273936874,6973853.157,6707538.863971704,2972031.951983017,580761.9370000002,864532.3404304781,5162308784.043104,9851256.751624044,1475912.377,9294679
"Cincinnati, OH-KY-IN",17140.0,Metropolitan Statistical Area,5,44,0.11363636363636363,296952.1183269043,173874.09420000002,511974.2371083895,600011.5630000001,358483.6250762433,9993.245499999999,0.02146841759632113,1744699.8670000003,1703362.4379402224,560953.6553875394,123890.68199999999,212146.54553733868,0.0,1974391.2724811528,262735.63300000003,2130151
"Cleveland, OH",17410.0,Metropolitan Statistical Area,10,155,0.06451612903225806,308450.4659,190088.0443,488197.8704,618423.461,356917.23789999995,9326.331945,0.02624728324994728,1745783.731,1662939.4369491749,558919.3276256917,144643.61599999998,226478.732212519,0.0,1509527.2086326207,250867.215,2178737
"Columbia, SC",17900.0,Metropolitan Statistical Area,2,53,0.03773584905660377,112167.1758,74927.91,162285.3369,223296.843,116145.77,6107.911368000001,0.007526062852644785,582678.511,594012.4254440865,227327.7101158785,45312.253,85771.4491503489,571987202.7359371,719564.4955205789,133637.142,767598
"Columbus, OH",18140.0,Metropolitan Statistical Area,7,65,0.1076923076923077,241551.90784194725,159778.2864,413421.23288885463,567914.165,332089.62522983726,7683.567878999998,0.01785387186923585,1569925.5126,1526998.1860005308,593694.3413675788,107577.29100000001,191155.6577757998,0.0,1568482.050859582,236779.481,1901974
"Dallas-Fort Worth-Arlington, TX",19100.0,Metropolitan Statistical Area,6,80,0.075,1125853.681,489049.0992,1170231.2692978405,1701406.9340000001,974042.9435034125,23297.494702000004,0.04534455302724328,5131984.3833,4677542.649860989,1861573.5403847536,318664.038,593189.5758513585,3315324109.7232647,4201413.178382206,1556406.194,6366542
"Dayton-Kettering-Beavercreek, OH",19430.0,Metropolitan Statistical Area,1,11,0.09090909090909091,110533.8695,66214.03570000001,174169.6938,238543.24700000003,117215.68920000001,3826.107495,0.008277399957365594,656007.801,611184.7906467505,202439.7699021166,56179.232,82115.18610204489,0.0,1087038.593823147,93930.60800000001,799232
"Denver-Aurora-Centennial, CO",19740.0,Metropolitan Statistical Area,2,21,0.09523809523809523,336195.256,227711.36259999996,481566.13288558996,475270.98699999996,453974.33912655327,10085.536344,0.026341852127954396,1985284.219616147,1794564.6458676092,874297.1176926604,128118.97700000001,215315.5557571808,0.0,5716801.818334355,408993.417,2543482
"Detroit-Warren-Dearborn, MI",19820.0,Metropolitan Statistical Area,18,149,0.12080536912751678,625784.8791,373291.95070000004,965850.1897999999,1281816.7099999997,721119.4876,16940.366752,0.04255667979903694,3471874.6388999997,3081329.957183512,1127376.3227038714,377612.75,432173.6636883927,3045975826.8005047,6617965.0996754505,472176.90799999994,4296250
"Dover, DE",20100.0,Metropolitan Statistical Area,1,14,0.07142857142857142,23697.26,14997.444,38824.551999999996,50640.72,24557.502999999997,967.69222,0.000826875514678138,125936.32900000001,117719.340663443,30086.021429256,7628.57,19374.599450398997,99852589.3001222,438755.718949123,21911.850000000002,162310
"Durham-Chapel Hill, NC",20500.0,Metropolitan Statistical Area,1,46,0.021739130434782608,77165.84550000001,45390.08500000001,95218.31649999999,131942.345,61917.9118,1778.2818979999997,0.011831778423958939,419159.11279999994,378487.9431528086,209569.6928468561,24559.389,47554.006869122204,0.0,258381.7584800462,98924.281,504357
"Fayetteville, NC",22180.0,Metropolitan Statistical Area,2,23,0.08695652173913043,67272.35680000001,34721.9501,100087.7985,114696.34499999999,39786.7963,2469.881456,0.002740670915622947,277832.5306,280610.7150263432,74474.272348121,22847.369,53039.06093987371,0.0,125676.51546111303,52316.543999999994,366383
"Flint, MI",22420.0,Metropolitan Statistical Area,2,17,0.11764705882352941,70127.61300000001,41429.367,110407.347,143065.44,68254.137,3020.1284699999997,0.004449692406481561,346465.323,290837.24046470696,80212.83133910401,45133.74,52537.692072968995,377826421.8711375,563840.517995514,51946.38,425790
"Fort Wayne, IN",23060.0,Metropolitan Statistical Area,1,10,0.1,51945.62990000001,35334.977100000004,97363.1395,120619.237,72308.13560000001,1892.6530090000003,0.0028197871124442464,338726.2458,319853.4551597252,97946.5755709517,25025.68,41536.8619287944,0.0,419857.3472510841,57490.216,416257
"Frankfort, KY",23180.0,Micropolitan Statistical Area,2,11,0.18181818181818182,11831.139,5745.853999999999,17124.784,22548.771,6204.062999999999,270.100558,0.0003696008470445282,59382.5888,60557.985311460696,14322.6521179905,4229.474,6229.7346473835005,0.0,102535.9222252122,10952.987000000001,70706
"Gainesville, FL",23540.0,Metropolitan Statistical Area,2,13,0.15384615384615385,43597.8435,27075.3418,60344.734899999996,77401.45300000002,48900.52909999999,1996.698533,0.005304395124724547,252065.039,207807.8001944195,102999.51686642351,14151.965000000002,26540.4169438291,260205681.30671632,208918.8652113596,78273.239,305076
"Grand Rapids-Wyoming-Kentwood, MI",24340.0,Metropolitan Statistical Area,1,15,0.06666666666666667,119584.8524,73985.834,216626.51260000002,294486.78500000003,176981.5089,4127.251543,0.007694695667946357,904415.2159,793738.455467724,274712.01406842354,76922.592,95721.8267620698,387203898.03799915,786378.6270025391,122741.548,1052843
"Greensboro-High Point, NC",24660.0,Metropolitan Statistical Area,4,70,0.05714285714285714,110934.6416,65249.837499999994,168049.62209999998,205866.169,82813.8459,2900.913417,0.005783455416049581,616926.5371,576807.4955183456,183453.44400604762,46847.315,77119.4386243097,0.0,360116.6812290541,122130.34199999999,723801
"Greenville, NC",24780.0,Metropolitan Statistical Area,2,12,0.16666666666666666,28719.6784,18395.3912,33881.822,54143.656,18597.1688,1049.579816,0.0031839143824318045,142286.8376,90779.76394790679,48982.0114296344,11097.768,20227.89963175,0.0,124559.945593606,30098.492,168148
"Greenville-Anderson-Greer, SC",24860.0,Metropolitan Statistical Area,2,20,0.1,132129.54760000002,71084.47709999999,182914.054,216371.62700000004,94634.4428,3572.2756739999995,0.008498985844650088,663487.5062,600333.1845468562,196291.66767326428,50376.695999999996,76013.9397553499,562512810.1594027,607031.3521066137,152914.636,824112
"Hattiesburg, MS",25620.0,Metropolitan Statistical Area,2,11,0.18181818181818182,28506.8188,14625.507,31842.7518,47272.462,15874.4508,979.3323019999999,0.0013386884439067967,108355.21500000001,95140.14127414061,36703.981405494,8046.755999999999,15423.667768389801,0.0,206864.1585819268,33743.308,142842
"Houston-Pasadena-The Woodlands, TX",26420.0,Metropolitan Statistical Area,25,218,0.11467889908256881,1144688.0434416921,473041.1833000001,1042298.8443741496,1561363.8990000007,926827.475536991,18314.894231000002,0.05042525776297699,4587024.3314000005,4269999.151397684,1586395.754268159,287044.14,592142.807608951,4091779196.3303876,3535052.8502764385,1724177.4360000005,5946800
"Huntsville, AL",26620.0,Metropolitan Statistical Area,3,16,0.1875,59079.641,40495.489100000006,85232.02889999999,126387.213,41932.983700000004,1544.3683320000002,0.00364658516529904,327168.6127,299406.9637046082,141753.8268194024,15864.851000000002,39727.8432004876,176259124.7913037,285425.8094062037,67984.87700000001,417593
"Indianapolis-Carmel-Greenwood, IN",26900.0,Metropolitan Statistical Area,3,39,0.07692307692307693,294657.2264,148262.022,454733.0178999999,523179.23799999995,295338.03679999994,9021.650321000001,0.020405888303307588,1496900.4472,1341453.3361453395,545625.2370810086,97441.788,193424.74150320012,0.0,2525954.2462598253,245871.121,1865850
"Jackson, MS",27140.0,Metropolitan Statistical Area,2,31,0.06451612903225806,118721.4112,76714.8082,134392.7972,192925.786,68269.1051,5827.774590000001,0.006577608334137709,459181.6212,374947.7745175623,162068.59573252138,36591.01700000001,81909.68133389442,0.0,573079.3448771862,114405.87,614584
"Jacksonville, FL",27260.0,Metropolitan Statistical Area,3,20,0.15,202785.8535,118279.75030000001,296224.3187,356369.813,209247.0694,6758.999592000001,0.012668724920572371,1045669.4127999999,862788.5084638455,344194.410787337,78032.388,137660.98099576888,1054583453.3070568,989492.5210244501,250289.12400000004,1345596
"Kansas City, MO-KS",28140.0,Metropolitan Statistical Area,2,19,0.10526315789473684,267927.4608,146137.8599,433619.7298,571191.035,317197.94680000003,8531.714899,0.01729234450189154,1624645.9053000002,1655826.677925094,577679.0739612387,116802.87600000002,183387.2147263064,1637084392.5368118,2276102.1922551743,247522.405,2009342
"Kiryas Joel-Poughkeepsie-Newburgh, NY",28880.0,Metropolitan Statistical Area,6,22,0.2727272727272727,88398.3841,45163.2224,148888.4292,169145.63900000002,110878.93169999999,1312.9909659999998,0.005363306345992911,544979.4147,532825.4058459373,188063.31752468916,35974.091,59892.535215846096,186037705.67233407,824499.3534062828,108069.111,670301
"Knoxville, TN",28940.0,Metropolitan Statistical Area,1,14,0.07142857142857142,156423.168577729,72360.7507,195207.5354606003,239689.82,68578.30170000001,2460.884892,0.008300334660976474,727962.0691999999,618559.8020288516,204714.2655043497,45845.03399999999,70065.23079500359,402985861.24995565,580636.2547379129,115080.448,837571
"Lansing-East Lansing, MI",29620.0,Metropolitan Statistical Area,5,25,0.2,55261.2531,35539.4339,97902.6151,134891.848,84903.0037,2239.043937,0.0036072481692955498,388431.6556,353644.340049446,141875.3634296058,31719.318,42457.2627465138,205962080.40619454,243294.8675704778,64937.516999999985,464036
"Las Vegas-Henderson-North Las Vegas, NV",29820.0,Metropolitan Statistical Area,4,51,0.0784313725490196,359228.6229,154345.37790000002,462450.75299999997,483914.712,336593.90249999997,8048.984625,0.013645269702546377,1422279.9741,1064302.0155045348,397164.9448404411,128783.754,207357.23984266378,1589462598.9812973,548982.7074159111,407815.22099999996,1951269
"Little Rock-North Little Rock-Conway, AR",30780.0,Metropolitan Statistical Area,3,16,0.1875,114980.6729,63410.759399999995,152547.142,195538.273,93735.8217,2678.946472,0.007752490546528768,545816.4174,505149.0287187626,166761.45323221502,30493.622,69009.7242634926,0.0,854190.880411804,122873.682,699757
"Los Angeles-Long Beach-Anaheim, CA",31080.0,Metropolitan Statistical Area,42,453,0.09271523178807947,2555690.1323,863229.1998000001,1924767.9772,2559888.34,1873426.3857999996,51801.508834000015,0.126799580568551,9297246.134599999,8246444.276408827,3751991.7237675237,895937.671,1330918.7944960159,7293181313.972806,13054957.871791791,2944753.4499999997,12828837
"Louisville/Jefferson County, KY-IN",31140.0,Metropolitan Statistical Area,3,10,0.3,214441.82690000001,110453.81879999996,342443.8114587801,363287.494,155836.15094011335,3667.7442600000004,0.01263702051284184,1038279.6849,1068529.3657299143,272571.57952273363,80074.55699999999,127641.1956902511,0.0,1773219.9598618709,184989.5,1274757
"Memphis, TN-MS-AR",32820.0,Metropolitan Statistical Area,10,55,0.18181818181818182,220189.51879999996,142774.2969,314083.03939999995,437069.29199999996,138566.3982,12035.926701999997,0.012334406794154077,1041357.4463,889009.1428314312,313529.5372844924,88795.799,184822.34993539358,1906119981.7953537,1457087.689407405,222822.642,1324829
"Miami-Fort Lauderdale-West Palm Beach, FL",33100.0,Metropolitan Statistical Area,29,270,0.10740740740740741,832476.0936000003,473723.4477,931812.4919999999,1126656.633,693117.5474,13961.017865,0.052026575098629825,4419259.8627,3264166.9509876086,1542319.9890504305,326317.638,552779.865631269,4502339602.3503,3888834.9291617647,1556478.7700000003,5564635
"Milwaukee-Waukesha, WI",33340.0,Metropolitan Statistical Area,1,25,0.04,202028.62750000006,119508.12210000001,334158.0623,441655.54800000007,329538.918,10505.24866,0.017798106314793647,1338291.3915,1244470.094677781,461367.74292054545,76067.043,163056.5256257372,834511251.6355176,1264053.325833529,141766.092,1555908
"Minneapolis-St. Paul-Bloomington, MN-WI",33460.0,Metropolitan Statistical Area,3,40,0.075,348156.4527,214644.38279999996,629074.6373000001,841341.1640000002,621062.7866999999,9890.005563000002,0.03598719989702415,2868372.8164999997,2807267.2544606505,1201758.8802143077,173346.82399999996,293173.6913139994,283146404.99544674,4821787.969095588,300404.199,3333633
"Montgomery, AL",33860.0,Metropolitan Statistical Area,2,11,0.18181818181818182,71367.31692680425,38883.6697,78504.39011161748,119215.94200000001,44962.4684,3387.3180159999997,0.002903828405342016,292489.2472,206159.57942945661,96688.6042093903,19433.044,46120.22893369161,164720220.98746803,265994.9117147741,49073.478,374536
"Nashville-Davidson--Murfreesboro--Franklin, TN",34980.0,Metropolitan Statistical Area,5,76,0.06578947368421052,271223.5581057739,141888.0666,379885.7343864865,493308.6460000001,169579.3172685393,5752.164851,0.017062527512420798,1389219.4057,1251886.286707026,463133.0468811735,94071.65999999999,160692.81938491788,1362285554.5061033,1539922.7429405665,252601.49099999998,1670890
"New Orleans-Metairie, LA",35380.0,Metropolitan Statistical Area,10,42,0.23809523809523808,169924.7978,105282.5552,210724.01939999996,275073.672,148632.88769999996,5454.027468000001,0.010580548014148598,703679.81,374667.0306746662,224417.34352991031,46865.861,105672.26849845027,0.0,380604.12635910034,208314.905,956126
"New York-Newark-Jersey City, NY-NJ",35620.0,Metropolitan Statistical Area,316,2688,0.11755952380952381,3323846.4061000003,1524293.0734,3195944.1217000005,4216165.978999999,2663852.7959,74249.546706,0.2644853594142006,14337372.960299997,16068701.039916134,6442819.500918584,1012889.6050000001,1818003.0278985463,8207421671.857303,29348947.785035003,3025174.8340000007,18839740
"Oklahoma City, OK",36420.0,Metropolitan Statistical Area,1,16,0.0625,203915.736,100384.951,298943.4653,354065.09900000005,182810.8013,4911.483222000001,0.009509287524805335,974280.0314,963286.3051839423,336473.22531185613,47992.090000000004,122557.9415850617,644736416.463605,1070977.470108753,253566.23799999998,1252987
"Orlando-Kissimmee-Sanford, FL",36740.0,Metropolitan Statistical Area,6,80,0.075,344080.6141,184967.8747,401640.7936,505491.207,322340.3858,7415.687695,0.01665792131259238,1693643.9209999999,1462354.7277583925,586609.564826903,126344.82399999998,222248.57013410341,1801043044.2487683,1372244.776119443,484995.05999999994,2134411
"Philadelphia-Camden-Wilmington, PA-NJ-DE-MD",37980.0,Metropolitan Statistical Area,21,191,0.1099476439790576,847856.6457,521663.24480000004,1299658.3913,1543656.256,1001063.1581999998,29145.201789,0.06510201161856162,4738391.643200001,4666134.655864035,1854057.7530749429,327439.313,576857.9179822222,3856838513.414091,8601298.276706835,708675.6599999999,5965343
"Phoenix-Mesa-Chandler, AZ",38060.0,Metropolitan Statistical Area,9,77,0.11688311688311688,647017.7049,289860.9746,816325.3904,964442.6950000001,682297.3727000001,15705.001882999999,0.028714743224321073,3221680.1224,3208978.664674937,1103297.8933237507,208773.97600000002,420296.63194270397,0.0,1150241.5484322263,893836.471,4192887
"Pittsburgh, PA",38300.0,Metropolitan Statistical Area,6,44,0.13636363636363635,339326.2108,196910.1825,555345.427,659140.329,437118.03020000004,6772.969218,0.02562925975640358,1936470.2385,2086018.3235999022,661427.4438201084,127396.427,186231.28585244046,875511865.2691234,3724128.653031931,252104.623,2447393
"Portland-Vancouver-Hillsboro, OR-WA",38900.0,Metropolitan Statistical Area,1,14,0.07142857142857142,290604.604,130766.92580000001,391585.8193,555350.529,332509.95819999994,6275.031337,0.025052957040099175,1872144.1442,1686124.8138525684,709411.6903816997,129531.71100000001,197802.7501768386,721413201.5375412,1121332.5097300473,376080.696,2226009
"Providence-Warwick, RI-MA",39300.0,Metropolitan Statistical Area,1,41,0.024390243902439025,229543.81070000006,125501.71100000001,334907.9839,385260.062,280947.0808,4259.050016,0.016118898660343495,1310706.4585999998,1194065.9147002494,437430.82934044633,120641.28000000003,160056.5811505018,584906441.7075652,3373727.597206428,181850.78300000002,1600852
"Raleigh-Cary, NC",39580.0,Metropolitan Statistical Area,3,49,0.061224489795918366,165882.671,88657.48569999999,200984.803,315204.654,143177.078,3624.8739190000006,0.009583683127798141,959094.9255,923373.34140459,458279.09516461205,55960.592000000004,102888.19741317909,0.0,553475.977670281,201809.346,1130490
"Richmond, VA",40060.0,Metropolitan Statistical Area,19,138,0.13768115942028986,145474.90299639982,108459.6317,241259.58933591534,329821.933,182990.21737181372,5412.691143,0.013137259346541273,974366.9513,863458.5398328834,372121.14873803634,50991.114,120875.01522753439,459992980.9840081,678530.9388219211,153527.04400000002,1186501
"Riverside-San Bernardino-Ontario, CA",40140.0,Metropolitan Statistical Area,16,135,0.11851851851851852,767921.8412,277969.831,688744.4927000001,1088003.955,650001.0479,14958.565916,0.02362930743101343,3090884.4274,2892197.924480825,788731.1084862282,351125.926,491720.6666291428,2017833092.993246,2812551.8996621487,1058992.508,4224851
"Sacramento-Roseville-Folsom, CA",40900.0,Metropolitan Statistical Area,5,58,0.08620689655172414,262300.54959999997,138008.2037,321280.35469999997,503067.22000000003,334050.3421,9089.458316999999,0.021744252957274574,1694218.6672,1655477.379508992,636762.7084711588,152156.64400000003,221025.780661592,1247213892.8949852,1422337.8715865132,345176.61,2149127
"Salisbury, MD",41540.0,Metropolitan Statistical Area,3,12,0.25,18340.6515,12285.035199999998,29914.8372,38891.547,14080.8104,845.455908,0.0011057591931565981,96640.3572,98384.73301576742,27813.586360182497,7078.602000000001,14092.804846197401,107878521.23131444,94405.89325267638,17639.329,125203
"San Antonio-New Braunfels, TX",41700.0,Metropolitan Statistical Area,4,34,0.11764705882352941,403387.9208000001,180488.3168,418581.8313155029,565155.257,392827.7608021062,9630.020701,0.019709243488110102,1650039.176,1558580.908645443,473038.88469530566,99474.32400000001,230236.7622472155,1045207356.0980623,1466623.799323861,528091.2670000001,2142508
"San Diego-Chula Vista-Carlsbad, CA",41740.0,Metropolitan Statistical Area,4,58,0.06896551724137931,463368.3561,194695.18769999998,445106.00940000004,687159.486,527750.8665,13356.275595000001,0.029208907861702858,2388653.0421,2373999.098626007,1028464.7716499402,185718.78,278779.91104868194,1435036721.7268426,3223013.6293280637,668587.6080000001,3095313
"San Francisco-Oakland-Fremont, CA",41860.0,Metropolitan Statistical Area,9,117,0.07692307692307693,562033.7355,293150.7264,613087.7831,818588.8459999999,703421.8447,17411.156732,0.06078745746633027,3325800.9452,3207913.114476315,1829697.434693416,246731.81800000003,325286.9668772583,2663435275.8157353,4278908.668267706,708505.4580000001,4335391
"San Jose-Sunnyvale-Santa Clara, CA",41940.0,Metropolitan Statistical Area,1,20,0.05,261798.81910000002,116937.76430000001,182142.9414,351168.581,231450.786,6056.585448,0.02322281711001514,1393470.9342000003,1714914.802038168,791713.5905011299,112204.34399999998,143755.34081140338,584838735.1985707,1624294.3076873263,282594.915,1836911
"Savannah, GA",42340.0,Metropolitan Statistical Area,3,18,0.16666666666666666,58000.46699999999,34705.9141,74399.52919999999,99701.26,47721.55559999999,1828.228371,0.003612415074561422,287554.40910000005,197527.401473072,91164.84083835609,18836.585,39906.17655902579,0.0,466127.1364743337,59867.237000000016,347611
"Seattle-Tacoma-Bellevue, WA",42660.0,Metropolitan Statistical Area,4,48,0.08333333333333333,416957.4594,211706.9589,572757.0341,824360.76,528266.0526,10936.158139,0.03873359641677318,2961715.8184,2497845.008953128,1219242.2992215375,164751.617,298249.5474851964,1515945235.347019,1664978.566486311,467386.158,3439809
"St. Louis, MO-IL",41180.0,Metropolitan Statistical Area,4,52,0.07692307692307693,399624.0943868874,235831.58820000003,628552.6088309675,799331.709,527755.6791033968,13440.537887999999,0.02749099291385038,2238638.6067999997,2188068.5202062707,710534.9031630361,183048.73700000002,274588.9931688285,1767918554.9167862,1615292.138655074,339908.109,2787701
"Statesboro, GA",44340.0,Micropolitan Statistical Area,2,21,0.09523809523809523,15302.927800000001,7448.076299999999,18198.0742,23814.364,14416.369600000002,588.061326,0.0005546564570241698,60082.6379,52841.8492622956,17499.600983597604,4824.803,8443.153015122702,0.0,31370.286301640102,19792.382,81217
"Stockton-Lodi, CA",44700.0,Metropolitan Statistical Area,1,10,0.1,131578.752,45778.4408,116022.3058,200109.35199999998,100739.98199999999,3537.5495720000004,0.004586501174259414,529193.2932,474191.51432674064,114899.375381255,71271.82400000001,85313.65793409699,621677098.0330774,464009.53938191116,111019.572,685306
"Syracuse, NY",45060.0,Metropolitan Statistical Area,1,11,0.09090909090909091,96520.34460000001,52591.6168,151275.45150000002,180857.863,114881.5462,2668.2678600000004,0.007470011292300456,565026.6185,469715.47497683,178310.83465632246,37681.753,68654.929710014,218265375.0564691,605029.717693403,87670.562,662577
"Tallahassee, FL",45220.0,Metropolitan Statistical Area,3,48,0.0625,46239.3563,35369.757,73358.5928,101216.22099999999,62917.44860000001,2365.243778,0.003025675451839284,283921.5436,243071.61904932364,128137.50665394428,17012.977,39798.106569099,295091431.9802868,312544.6546396881,77910.833,367413
"Tampa-St. Petersburg-Clearwater, FL",45300.0,Metropolitan Statistical Area,6,36,0.16666666666666666,464651.2929,229634.765,627387.8307,705763.693,410653.2359,9823.826552,0.022736012620553282,2209754.3041000003,1724323.9922278377,700505.444818221,184257.09199999998,243992.9089655546,2001880327.2920282,1843739.6253983183,550345.975,2783243
"Toledo, OH",45780.0,Metropolitan Statistical Area,4,25,0.16,85965.7725,51332.382699999995,136564.86717819207,182033.882,100908.66642235665,2852.9289420000005,0.006568114691137994,479746.47299999994,451565.00742898684,142696.5232963267,48705.065,66952.30035214081,0.0,498835.01467033976,68917.075,610001
"Tucson, AZ",46060.0,Metropolitan Statistical Area,3,20,0.15,134982.2151,73323.67240000001,172624.3143,207815.756,142432.2139,3836.749382,0.009389799065277848,763722.9033,704327.0355151475,289699.0948166563,49993.41299999999,95929.7810357207,0.0,247983.69142210117,190171.02199999997,980263
"Tuscaloosa, AL",46220.0,Metropolitan Statistical Area,1,11,0.09090909090909091,44446.9728,27326.406199999998,51545.759410100654,79667.505,27522.367636354396,1510.1794530000002,0.0020798329107946157,181346.0887,151002.81608348328,56061.63596995381,11166.876,23341.359960862497,101197828.52102107,96255.9179085301,36862.377,239207
"Valdosta, GA",46660.0,Metropolitan Statistical Area,4,13,0.3076923076923077,26044.59939190602,14265.85817627809,34463.76446362651,41299.17999999999,16477.232106369418,990.867864,0.0008675116794793392,116029.1674,83742.27380616,29321.7710062785,7558.108,16956.4677562032,0.0,152371.56749815258,26638.752999999997,139588
"Vallejo, CA",46700.0,Metropolitan Statistical Area,2,17,0.11764705882352941,59769.542400000006,28851.4112,66631.0528,103749.344,71963.1904,1908.822592,0.0034563510040304993,290456.8288,315086.555602784,92190.40741256,28520.736,50745.0851861248,0.0,253074.15942951356,64895.008,413344
"Virginia Beach-Chesapeake-Norfolk, VA-NC",47260.0,Metropolitan Statistical Area,27,170,0.1588235294117647,211511.48097185427,151082.6757,342753.5352343445,475181.10500000004,265663.1660972343,9552.280605000002,0.015794778164987644,1335754.1467,1174754.177752895,448852.65380267997,72779.011,193701.83747052393,782677733.1530309,859742.8644631194,230327.50400000002,1693860
"Washington-Arlington-Alexandria, DC-VA-MD-WV",47900.0,Metropolitan Statistical Area,45,401,0.11221945137157108,573286.4852547917,448931.82219999994,863743.921558428,1350874.8839999998,785722.0128831767,18777.039474000005,0.06792779661823296,4408070.263925569,4500227.038015817,2542420.142789353,209600.949,487666.3917816384,2568999968.2880754,6718947.9316854505,878906.936,5547495
"Winston-Salem, NC",49180.0,Metropolitan Statistical Area,3,26,0.11538461538461539,108335.57840000001,60940.30200000001,157288.7533,172607.848,64041.04539999999,2812.9149739999993,0.006368932710558921,537587.4526,479059.2239282218,147513.175613209,39898.68199999999,62936.93816643009,0.0,210873.4317747719,109573.77000000003,640595
