Year,cbsacode,population,adult_smoking,adult_obesity,excessive_drinking,diabetes_prevalence,some_college,unemployment,children_single_parent,mental_health_providers,median_household_income,driving_alone_to_work,sti,Sample_Size,gdp,Park_Area_Acres,Weighted_RESP,noise70n,noise80n,noise90n,smo_obe_dia,smo_obe,smo_dia,obe_dia,depressed,no_time_activity
2011,10420.0,542405.0,93797.01184,117246.2648,74535.12548,44804.82262,94515.0,29077.0,41007.0,375.0,49528.0,223355.0,364.6,112.0,30090713.0,41598.15136,0.216675108,5494.820511684351,537.5449184926114,53.1143899450831,-0.41335551671723525,-0.3549304758499662,-0.3093551798815162,-0.3481759981626907,90039.23,130185.0
2011,10740.0,841428.0,119645.415194,132813.285121,83828.102769,37536.718343,142157.0,29683.0,72115.0,174.0,146437.0,298296.0,1024.6999999999998,698.0,37141102.0,36984.81568,0.14547557,5540.745134383463,1224.879162880463,17.445337427316524,-0.3553675386699732,-0.23920755136818814,-0.2720023167074567,-0.35907524963722004,179186.4323432665,117481.0
2011,10900.0,109638.0,18056.28222,23095.244700000003,13353.250572,6802.599348000001,18230.0,5300.0,6087.0,20.0,74721.0,43437.0,90.1,75.0,36883410.0,104714.6338,0.239066719,6179.837740545382,694.0106947838865,86.91756064015811,-0.966634766319731,-0.7992048472815841,-0.7829722530461386,-0.7855894444426392,12992.103000000001,157927.0
2011,11260.0,88379.0,17684.6379,17876.862225,10251.964,3716.33695,12658.0,3927.999999999999,5876.0,11.0,71575.0,23934.0,317.1,241.0,22852724.0,926977.9378,0.22558668,0.0,0.0,0.0,-0.9923157319824657,-0.8116924463480606,-0.803104315684766,-0.8158514985586017,15729.665082572616,58051.0
2011,12100.0,367803.0,64045.90244599999,74505.752072,53380.958076,28380.859443,49612.0,23119.999999999996,29946.000000000004,79.0,106832.0,127111.0,608.0,241.0,17802041.0,17415.70591,0.241268681,1266.7557870935266,103.47565480823222,15.978818237462317,-0.6483861231167032,-0.5419201143994387,-0.5045838699439802,-0.5416616124076468,55790.37356265561,69098.0
2011,12260.0,156017.0,27044.298814000005,37694.487285,17231.765615999997,13043.489251,21081.0,7454.000000000001,13446.0,8.0,43895.0,53916.0,432.3,118.0,22186340.0,3976.123756,0.400426965,1531.9767615940325,40.12234238527965,4.028891232288886,-0.8862277873552251,-0.7390579893339784,-0.716137162361707,-0.7156249584569927,28519.907600000002,108477.0
2011,12300.0,121090.0,19588.97148,27655.01856,15555.94794,8834.242040000001,17341.0,4822.0,8931.0,94.0,45511.0,47326.0,257.1,272.0,4711332.0,621.6060933,0.2,314.2784077832304,6.702541033010692,3.526121446338053,-0.9444055190259905,-0.7844618516838856,-0.7656341160778697,-0.7632312637333597,31083.803000000004,20495.0
2011,12420.0,1026158.0,144277.8148,177032.77816000002,167674.21719999998,53031.845440000005,253384.0,36879.0,72086.0,727.0,55650.0,373559.0,584.6,198.0,97352466.0,110240.4282,0.20639744,22763.419503266327,4618.3383784551115,191.1061681479295,-0.13562076839908824,-0.06524863504690266,-0.0987135973523275,-0.1680886655217962,171984.08080000003,239279.0
2011,12580.0,1948441.0,321197.29402800003,429240.53022600006,252629.40414,150503.03121,352753.0,77999.0,178363.0,1321.0,185781.0,686966.0,1892.4,373.0,158031305.0,80226.52268,0.295856965,19938.785830424873,2685.184036326515,66.89503699754884,1.2575773662920158,1.0424764897694592,1.061037262541032,0.9770596406837079,314708.74267640756,517237.0
2011,12620.0,149419.0,28006.200846,34229.801034,19029.854421,11250.354186,23890.0,6470.0,8593.0,111.0,42704.0,55569.0,222.0,330.0,5619682.0,2043.739742,0.15,534.7029423149731,22.316352817650877,0.7043706836960746,-0.8988674072380272,-0.7435153178561755,-0.7240980890785005,-0.7341452510704647,42091.3323,30594.0
2011,12700.0,221151.0,28279.684124999996,35212.767975,35395.21755,14778.415575000005,28689.0,10660.0,10454.0,138.0,57379.00000000001,85139.0,127.6,88.0,10899246.0,25556.6975,0.136555145,828.3927070439443,6.175499111550675,2.074437082165407,-0.8787238710681129,-0.7405176722214113,-0.7015642172798784,-0.7103486350451603,44296.545300000005,30528.0
2011,12740.0,58696.0,8849.948096000002,10309.248048,9414.8384,3624.712784,9254.0,2296.0,3654.0,76.0,52832.0,23989.0,183.6,160.0,3118098.0,16325.06766,0.166666667,74.99326250810101,4.0940804532499016,0.2829516288265823,-1.02903311109838,-0.8561146792169679,-0.8316893953629289,-0.832814010717977,14685.7392,8492.0
2011,12940.0,434633.0,65073.25276000001,97775.03968,52521.05172,35674.67664,65669.0,13450.0,46367.0,162.0,46563.0,165919.0,537.2,97.0,50582174.0,7001.38863,0.391811024,0.0,0.0,0.0,-0.5679435770004098,-0.48823445757448203,-0.4565326946843209,-0.446442003287701,64977.633499999996,161888.0
2011,13740.0,144797.0,20963.70966,28466.511012000003,18315.662124,8937.160434000001,24051.0,3643.0,9257.0,18.0,49337.0,57711.0,379.4,252.0,8492009.0,1664.692233,0.19761568,544.6174327085017,50.77201594253511,5.931671171913574,-0.9388955446952189,-0.7783427831890009,-0.7606415996331249,-0.760840633189725,36416.4455,30609.0
2011,13820.0,665027.0,115032.38029800002,159119.680236,76519.336674,60810.06888,116449.0,29567.0,64650.0,339.0,46269.0,248859.0,881.5999999999999,141.0,52786173.0,16320.91819,0.463629043,9073.89795499133,1727.1996321612723,106.99731581387152,-0.20399349771749858,-0.1968306692591355,-0.14370864015474752,-0.15914088820892133,127485.67590000002,251357.0
2011,13900.0,79822.0,10522.13604,15565.29,11829.6204,4171.49772,16624.0,1777.0,4185.0,34.0,54040.00000000001,34975.0,287.2,111.0,5594894.0,1736.474756,0.198427523,642.4773467098723,45.36378883629449,11.469352533860206,-1.0126576044751971,-0.8394203255739746,-0.8230275504457889,-0.8180657046375275,14926.714,18836.0
2011,14260.0,571271.0,69607.72751400001,100416.847245,66253.03109100001,30847.132641,107285.0,24536.0,34085.0,31.0,101135.0,202107.0,700.6,291.0,24490187.0,620433.4304,0.208713041,2206.515713154024,296.2913042890497,8.04377646326392,-0.5757468689446645,-0.46812665725143654,-0.4717967384463331,-0.4703636859315519,114052.78280206185,77331.0
2011,14460.0,4588680.0,576806.944381,794086.1943900001,688042.55135,286353.608959,938168.0,190134.0,261322.0,5259.0,483898.0,1580615.0,1771.3,2541.0,340945790.0,219190.7325,0.202725966,52465.22711054922,9029.077343771218,640.160290558974,3.246311164121816,2.643894282312393,2.706076668218768,2.6020007303573283,752025.6005100354,741733.0
2011,14500.0,303482.0,29892.977000000003,31566.983712000005,43524.174512000005,8370.033560000002,62068.0,11150.0,14271.0,351.0,66760.0,102384.0,228.9,115.0,20222155.0,35406.93791,0.210738827,1463.0579987415526,23.592323343707513,4.358706498332105,-0.9131471729267704,-0.7433013389529123,-0.7358020346808695,-0.7576043978169917,52350.645,23765.0
2011,15540.0,152313.0,16672.637919,23244.334617,24217.919313,6328.300523999999,30320.000000000004,5287.0,9050.0,285.0,61230.0,60046.0,312.9,348.0,11657389.0,6455.318154,0.201765352,567.9783589495797,17.998255637169226,1.3720435753676412,-0.9723296562724141,-0.8032704795873034,-0.7902737284302722,-0.788179099796587,36311.4192,27526.0
2011,15940.0,379466.0,67963.87846400001,90227.907616,48922.274584000006,33688.991480000004,51669.0,21563.0,29477.0,113.0,44682.0,148826.0,322.8,113.0,15208515.0,5520.914625,0.207753366,1643.3834305314108,98.95373036220047,21.2125837219415,-0.583787190265827,-0.4954212429408088,-0.4595584623850984,-0.47499187709501633,60335.094000000005,81269.0
2011,16220.0,74508.0,15039.588816,14701.620528,9632.096208,4168.275552,12194.0,2684.0,5114.0,20.0,51486.0,29621.0,419.8,186.0,4654200.0,1842.242624,0.112277332,181.04599475750345,1.8833212350971045,0.4698727070612937,-1.0025148030375965,-0.8269632618075655,-0.8087186100545062,-0.8199571570186185,18038.3868,13143.0
2011,16620.0,191663.0,35341.123896000005,46215.315864,17519.531504000002,19331.896832,27642.0,5829.0,13907.0,116.0,41488.0,68067.0,314.6,131.0,12472917.0,1281.325352,0.321453418,1763.3109332249928,155.48862658104713,7.625331590277481,-0.8181334520248834,-0.6942760701392758,-0.6512026203749165,-0.6585412343481447,37010.1253,57876.0
2011,16700.0,355276.0,56831.37006400001,72508.989392,63550.349776,26036.046384,71366.0,16092.0,30028.0,166.0,50213.0,134152.0,785.5,137.0,30427282.0,8568.514124,0.509772154,5244.440427058826,352.14635824121626,53.84094877403405,-0.6823488530494239,-0.5691308010684901,-0.5418672506125858,-0.5603887047625847,47074.07,122401.0
2011,16740.0,913639.0,114935.7862,173079.77216,107498.76474,53411.33594,208562.0,49202.0,71881.0,297.0,57293.00000000001,338962.0,476.5,125.0,120305020.0,34197.42238,0.378159463,14189.522760150245,1801.2119537347046,36.493393795781785,-0.21663460275286672,-0.1668840337277252,-0.18945189220303205,-0.17432473879273594,150841.7989,382394.0
2011,16940.0,88854.0,15470.36994,16412.044632,11367.358782,5448.260718,14700.0,2805.9999999999995,7416.0,41.0,56193.0,36917.0,444.4,218.0,4774842.0,820.299127,0.141296636,543.7984971703966,19.699717924311848,3.616186436907185,-0.9919517562700878,-0.8218902116121689,-0.799491627418197,-0.8083898791156071,16100.344799999999,15849.0
2011,16980.0,5781248.0,919043.340814,1128974.033244,866294.214376,389301.5102310001,1095545.0,292695.0,526458.0,3270.9999999999995,104601.0,1687310.0,1141.9,407.0,537476155.0,264239.4571,0.204633377,105414.9172620052,17765.80769467855,2547.641416823371,5.2411060427656855,4.455158170520281,4.4238230989320355,3.9599590996325214,1002580.6190702703,1505628.0
2011,17140.0,855062.0,137545.27332,176188.945348,132960.43087600003,66807.70418399999,146933.0,38885.0,78967.0,642.0,50285.0,317385.0,825.6,139.0,110522924.0,56549.75605,0.267904588,16858.19932453354,2580.0126572547233,236.22800621497916,-0.0854395966383981,-0.08843199115204384,-0.035468400997557825,-0.08531746572253894,145189.5276,393937.0
2011,17410.0,1275709.0,198423.77786,277007.45226,177795.56333,109034.84823,212400.00000000003,58771.0,129636.0,937.0,44324.0,457147.0,573.2,124.0,109640094.0,41768.94563,0.203612579,18512.472090877836,2295.1293342616086,276.19034178895487,0.4623822890278878,0.32315064137071203,0.4169537255757091,0.3924910928797332,212533.11940000003,417543.0
2011,17820.0,604542.0,88130.13276,87235.4106,73367.21712,24604.8594,114916.0,24832.0,41423.00000000001,254.0,59061.0,223251.0,455.3,255.0,28716313.0,2660735.546,0.127455439,4424.128707262707,356.72436313335436,14.173028741603009,-0.5824714642444958,-0.4379417677494208,-0.45138111473632153,-0.5372641294867965,126772.4574,79694.0
2011,17900.0,372023.0,50459.711628000005,85327.93932599999,51877.11925799999,30616.004808,74075.0,17516.0,33880.0,121.0,49653.0,135195.0,1090.1,124.0,32454324.0,3075.765014,0.404761933,5000.496439466242,344.7172218856822,20.33143994310492,-0.6531654969112671,-0.5615607690626294,-0.5339509613388549,-0.5044823649983021,39025.212700000004,148078.0
2011,18140.0,1150122.0,201915.41832000003,270094.65048,170448.0804,90031.55016,251029.0,52123.0,99145.0,641.0,51246.0,458754.0,660.7,142.0,95551418.0,41096.83534,0.216857361,17952.316001686275,3764.190707377416,145.36377482730208,0.36386272942805453,0.3192448525876532,0.31132625641342015,0.26080784473125457,222088.5582,359022.0
2011,18180.0,149071.0,19776.504215,29255.18375,19308.421275,8893.575859999999,24831.0,4662.0,8790.0,99.0,64885.0,61745.0,145.1,161.0,8801326.0,6491.92218,0.206427257,628.5298205185071,2.53398716274154,0.1876794087844312,-0.9407894093513831,-0.7803992942592641,-0.7646749094622519,-0.7593991548969145,36716.1873,23170.0
2011,19100.0,1789900.0,246404.7936,343940.02440000005,200203.8948,107802.09720000002,309403.0,69492.0,144936.0,391.0,56265.0,668816.0,452.7,101.0,363599468.0,216176.8657,0.304956771,77936.53684014286,17825.883476514304,507.9370240746878,0.6988554815522422,0.6203897836565928,0.5615722631869741,0.5299706328302297,280656.32,1058302.0
2011,19430.0,532562.0,85927.813576,123752.497064,61259.54173599999,48925.405816,89082.0,30580.0,50141.0,249.0,45237.0,198613.0,636.9,121.0,35270308.0,23780.11281,0.221093208,5463.707561939763,673.422493930893,47.61699288771028,-0.4015283595355005,-0.36579076786099485,-0.3090099783464381,-0.30877109645992373,108749.16040000001,151175.0
2011,19740.0,2441846.0,338546.24168,341368.010674,354189.20905,100189.747576,490901.0,104912.0,163378.0,1585.0,329346.0,903802.0,2059.3,917.0,147002657.0,107047.352,0.237676869,20875.52766453985,3416.445719278385,105.23922730058966,0.894522203311779,0.9070757375353597,0.8070833218103648,0.47764807762343686,413331.8316213741,289455.0
2011,19780.0,429439.0,67275.91374,86817.96487400001,64072.2988,25949.281014,90193.0,13725.999999999998,29298.000000000004,31.000000000000004,56979.99999999999,180921.0,465.2,145.0,35558978.0,25576.16004,0.201039671,5683.107365557927,1036.0705503956249,16.81298438851916,-0.6304245060344388,-0.5049930829535754,-0.5092714599326429,-0.5299124589218778,64158.18659999999,106604.0
2011,19820.0,3131356.0,501839.05139999994,728593.6994640001,410477.610288,256042.006512,549104.0,218480.0,307090.0,1371.0,110132.0,1109947.0,1280.5,523.0,204431264.0,65953.89217,0.202550223,31571.294386929138,5638.368273110151,73.23409170186135,2.7843485169668845,2.2641773425357177,2.2821403266639178,2.273922787924959,586974.1790240917,754286.0
2011,20100.0,157741.0,27137.76164,38228.846832,19232.413684,13450.890552,22170.0,5800.0,13659.0,28.0,55179.0,56270.0,617.7,223.0,6738419.0,958.1472845,0.214407187,587.3526605752004,19.548807160903134,0.6088262683534522,-0.8829964372116892,-0.7376035237962252,-0.7133387911275682,-0.711965023704645,23219.4752,32285.0
2011,21660.0,351109.0,52029.087165,72840.722031,48091.750839,19405.443321,51340.0,21761.0,22106.0,208.0,43614.0,110809.0,339.0,167.0,12171136.0,2337868.63,0.346132129,2717.402098990574,168.54657275854555,27.30691020712682,-0.7274433203935786,-0.5836440703873703,-0.5978190739110184,-0.6003894582292647,89603.0168,43481.0
2011,21820.0,98660.0,15842.8228,18617.142,15258.7556,3796.4368,18992.0,3348.0,6825.999999999999,23.0,65472.99999999999,34915.0,613.5,93.0,5805648.0,2113.883618,0.279356611,0.0,0.0,0.0,-0.9953686267593286,-0.8159301604203172,-0.8084543888220875,-0.8137553260683374,13032.986,15795.0
2011,22020.0,143339.0,20426.667534,30976.704612000005,26487.327132,7183.003968000001,30461.0,3601.0,7384.0,103.0,46942.0,65831.0,330.9,186.0,10795919.0,2628.993647,0.238122784,1909.38813948352,65.31266515509242,6.5908699333866245,-0.9446386412066954,-0.7746063465638326,-0.7731175933729215,-0.7661733453081853,29800.1781,34207.0
2011,22140.0,124131.0,22365.92358000001,24939.779865000004,11715.483780000002,7455.307860000001,15703.0,4337.0,12169.0,6.0,45971.0,42709.0,595.1,144.0,6601191.0,4318.081666,0.281296424,61.47837199188723,0.0,0.0,-0.9489445055582406,-0.7815379619498656,-0.7652942802635722,-0.7775837453845552,20692.637700000003,21145.0
2011,22660.0,298382.0,38560.502624,39971.25272,41617.127832,10815.750736,53153.0,11578.0,14561.0,188.0,56701.0,111359.0,263.3,108.0,12545315.0,1907304.698,0.192262287,1317.2462933232025,215.40978288145357,17.455239320421843,-0.8635736260814495,-0.6975962066041598,-0.6932902934731671,-0.7243718818587372,42638.78779999999,28501.0
2011,24260.0,57487.0,8161.199442000002,13148.599101000002,6800.999535000001,3668.417930999999,7230.0,1361.0,4939.0,12.0,46353.0,22883.0,244.7,163.0,3486296.0,335.7583563,0.2,627.6010482001305,98.48580742688368,18.571104184026083,-1.0255684898610702,-0.8521461149249362,-0.8336056090537597,-0.826392431350731,12319.4641,14301.0
2011,24340.0,608315.0,89371.20654000001,131348.59142999997,81697.92113,38817.79678,116015.0,34186.0,46350.0,248.0,50746.0,236478.0,559.0,182.0,46006711.0,25100.90362,0.202114018,5775.094485936182,906.5660234503688,15.403630842511337,-0.4298653250113041,-0.3384072547641461,-0.36016055243462103,-0.35438207903822727,131274.37699999998,157908.0
2011,24500.0,82178.0,11721.459030000002,15396.294833999998,10010.759604,5132.098278,13063.0,1975.0,5221.000000000001,8.0,42528.0,31786.0,415.7,162.0,3180591.0,1410.731111,0.207942948,76.59815987059707,4.666409088381597,0.9280774166380956,-1.0050357496979516,-0.835982471494848,-0.8133242553613483,-0.8125327249814501,18958.4646,16228.0
2011,24540.0,254759.0,33200.192879999995,44082.478324,30802.401172,10144.50338,44211.0,10400.0,15222.0,59.0,55845.0,93007.0,318.7,102.0,11239384.0,3731.330065,0.340778555,1294.3284105911175,187.62400878699057,11.411151992979722,-0.8735298594094961,-0.7056888918457147,-0.7144146895675428,-0.719584657861539,42748.56020000001,30098.0
2011,24660.0,480362.0,71376.98958,102124.000476,48682.767252000005,36603.5844,84949.0,26577.0,41057.0,143.0,47836.0,182257.0,432.4,97.0,36971732.0,13649.26537,0.35200973,4641.447652837657,322.26140377096107,10.879092174656234,-0.5392741791855019,-0.4588152210781162,-0.4308335438031974,-0.4313127586657961,71189.6484,135180.0
2011,24860.0,451428.0,69096.472536,87817.19169600001,46631.609544000006,30293.527368,73444.0,22947.0,33798.0,50.0,48147.0,164517.0,375.5,143.0,32961568.0,5125.857784,0.386921867,3282.6302764345846,346.59018785931465,22.770882420805364,-0.6021556775756794,-0.497053093287303,-0.4768181512374519,-0.5010682762146715,75614.19,159636.0
2011,25720.0,21600.0,1277.3375999999996,3251.4048,1291.8528,812.8512,3694.0,757.0,700.0,7.0,64238.0,7569.0,137.7,87.0,2729234.0,2139606.469,0.12222419,265.662094814596,5.202806930275014,0.0704782235012208,-1.0752261607680798,-0.8954290447182872,-0.872976773623423,-0.8653772321233031,3693.6000000000004,5197.0
2011,25900.0,177835.0,26393.737195000005,30359.635530000003,27898.043460000004,9846.36828,24476.0,8159.000000000001,14425.0,25.0,51402.0,55001.0,339.1,243.0,6215025.0,8546.007292,0.14020134,0.0,0.0,0.0,-0.9169339190876944,-0.7570168912920334,-0.7378347128832295,-0.7511544300367721,28560.300999999996,26097.0
2011,25940.0,155215.0,22819.08844,24397.00413,24639.760390000003,9953.00666,20527.0,5703.999999999999,10000.0,16.0,55896.99999999999,49397.0,406.8999999999999,102.0,6875771.0,16254.17802,0.376757331,612.6020555134097,37.002990675051386,0.8522212511820811,-0.9362055210237136,-0.7812768397174021,-0.7485181143753896,-0.7634212083513691,19588.132999999998,25678.0
2011,26420.0,4627859.0,541612.686348,872967.3846330001,559498.802424,287043.28447199997,733075.0,170053.00000000003,403808.0,1470.0,136359.0,1590975.9999999998,659.0,348.0,386133020.0,286789.9252,0.324010138,73658.85616334112,11886.437924874706,398.0223038469288,3.2983801294651904,2.703207030085838,2.5986808188355033,2.777180155221213,565739.8046155173,940010.0
2011,26900.0,890879.0,172994.447736,200169.820752,109364.30604,66281.39760000001,159448.0,41351.0,96915.0,350.0,43823.0,339670.0,860.1,260.0,112321887.0,17966.87954,0.231203821,16111.69226389572,2482.956131857959,174.75579372424323,0.04610110189950869,0.07597696371232349,0.0737392836888802,-0.036580470859856384,180135.7338,354210.0
2011,28060.0,89624.0,12530.510687999998,14995.529184000005,12256.619744,4313.782368,12850.000000000002,4743.0,5004.0,10.0,44013.0,31175.999999999996,223.8,133.0,3083553.0,2414727.757,0.314818717,214.52892347507824,16.767281148599412,3.1229652739660945,-1.007756437295007,-0.8342847750173913,-0.8157834729453216,-0.8184266434535666,17019.597599999997,13639.0
2011,28140.0,1403530.0,216046.695004,300733.446852,177242.67488399998,87441.940474,268645.0,60877.0,113545.0,227.99999999999997,162742.0,559099.0,1784.6999999999998,783.0,104216859.0,70292.21528,0.244235328,20267.76612853364,2021.9512728896373,207.6093126289083,0.44168664511792044,0.4304648477489072,0.3402454586385363,0.3113021764179273,202357.29869348658,356331.0
2011,28180.0,64529.0,8330.113139000001,10225.587985,9976.183400000002,4140.116111,9091.0,2982.0,4581.0,6.0,62501.0,24560.0,180.6,82.0,2830133.0,1792.679985,0.090493435,0.0,0.0,0.0,-1.027941158565887,-0.8579448233235757,-0.8301730602138547,-0.8298301321453361,8091.936599999999,8597.0
2011,28300.0,77045.0,12264.947640000002,17344.370400000003,10096.90134,5017.47858,11094.0,2451.0,3858.0,52.0,53210.0,30846.0,190.5,103.0,3047955.0,4030.66921,0.2,29.799706878329285,0.8227940195208805,0.0,-1.0007551266128765,-0.8300369126785888,-0.8123042844494754,-0.8090149349404142,15963.723999999998,11762.0
2011,29820.0,1902834.0,323951.779998,364621.05108,262246.679046,120605.424588,296017.0,117413.0,158843.0,276.0,56691.0,679243.0,415.5,380.0,89714650.0,51449.41515,0.218764017,19596.925052870785,5293.971418087917,8.428312740515118,1.0003314528528995,0.9111759825766951,0.8861678529243597,0.653416035518008,274959.513,335020.0
2011,30150.0,142843.0,21140.850926,26932.343182,20988.461814,8717.852028,20934.0,4551.0,7781.0,161.0,105483.0,53844.0,271.9,255.0,9711583.0,11029.82735,0.192456708,468.76487678262833,8.378497254011025,3.194038646294535,-0.9422536347245112,-0.7811056223286932,-0.7614265422930679,-0.7655121496210956,32695.69837960784,35093.0
2011,30340.0,106539.0,17866.590300000003,25345.6281,15373.577700000002,7562.13822,15118.0,4903.0,8217.0,38.0,44484.0,39844.0,306.9,203.0,3837354.0,529.5946207,0.2,91.31355421280728,5.190424806839802,3.226901448430986,-0.9593313969516457,-0.7949297009997373,-0.7789094727354232,-0.77604816538073,27337.907400000004,20179.0
2011,30700.0,281531.0,41892.65739300001,56869.825062,41892.65739300001,15628.348872,53738.0,6859.0,14898.0,155.0,52228.0,120995.0,357.0,502.0,14562888.0,7997.452731,0.217807697,2278.61465073877,294.7300966621643,21.713721528219097,-0.8008928319994558,-0.6504060566510248,-0.6531661863788636,-0.6581958824108987,50591.12069999999,45176.0
2011,30780.0,381904.0,55641.12137600001,81167.202832,44742.345024,28680.9904,69133.0,11834.0,37766.0,123.0,45215.0,148116.0,786.1,152.0,31507228.0,20981.54628,0.371822899,5364.612006013692,1262.9218971183936,66.19082910585648,-0.6568318637013935,-0.5541428249985231,-0.5293995048551643,-0.5253823782608281,96010.66560000001,150422.0
2011,31080.0,12874797.0,1376797.959076,1962219.613054,1539870.3070480002,731942.329068,2239966.0,710678.0,1025570.0,7125.000000000001,130314.0,4273588.0,758.2,479.0,740339476.0,893320.7682,0.268954342,425757.3466247712,121632.82974787086,689.3523092153807,9.619405942844429,7.712824446520311,7.9799718752269015,7.869906922155095,1396230.0729895616,1637463.0
2011,31140.0,721594.0,136348.79427,175542.17238,73970.60094,65690.30979,132572.0,37330.0,65634.0,426.0,46745.0,271460.0,540.4,383.0,57589386.0,23793.51305,0.30098235,12613.291687940811,1884.0738143356348,76.94538566365607,-0.0952849378097607,-0.0936286818103076,-0.046125572941067707,-0.09358119997651843,132628.9772,275805.0
2011,31700.0,405906.0,57680.866224000005,81869.616576,56130.305303999994,23878.638168,77792.0,15034.0,24905.0,141.0,68613.0,175937.0,191.5,302.0,21651163.0,5620.123098,0.211720659,2320.594583187042,33.47758904358404,1.162590498225194,-0.6743974759844065,-0.5461508336541661,-0.5524217759994061,-0.5533522287059923,80572.341,67108.0
2011,33100.0,2500625.0,286896.70625,431307.8,258014.4875,175218.79374999998,399443.0,133020.0,218430.0,1141.0,43921.0,840895.9999999999,315.4,105.0,256728680.0,174375.1324,0.251442568,79165.8186666813,13742.947817459924,287.1206059768797,1.2964555884257376,0.9381598191907649,1.1040242700973182,1.1333233100642377,416854.18750000006,990463.0
2011,33340.0,959521.0,168171.40758600002,217041.731158,170327.451273,68274.716755,171449.0,43364.0,112834.0,162.0,45902.0,335924.0,97.4,223.0,84942358.0,35935.96516,0.200898212,14522.78767582529,1459.7841894478995,85.6511506197011,0.07349392126242371,0.0972421969150793,0.07068258474110115,0.012224080738729132,160911.6717,255752.0
2011,33460.0,2622530.0,355123.95335200004,494752.397936,379271.502014,132282.84960800002,578674.0,113491.0,169526.00000000003,2708.0,336676.0,1053160.0,1483.7,1451.0,203208911.0,171280.409,0.206950754,32775.59749857301,2619.825822375301,292.0408802017629,1.3699688094072933,1.2920583604534732,1.0567546662766691,1.0071376801966139,414864.18391660915,443997.0
2011,33540.0,108623.0,15302.265124999996,17138.53694,19237.1333,4372.07575,19813.0,3324.0,6242.0,13.0,43260.0,38963.0,261.8,162.0,4353799.0,1743.311682,0.225564805,625.3072210849323,38.56697778814832,6.150462945251984,-0.9964981032203108,-0.8208490297136362,-0.8066338660973426,-0.8134245259814519,20518.8847,15071.0
2011,33660.0,411721.0,75966.229989,92440.834083,43322.107062,37220.401842,58276.0,18774.0,44248.0,92.0,40951.0,143182.0,682.7,117.0,17513026.0,2038.121597,0.354336339,2539.8470710523693,270.61005433725506,17.39452872575897,-0.5414518158998358,-0.46524325401418587,-0.41248913507473145,-0.44850924007152104,82755.921,91316.0
2011,34820.0,263868.0,57196.55541600001,58034.600184,35197.880256000004,22208.186352,35508.0,15954.0,20707.0,14.0,42515.0,94025.0,484.5,147.0,9258039.0,11624.81445,0.29904492,1594.848250290259,12.418328977520645,0.5698388861995349,-0.7262319382586883,-0.59934004016422,-0.5642164689764991,-0.615263795925438,53222.1756,52359.0
2011,35620.0,12888946.0,1618162.520544,2253975.990456,1574644.392082,851999.2462979999,2546171.0,590191.0,929800.0,6131.0,1081926.0,2719193.0,4270.400000000001,1579.0,1312062449.0,486663.459,0.236718548,264388.38958731573,54067.27211568133,2735.2685226192193,11.362653439925177,9.110666475709893,9.482836313914506,9.239464139946218,1560048.9645317285,3452541.0
2011,35820.0,35670.0,5183.06502,8282.2173,4728.878909999999,2324.3642099999997,6176.0,881.0,2347.0,7.0,48080.0,14279.0,267.0,123.0,1978985.0,521.1004389,0.2,368.1811782606826,64.21475074199532,7.760741317240296,-1.0486317940736316,-0.8721383127140042,-0.8513058958292713,-0.845192464350894,7822.431,7289.0
2011,36260.0,532661.0,36001.125297000006,90315.720789,32379.698792999996,23679.936953999997,96527.0,17261.0,28243.0,119.0,118417.0,186841.0,476.9,491.0,18963675.0,2627.90863,0.204865459,7342.878578779911,1599.4223551901928,104.3689053033116,-0.7165320963996238,-0.5966123242135635,-0.6224071392186733,-0.5362688715019768,123986.34018126274,60278.0
2011,36420.0,961293.0,171811.270967,208466.848316,115267.181397,71845.33379599999,163942.0,26494.0,78635.0,171.0,98094.0,365998.0,882.7,474.0,58595935.0,24847.84233,0.298579618,8456.005287674601,1059.1982933509253,70.14575671674895,0.08563746265224574,0.09020464233582312,0.10415548475727265,0.015569151230817035,192407.66125632904,265665.0
2011,36500.0,250979.0,37831.319565000005,53545.867692,32981.15039000001,15714.548127,44969.0,9885.0,16855.0,118.0,62146.0,88307.0,305.1,100.0,9999510.0,8409.030847,0.379615337,1286.5482279608148,152.65221579820624,6.3954861976375135,-0.8168540642891443,-0.6704914247204141,-0.665518817648804,-0.6648698908318152,55215.38,35036.0
2011,36540.0,663703.0,101466.913082,135545.113571,97528.95436,37220.872217,138161.0,17418.0,50576.00000000001,296.0,117062.0,273332.0,796.2,1013.0,50227641.0,17485.45813,0.23260694,6602.551028932999,1250.2119531031667,99.08150390170692,-0.39914867854720626,-0.29094705147205163,-0.3316016468833023,-0.3550947484161159,110388.09194580454,152764.0
2011,37980.0,3335838.0,580191.3824150001,720091.8292660001,455755.690017,251431.668244,553126.0,148074.0,339616.0,1632.0,308279.0,988449.0,2488.3,858.0,352201950.0,317246.9417,0.275661828,52097.55636802441,6373.783461232231,1051.209842560948,2.9488954660499473,2.4942755101772467,2.502350093845002,2.2271854558432267,561789.7217153846,1080395.0
2011,38060.0,4023132.0,526467.0535200001,675632.718684,511842.9686999999,216436.455336,690163.0,163898.0,332201.0,1159.0,56511.0,1332520.0,339.0,295.0,186346485.0,3837435.036,0.240054196,41185.99899483001,8107.482099798343,47.17327434851273,2.555648285462967,2.2275217868039983,2.117032522669171,1.9159262730583773,676288.4892000001,593744.0
2011,38300.0,1218494.0,206914.903128,264499.711074,199106.793576,92721.30093,230314.0,44113.0,80715.0,971.0,48778.0,410840.0,428.2,269.0,124716212.0,264164.2449,0.232810019,19426.565909894063,1804.9540651592663,254.9687339820408,0.3803823530857332,0.32297768444901,0.343702136799476,0.26520122408958136,243942.4988,490947.0
2011,38860.0,480435.0,66092.31084,84225.521712,72035.73585600001,29084.349072,83864.0,18725.0,28639.0,404.0,108679.0,193347.0,372.9,867.0,25316697.0,8747.842498,0.200776762,2213.2650311045813,130.44536623556144,15.828257724961256,-0.6223527937285536,-0.5143654085385069,-0.4937727001115861,-0.5162775790311281,109490.6377785467,72567.0
2011,38900.0,2082318.0,263511.474538,392076.7146619999,266300.776128,116982.428329,428175.0,115799.0,130129.0,1150.0,242004.0,698268.0,1126.0,696.0,115381532.0,2421076.865,0.332476381,19548.34705536791,2467.498602040655,170.79120513258692,0.874393826736414,0.7789671602034067,0.6722102266890427,0.6906659750369565,475041.6586456897,269830.0
2011,39300.0,1470800.0,233548.953172,293570.928165,221789.473454,102706.918681,235624.0,89008.0,112822.0,824.0,237388.00000000003,570047.0,951.3,1835.0,71180467.0,66760.55537,0.205755533,12096.900223916096,741.5088997960281,61.76222413066057,0.5508523911697468,0.4704576150657395,0.4895049835517454,0.389525039531471,315995.64908991824,316590.0
2011,39340.0,545307.0,21365.12826,86172.683982,14599.504311,19940.786376,90085.0,13815.0,18154.0,264.0,59701.0,157906.0,97.6,353.0,16954435.0,3638.097149,0.176129694,5645.312937202721,1893.0059526124428,40.67347820960544,-0.7804904518569272,-0.6520140651373578,-0.691793229894136,-0.5682100326904432,120076.6014,48055.0
2011,39580.0,897214.0,100373.124608,176313.31756800003,92448.93056,51507.261312,211059.0,37751.0,56476.0,443.0,65487.0,337086.0,364.8,90.0,56054386.0,43589.79804,0.342047978,7520.313037014395,667.36783254554,26.13386876751436,-0.25813794093697434,-0.20606731898192446,-0.24733586164048912,-0.17901054261922825,147501.98160000003,165894.0
2011,39660.0,100850.0,16987.9808,19642.3528,13499.3776,5687.94,17317.0,2594.0,8458.0,37.0,46887.0,39192.0,431.3,124.0,5249637.0,8174.957238,0.183430033,1061.3481791727952,14.77015126935959,2.2123093915235827,-0.9811033496482141,-0.8100761375277156,-0.7932060670981603,-0.7999175434167705,19685.92,24183.0
2011,39900.0,414820.0,63661.59576000001,67738.44671999999,66797.63496,21011.46264,66423.0,25979.0,31071.0,189.0,57354.99999999999,154435.0,328.4,299.0,22073323.0,26858.31301,0.202329148,4545.690602049323,511.4444799424036,1.3454144750971204,-0.6983250614643427,-0.5578045589466428,-0.5510595478999687,-0.6015838008144127,75829.096,60662.0
2011,40140.0,4143113.0,474601.111866,800466.592356,487414.858698,231297.350742,559512.0,236545.0,352744.0,869.0,112358.0,1239334.0,662.6,269.0,128242802.0,1878215.292,0.215335063,66786.96635946438,21548.263491425525,218.91494435617676,2.7170247729859005,2.3335386865537906,2.0437842807497817,2.277717953927141,490923.4661137547,586094.0
2011,40860.0,63014.0,10412.43336,12811.37634,9136.39986,4134.34854,7866.0,2970.0,3965.999999999999,28.0,47147.0,24588.0,217.9,153.0,2525939.0,659.1791733,0.187537806,29.460724197459506,4.175547618680581,1.8846580840720435,-1.0180039332018167,-0.8457363137974195,-0.8236036513918354,-0.8242618706972102,13686.6408,10711.0
2011,40900.0,1400949.0,165281.161122,277547.610186,175676.202702,87318.349272,256873.0,77964.0,119138.0,604.0,56882.0,456259.0,499.1,110.0,99558297.0,236683.3506,0.292572955,41395.73116788029,12214.78912551853,353.38946369718536,0.2686653326767677,0.21919747756023067,0.17846529218505386,0.26029698377558647,215886.24089999998,266270.0
2011,41180.0,1348995.0,214632.780555,308910.499266,206564.863857,99358.917888,251770.00000000003,65031.0,127881.0,331.0,91775.0,509618.0,1731.0000000000002,252.0,143436430.0,78780.67265,0.264890306,20154.2488024052,3468.876828158172,248.6262044459522,0.5122781152898369,0.44370065969356026,0.40894489159918035,0.4022068990091987,280186.26149999996,540995.0
2011,41620.0,1093324.0,96050.776218,184725.62101100004,97495.009521,53547.87182400001,214838.0,37142.0,64846.0,724.0,121035.0,394651.0,479.9,1122.0,66039322.0,10869.05833,0.278816014,9708.835653884851,1956.774813185786,52.39034274911184,-0.2441913017238455,-0.2015468383984409,-0.2485140121524357,-0.14824844364828457,252357.40126666662,130090.0
2011,41700.0,1651448.0,209271.49056,304394.89536,236619.46944,96312.44736,262032.00000000003,52047.0,159725.0,684.0,45794.0,551957.0,552.3,195.0,89404113.0,80175.81478,0.202910436,26187.4777514678,5340.4308176224395,193.42429761107087,0.47513116491074664,0.41690959917271725,0.373230739466456,0.373712210126854,284214.2008,335232.0
2011,41740.0,3053793.0,321753.73806600005,502306.1953979999,400456.091262,164349.031674,579978.0,151299.0,205676.99999999997,2042.0,62820.0,1059494.0,478.9,210.0,172673079.0,548909.4649,0.275573475,78968.55788719754,23432.33122568927,186.50471153155033,1.4578358626383854,1.2025825960187142,1.1478328534732096,1.220431412567422,421118.0547,367419.0
2011,41860.0,2532756.0,246905.14329599997,416026.389714,349608.439088,141907.948188,498207.00000000006,135559.0,163267.0,1979.0,148686.0,788043.0,848.9,163.0,329132010.0,239835.7473,0.226842395,123020.24713890544,36088.835813754136,593.7986492952874,0.9988508887887102,0.7781957185319106,0.7726090959054461,0.8956393219381326,323487.3255312883,520208.0
2011,41940.0,1784642.0,136268.12455200002,272536.24910400005,184838.941224,99840.012048,398084.0,96379.0,95287.0,1067.0,88525.0,628098.0,320.2,101.0,183106308.0,83045.57787,0.218702937,60631.568604436645,14926.894771871766,168.34710171017392,0.24752946759946987,0.11631202644775548,0.16333764553189015,0.32633447287609174,200415.2966,217644.0
2011,42140.0,147532.0,20707.739052,15092.081004,16262.009764000002,4679.715040000001,20509.0,4823.0,10138.0,42.0,55000.0,52244.00000000001,293.9,145.0,6104558.0,1551489.678,0.11497716,496.8447803029695,21.62949071221731,3.1133878139765105,-0.9845927960324299,-0.8081385123769547,-0.787599194101288,-0.8159701509229693,23752.652000000002,13662.0
2011,42420.0,36865.0,5549.988885000001,8587.296235,3037.30735,2788.8003850000005,4737.0,1017.0,3321.0,18.0,41774.0,13884.0,213.4,162.0,1481862.0,3562.314015,0.2,280.5278327118293,52.31665924761781,3.0847329050141306,-1.0448128113883144,-0.8703133427250703,-0.8472898836353578,-0.8416791445113353,7649.4875,7271.0
2011,42580.0,192747.0,33736.89290400001,44117.475336,26409.422952,17097.429888000002,20222.0,7322.999999999999,13827.0,34.0,47727.0,65543.0,348.9,189.0,8888999.0,17878.81485,0.20471174,400.8024098752077,13.57644087760632,2.0018476829041942,-0.8372059206658556,-0.7039107121636738,-0.6700132557101988,-0.6768097191189458,28738.577700000005,40152.0
2011,42660.0,3407848.0,408570.69221600005,654705.49796,454366.4341490001,194340.287256,734710.0,163563.0,203069.0,1786.0000000000002,194930.0,1170315.0,1051.7,1033.0,250181331.0,2146386.193,0.332795041,33882.172635586205,4767.8639416461465,131.11515077980914,2.10272920078355,1.808219486129013,1.6073854552941216,1.7348784366191785,659182.0510187802,466057.0
2011,43580.0,20651.0,3234.690036,4760.220708,2584.926972,1214.7744239999995,2444.0,562.0,1681.0000000000002,1.0,43813.0,7727.0,173.49999999999997,136.0,7105171.0,2414.367421,0.2,1029.2512097548745,60.01351933836434,5.348891961764176,-1.0654743618306832,-0.8859508304830092,-0.8643000470780339,-0.8596391875775575,3700.6592000000005,27823.0
2011,43620.0,183048.0,27369.886104000005,39179.227824,25980.551784,9725.34024,33650.0,4839.0,12716.0,69.0,55138.00000000001,81766.0,433.1,149.0,16077490.0,3789.371501,0.197259029,1742.2192597583676,174.311839753475,6.1595827484470576,-0.8993990801302411,-0.7348076797882297,-0.7354817587377648,-0.7327846799637473,35273.3496,41114.0
2011,43900.0,286822.0,48137.909904,65051.2296,25803.654407999995,22984.767792,40069.0,16973.0,22771.0,13.0,45000.0,100802.0,568.1,103.0,11762469.0,7888.170104,0.376679637,1677.5738034347114,222.9189918481012,21.31508691377174,-0.73335085868338,-0.6128670070123835,-0.5881801075124677,-0.595288888567621,40470.5842,65459.0
2011,44060.0,468684.0,74509.507584,97546.263552,61551.332352,28435.995648,85347.0,21093.0,30999.0,183.0,48269.0,160820.0,373.0,259.0,19913229.0,116702.0952,0.304483591,2463.4773024464284,298.41554659196447,29.52659979911632,-0.5802404072096548,-0.4587997597284242,-0.47105617742513245,-0.4913917487539351,92237.0112,75425.0
2011,44140.0,471081.0,73060.89445200001,98614.212216,67302.400308,35270.776632,64621.0,21947.0,46495.0,164.0,48482.0,170534.0,523.4,411.0,19111716.0,18073.28292,0.21451354,4959.500775227836,673.21517532674,21.692408038547665,-0.5478167547863205,-0.4610801984885598,-0.4336774308025966,-0.4471038444684465,90117.7953,90663.0
2011,45780.0,463493.0,86289.418796,109629.99929,67546.225369,37840.032013,74542.0,26859.0,46488.0,217.0,41291.0,173392.0,534.9,120.0,29379042.0,7075.15429,0.201065168,5464.017438980761,748.7981549755327,109.41496289523796,-0.48119868139023064,-0.3952487761043786,-0.3759401706926348,-0.40745321939693874,83845.8837,119210.0
2011,45820.0,176255.0,25682.997325,40720.19265,17698.645825,12641.889875000004,28177.0,6042.000000000001,16236.0,33.0,48332.0,70265.0,421.3,283.0,9728178.0,2688.897811,0.266274621,1540.3611694225865,109.30309571905516,9.307087753565796,-0.886406811859315,-0.7368188187443435,-0.7229213098781228,-0.7115342195962273,35145.247,42774.0
2011,45940.0,366222.0,41788.859976,67765.71888,44894.788758,24565.073094,65956.0,15841.0,26126.999999999996,306.0,72883.0,123848.0,334.9,84.0,25917911.0,16593.95832,0.294721352,3417.117987692443,201.41101210421317,46.747600923849674,-0.7370454391051074,-0.6271227154270601,-0.598613483860565,-0.5797013768951513,41053.4862,65351.0
2011,46060.0,1020200.0,135194.86359999998,183646.202,126598.6584,60954.9096,163220.0,40536.0,82043.0,469.0,46653.0,325832.0,367.8,167.0,35362331.0,147226.3229,0.195599728,4369.622064734982,646.3248641218044,15.849149615690418,-0.10767235203264275,-0.07972648592436603,-0.07886657227027645,-0.10509979009072112,180371.36,143116.0
2011,46140.0,601961.0,104681.0179,121608.16121999998,68154.02442,42763.309440000005,102830.0,19329.0,49340.0,80.0,46857.0,229181.0,541.9,435.0,42008713.0,15836.64048,0.301937759,7864.949017098272,620.7036817777807,47.29240214936061,-0.3877110333255937,-0.3109552331611717,-0.28736991257223554,-0.35126057753209755,130083.77209999999,204818.0
2011,46520.0,907574.0,112268.718948,146867.254976,125684.477816,59311.77604800001,177921.0,25498.0,53247.0,227.00000000000003,70010.0,290622.0,526.9,389.0,52631030.0,62940.81383,0.110807453,0.0,0.0,0.0,-0.24035344724290075,-0.2321489378946213,-0.16167585678906318,-0.19489447907878457,86491.80219999999,139975.0
2011,47900.0,2633797.0,288192.47727000003,492557.93022,276778.27529,176708.72169,535717.0,100355.0,214526.0,2418.0,302581.0,802435.0,2196.0,1085.0,316353831.0,179522.5137,0.29818393,44516.477369066815,6755.388980293877,273.0713150434997,1.4157324760123176,1.0750054339876345,1.1172841737295645,1.2752088196673297,379788.1869821198,811369.0
2011,48620.0,490864.0,74430.69004799999,104131.398096,47592.700848,33279.106607999995,82815.0,21187.0,41132.0,56.0,49518.0,193403.0,496.19999999999993,612.0,28202474.0,10427.74664,0.313955823,5302.334212028514,361.13127286698654,60.846898254142886,-0.5444932163185674,-0.4447790641339035,-0.4415638129215562,-0.44737869225866184,87815.5696,110132.0
2011,49340.0,803701.0,123419.540364,149208.69805200002,122191.485236,50350.260248000006,139705.0,37408.0,51124.99999999999,447.0,66389.0,318623.0,206.2,468.0,36014006.0,52331.85294,0.206128427,6650.566989683311,1171.7164800987373,28.39998045257172,-0.2523043075643077,-0.19170593361171265,-0.18134119379462485,-0.24485450313901042,139361.7534,137149.0
2011,49660.0,236735.0,39853.153575,52087.14490500001,29287.433790000003,19833.895035,31633.0,14448.0,20784.0,63.0,40508.0,89013.0,376.9,110.0,15781356.0,5621.076757,0.203078543,1981.7878314852949,130.85813201205175,15.124541131137336,-0.7935446018386916,-0.6672396590150682,-0.63380823762785,-0.6427334944055346,38161.682,98261.0
2012,10420.0,542405.0,86259.75196000001,121433.6314,73697.65216,43967.3493,90784.0,28913.0,40388.0,375.0,45768.0,221759.0,368.3,118.0,31046119.0,41598.15136,0.216675108,5494.820511684351,537.5449184926114,53.1143899450831,-0.429643179133125,-0.36976313667857275,-0.33840537900936224,-0.3442445901803274,109457.329,130185.0
2012,10740.0,768515.0,104113.34927699996,119447.357021,73239.331013,35823.223199,131916.0,31877.0,68841.0,171.0,100183.0,285827.0,878.4,609.0,37226565.0,36984.81568,0.14547557,5540.745134383463,1224.879162880463,17.445337427316524,-0.4278147153740412,-0.3174384933907145,-0.33179072024433054,-0.39856351450913957,164001.101,117481.0
2012,10900.0,109638.0,17384.420556,23011.261992000003,13017.31974,6970.564764000001,17642.0,5406.0,6403.0,20.0,69658.0,42664.0,89.2,88.0,38001713.0,104714.6338,0.239066719,6179.837740545382,694.0106947838865,86.91756064015811,-0.9676793522882996,-0.8015178980424961,-0.7840718002599051,-0.784739939991268,19252.4328,157927.0
2012,11260.0,88379.0,17812.78745,18966.1334,10764.5622,3331.8882999999996,13588.000000000002,3899.0,6127.0,11.0,68670.0,25383.0,317.1,289.0,23400011.0,926977.9378,0.22558668,0.0,0.0,0.0,-0.99198372260781,-0.8089254062792465,-0.8050588073551849,-0.8158518950523148,15854.152847058822,58051.0
2012,12100.0,367803.0,61809.70452800001,78515.030554,52261.20493699999,28896.904663,48980.00000000001,23869.000000000004,30362.0,79.0,103042.0,128195.0,668.4,254.0,17839703.0,17415.70591,0.241268681,1266.7557870935266,103.47565480823222,15.978818237462317,-0.6444846899219723,-0.5403244843161242,-0.5085076560357624,-0.5298039544574915,63865.37084173228,69098.0
2012,12260.0,156017.0,25368.988268,39010.802714,16872.770499,13641.814446,21471.0,6580.0,14237.0,8.0,43196.00000000001,55723.0,408.3,117.0,22623211.0,3976.123756,0.400426965,1531.9767615940325,40.12234238527965,4.028891232288886,-0.8852307019586293,-0.7415192431250677,-0.7177765969421691,-0.7090979454353996,32576.3496,108477.0
2012,12300.0,121090.0,18916.80089,28807.311,15459.92357,9026.29078,17270.0,4678.0,9044.0,94.0,44725.0,47167.0,194.3,196.0,4645502.0,621.6060933,0.2,314.2784077832304,6.702541033010692,3.526121446338053,-0.9431411246604064,-0.7840967412945373,-0.7665867433998671,-0.7595547184998451,28298.733000000004,20495.0
2012,12420.0,1026158.0,133359.49368,193410.25984,171573.61760000003,52251.96536000001,235333.0,38797.0,76195.0,727.0,51905.0,373443.0,599.0,170.0,100761664.0,110240.4282,0.20639744,22763.419503266327,4618.3383784551115,191.1061681479295,-0.13878334168407172,-0.06438826057649598,-0.13813435994672105,-0.13738627913817086,152487.0788,239279.0
2012,12580.0,1948441.0,310381.25632399996,434221.921756,245471.68406400003,151481.53762000002,346927.0,83171.0,180524.0,1321.0,181394.0,693156.0,1802.6,529.0,162981268.0,80226.52268,0.295856965,19938.785830424873,2685.184036326515,66.89503699754884,1.2433205963765348,1.018964741644535,1.0327394771678042,0.9938640243184482,308336.1841833648,517237.0
2012,12620.0,149419.0,26210.931561,37580.970366,19149.53904,12686.569614,23154.0,6462.0,9162.0,111.0,42602.0,57847.0,209.2,217.0,5649918.0,2043.739742,0.15,534.7029423149731,22.316352817650877,0.7043706836960746,-0.8903751700128943,-0.741947317037732,-0.7209723905067053,-0.7180628656083697,34500.8471,30594.0
2012,12700.0,221151.0,26637.63795,33205.822649999995,34482.96967499999,15325.7643,28534.0,11283.0,10609.0,138.0,54871.0,83170.0,159.2,107.0,11058887.0,25556.6975,0.136555145,828.3927070439443,6.175499111550675,2.074437082165407,-0.8837806654897187,-0.7500752790494598,-0.7034111970441097,-0.7113365401073669,39961.9857,30528.0
2012,12740.0,58696.0,8520.428752000002,10544.619008,9414.8384,3295.1934400000005,9389.0,2115.0,3965.000000000001,76.0,51334.0,23284.0,168.3,126.0,3245480.0,16325.06766,0.166666667,74.99326250810101,4.0940804532499016,0.2829516288265823,-1.0311216847422804,-0.8566497943315285,-0.8347582185938109,-0.8343275705364902,14779.6528,8492.0
2012,12940.0,434633.0,60779.07872,104711.78236,48887.51984,36665.63988,75354.0,15751.0,48393.0,162.0,44911.0,170168.0,657.6,101.0,52457695.0,7001.38863,0.391811024,0.0,0.0,0.0,-0.5618013619893476,-0.48682231054107955,-0.46406754134610284,-0.42532366421058376,80885.2013,161888.0
2012,13740.0,144797.0,20743.039032,30673.217292000005,17984.656182000002,8826.82512,24970.0,4469.0,9539.0,18.0,48058.99999999999,59402.0,302.8,158.0,8898218.0,1664.692233,0.19761568,544.6174327085017,50.77201594253511,5.931671171913574,-0.9361126357263831,-0.7742605500453047,-0.7620191238016717,-0.756736051488757,32753.081400000003,30609.0
2012,13820.0,665027.0,111991.876854,162160.18368,73478.83322999999,62837.071176000005,114730.0,28236.0,65586.0,339.0,41740.0,246281.99999999997,801.2,199.0,54756047.0,16320.91819,0.463629043,9073.89795499133,1727.1996321612723,106.99731581387152,-0.19631001195433315,-0.19988562334457016,-0.14090452816603755,-0.14010362711497967,117909.28710000002,251357.0
2012,13900.0,79822.0,9899.52444,15689.81232,11456.053440000002,4482.80352,16290.0,1711.0,4057.0,34.0,55565.0,35284.0,340.6,86.0,6525529.0,1736.474756,0.198427523,642.4773467098723,45.36378883629449,11.469352533860206,-1.0124866351415645,-0.8411253092324683,-0.823090605828949,-0.8158840698801912,12276.6236,18836.0
2012,14260.0,571271.0,67356.854292,103994.407218,64188.724236,30119.873628000005,106842.0,26978.0,37543.0,31.0,93328.0,205278.0,637.5,271.0,24392424.0,620433.4304,0.208713041,2206.515713154024,296.2913042890497,8.04377646326392,-0.5788837805332816,-0.46751315555461526,-0.4834024139142713,-0.4670769497212587,118261.73984538743,77331.0
2012,14460.0,4588680.0,549833.3241390001,822432.6021970001,679006.1781809999,288315.214334,913414.0,190033.0,262916.0,5259.0,463935.0,1570359.0,1972.4,2847.0,356528299.0,219190.7325,0.202725966,52465.22711054922,9029.077343771218,640.160290558974,3.2365508537848813,2.6197674422734982,2.632566668131506,2.6754769904910036,803584.7276712328,741733.0
2012,14500.0,303482.0,29892.977000000003,34914.997136,41371.880168,10522.327904,64611.0,12269.0,14304.0,351.0,62215.0,99407.0,240.8,101.0,20635102.0,35406.93791,0.210738827,1463.0579987415526,23.592323343707513,4.358706498332105,-0.8964239545118471,-0.7360458342901176,-0.7225844314605904,-0.7371312899339181,55476.5096,23765.0
2012,15540.0,152313.0,15577.355135999998,24704.711661,24217.919313,6206.602436999999,31558.0,4592.0,9073.0,285.0,56016.0,60464.0,291.9,196.0,11964916.0,6455.318154,0.201765352,567.9783589495797,17.998255637169226,1.3720435753676412,-0.9731881342120619,-0.8035797694611413,-0.7944951807158542,-0.7857616744138346,31041.3894,27526.0
2012,15940.0,379466.0,67377.98296000001,94036.228392,47457.535824000006,33103.095976000004,52722.0,21310.0,29173.0,113.0,42805.0,145936.0,321.7,127.0,15272529.0,5520.914625,0.207753366,1643.3834305314108,98.95373036220047,21.2125837219415,-0.5814986126136846,-0.4890265813888363,-0.46501492424775787,-0.4703369202474768,76879.8116,81269.0
2012,16220.0,74508.0,14870.604672,15377.557104,9575.76816,4168.275552,12413.0,2934.0,5267.000000000001,20.0,52101.0,30643.0,501.9,189.0,5342264.0,1842.242624,0.112277332,181.04599475750345,1.8833212350971045,0.4698727070612937,-1.001755189163083,-0.8260344287184879,-0.8092546041204709,-0.8184923298635762,16242.744,13143.0
2012,16620.0,191663.0,36096.276116,47725.620304,17217.470616000002,19482.927276,27497.0,6916.000000000001,13289.0,116.0,43110.0,69147.0,315.2,126.0,12084518.0,1281.325352,0.321453418,1763.3109332249928,155.48862658104713,7.625331590277481,-0.8127479091015191,-0.6886078410074153,-0.6478798796947273,-0.6543407389467599,38447.597799999996,57876.0
2012,16700.0,355276.0,54031.795184,76988.30920000002,61310.689872,27995.748800000005,66773.0,16027.0,28978.0,166.0,46187.0,132049.0,785.0,177.0,32747044.0,8568.514124,0.509772154,5244.440427058826,352.14635824121626,53.84094877403405,-0.6718319418831397,-0.5683034938637648,-0.5387122468559447,-0.5386466740146825,59437.67480000001,122401.0
2012,16740.0,913639.0,107498.76474,174431.95788,108174.8576,52735.24308,207720.0,50503.0,77249.0,297.0,52363.0,341922.0,653.8,87.0,130751112.0,34197.42238,0.378159463,14189.522760150245,1801.2119537347046,36.493393795781785,-0.23687354606899044,-0.18754289377250513,-0.21719308441289853,-0.17554640760080223,107443.9464,382394.0
2012,16940.0,88854.0,14730.482682000002,17017.406934,10560.209046,5582.785674,15028.0,3247.0,7870.999999999999,41.0,50278.0,38343.0,559.7,176.0,5031810.0,820.299127,0.141296636,543.7984971703966,19.699717924311848,3.616186436907185,-0.9921194976889575,-0.8229251453697335,-0.8010123058151807,-0.8062518535076575,15487.252199999999,15849.0
2012,16980.0,5781248.0,889572.3745670001,1172998.0355900002,877937.336107,400215.998617,1071493.0,296762.0,513707.0,3270.9999999999995,96709.0,1678305.0,1121.3,343.0,566467887.0,264239.4571,0.204633377,105414.9172620052,17765.80769467855,2547.641416823371,5.2975478645398075,4.457085129424066,4.3973730339233965,4.122391558147242,789222.9412571427,1505628.0
2012,17140.0,855062.0,134925.363352,177498.90033200002,132305.453384,64187.79421600001,137767.0,40531.0,77452.0,642.0,46359.0,300190.0,658.4,154.0,114485862.0,56549.75605,0.267904588,16858.19932453354,2580.0126572547233,236.22800621497916,-0.10303927078341539,-0.093903165939296,-0.059867698698933186,-0.09856796236053575,165112.4722,393937.0
2012,17410.0,1581416.0,243427.10137100003,350703.567997,216440.053551,131859.612615,258520.0,75659.0,156268.0,1004.0,91499.0,574121.0,960.1,285.0,113177199.0,41768.94563,0.203612579,18512.472090877836,2295.1293342616086,276.19034178895487,0.8237906323495319,0.6256022858206206,0.6998687069241512,0.6923692251471737,295055.0484519298,417543.0
2012,17820.0,604542.0,87682.77168,94840.54896,70683.05064,26841.6648,118192.0,28745.000000000004,43440.0,254.0,51553.0,226775.0,510.2,187.0,29344597.0,2660735.546,0.127455439,4424.128707262707,356.72436313335436,14.173028741603009,-0.5589440508037007,-0.42287958290519084,-0.4390634816075223,-0.5070463779828729,108696.6516,79694.0
2012,17900.0,372023.0,51026.67468,87312.310008,53294.526888,30899.486334,73334.0,17438.0,35601.0,121.0,45944.0,141868.0,923.6,162.0,33125891.0,3075.765014,0.404761933,5000.496439466242,344.7172218856822,20.33143994310492,-0.6467631415324256,-0.5554620971857042,-0.5304117259005843,-0.49844111266267915,59486.4777,148078.0
2012,18140.0,1150122.0,198419.04744,270094.65048,167825.80224,87409.27200000001,237763.0,53508.0,104640.0,641.0,47621.00000000001,459902.0,684.6,175.0,101699415.0,41096.83534,0.216857361,17952.316001686275,3764.190707377416,145.36377482730208,0.3416640256158403,0.3081548532555753,0.28413240383807814,0.24470399148799044,217948.11899999998,359022.0
2012,18180.0,149071.0,18723.3176,29723.26669,18957.359069999995,9010.596595,24327.000000000004,4490.0,9147.0,99.0,60932.0,60958.0,134.3,146.0,8897250.0,6491.92218,0.206427257,628.5298205185071,2.53398716274154,0.1876794087844312,-0.9420986296440528,-0.7827254688716138,-0.7672968259716044,-0.7576661247887638,32303.6857,23170.0
2012,19100.0,4241630.0,542108.0689399999,897198.64438,454647.13064,271990.90006,685145.0,177905.0,388443.0,1270.0,99391.0,1539106.0,1041.6,156.0,381693570.0,216176.8657,0.304956771,77936.53684014286,17825.883476514304,507.9370240746878,3.2670691886829064,2.7572900566523217,2.507812867179588,2.737252661563997,577068.3235128204,1058302.0
2012,19430.0,532562.0,87572.365032,127863.875704,59614.99028,49336.54368,88235.0,29016.0,51277.0,249.0,40885.0,196648.0,477.9,131.0,35839411.0,23780.11281,0.221093208,5463.707561939763,673.422493930893,47.61699288771028,-0.38793149001191496,-0.3516646816246267,-0.3012688240914445,-0.2973364303003832,100441.19320000001,151175.0
2012,19740.0,2441846.0,327462.36763800005,357531.17366200004,347368.744894,102285.23058,491286.0,119015.0,166755.0,1585.0,318339.0,903613.0,2192.1,748.0,154258443.0,107047.352,0.237676869,20875.52766453985,3416.445719278385,105.23922730058966,0.9049735815405537,0.9069465496728427,0.7847955390292316,0.5255441029069313,421340.85375,289455.0
2012,19780.0,429439.0,65353.74477599999,88419.77234400001,63751.937306,24667.835038,88421.0,14848.0,31052.999999999996,31.000000000000004,54328.0,180449.0,384.2,151.0,38658547.0,25576.16004,0.201039671,5683.107365557927,1036.0705503956249,16.81298438851916,-0.6389888741693788,-0.5076186451997238,-0.5232378872516468,-0.5343107463550062,85415.4171,106604.0
2012,19820.0,3962783.0,605187.598204,942559.1387960002,524565.359656,329973.933828,679155.0,251587.0,343352.0,1475.0,149161.0,1394867.0,1532.6,690.0,216756212.0,65953.89217,0.202550223,31571.294386929138,5638.368273110151,73.23409170186135,3.801416033086337,3.05567056249449,3.063975917194565,3.191637331870909,718777.0466528988,754286.0
2012,20100.0,157741.0,26311.829764,38582.817636,18878.44288,13804.861356,22979.0,6107.0,14232.0,28.0,51490.0,57160.00000000001,665.2999999999998,228.0,6440377.0,958.1472845,0.214407187,587.3526605752004,19.548807160903134,0.6088262683534522,-0.8827312666902337,-0.7394561714208405,-0.7137847369859092,-0.709024136441679,22367.6738,32285.0
2012,21660.0,351109.0,50904.13392899999,76215.581739,46685.559294,21655.349793,56052.0,20378.0,22359.0,208.0,40545.0,111589.0,365.9,137.0,12551239.0,2337868.63,0.346132129,2717.402098990574,168.54657275854555,27.30691020712682,-0.7130936207419232,-0.5798985812413568,-0.5875702124175207,-0.5792587189948118,84898.1562,43481.0
2012,21820.0,98660.0,15404.7724,20077.31,15112.7388,4380.504,18434.0,3295.0,6831.0,23.0,60472.0,34755.0,700.2,112.0,5598413.0,2113.883618,0.279356611,0.0,0.0,0.0,-0.990987127504587,-0.8141552541348048,-0.8062569680532541,-0.8070041298321181,17561.48,15795.0
2012,22020.0,143339.0,19753.260912,31650.111234,25701.686073000004,7070.769531000001,33075.0,3360.0,7782.0,103.0,50932.0,69582.0,298.7,128.0,12129413.0,2628.993647,0.238122784,1909.38813948352,65.31266515509242,6.5908699333866245,-0.9457515481940323,-0.7752829536945027,-0.7759427956174599,-0.7654032514760335,23708.2706,34207.0
2012,22140.0,124131.0,21389.633265000004,26448.59217,11449.222785000002,7632.81519,16277.0,5406.0,13986.0,6.0,44155.0,43863.0,596.7,127.0,6456648.0,4318.081666,0.281296424,61.47837199188723,0.0,0.0,-0.9479086428630736,-0.7813648599483092,-0.7673008340664015,-0.7732238845694824,23659.368599999998,21145.0
2012,22660.0,298382.0,39501.002688,43733.252976,40206.377736,11756.250800000002,59085.0,13058.0,14520.0,188.0,54739.0,112454.0,245.9,106.0,13271571.0,1907304.698,0.192262287,1317.2462933232025,215.40978288145357,17.455239320421843,-0.8497619115640084,-0.6864604133760706,-0.6845313890337079,-0.7104434534684224,52515.232,28501.0
2012,24260.0,57487.0,7707.799473,13107.380922000002,7048.3086090000015,3627.199752,7677.000000000001,1416.0,5577.0,12.0,46807.0,24123.0,264.2,97.0,3699069.0,335.7583563,0.2,627.6010482001305,98.48580742688368,18.571104184026083,-1.0270213088546771,-0.8536735604222057,-0.835296858131852,-0.8267348833729146,8059.6774,14301.0
2012,24340.0,608315.0,85760.2487,136765.02819,78989.70275,40623.2757,110155.0,31413.0,49293.0,248.0,47897.00000000001,231229.0,488.3,100.0,48266787.0,25100.90362,0.202114018,5775.094485936182,906.5660234503688,15.403630842511337,-0.42056198128036665,-0.3381227077257227,-0.36052625447129355,-0.33155632775669336,109253.37400000001,157908.0
2012,24500.0,82178.0,11721.459030000002,16156.60569,10200.837318,5448.894468,13189.0,2476.0,5088.0,8.0,41827.00000000001,30592.999999999996,374.3,152.0,3273959.0,1410.731111,0.207942948,76.59815987059707,4.666409088381597,0.9280774166380956,-1.0021005859228505,-0.8343347962133402,-0.8113787564323617,-0.8089395507709555,17750.448,16228.0
2012,24540.0,254759.0,33753.529428,46664.715548,29880.173592,10697.839928,41330.0,12188.0,15627.0,59.0,52334.0,91550.0,339.1,96.0,12212115.0,3731.330065,0.340778555,1294.3284105911175,187.62400878699057,11.411151992979722,-0.8647506653419996,-0.698337800326569,-0.7092614502087071,-0.7105905392341153,47257.7945,30098.0
2012,24660.0,480362.0,67350.595296,103222.108008,49048.803096,37335.656088,85117.0,26866.0,43693.0,143.0,42415.0,186284.0,576.6,83.0,36284486.0,13649.26537,0.35200973,4641.447652837657,322.26140377096107,10.879092174656234,-0.5440756969565596,-0.4692066635465327,-0.4391089273014456,-0.4244372657808395,81421.359,135180.0
2012,24860.0,451428.0,67054.212264,95645.856072,45950.85612,33697.294488,75173.0,21088.0,34874.0,50.0,45666.0,167105.0,460.1,178.0,34193111.0,5125.857784,0.386921867,3282.6302764345846,346.59018785931465,22.770882420805364,-0.5765059796753137,-0.48656530069019466,-0.46239280614537315,-0.46319961073410265,80399.3268,159636.0
2012,25720.0,21600.0,1320.8831999999998,3440.1024,1306.368,943.488,4108.0,924.0,913.0,7.0,61593.0,7975.999999999999,185.1,86.0,2869261.0,2139606.469,0.12222419,265.662094814596,5.202806930275014,0.0704782235012208,-1.0741241530557524,-0.8948819962014647,-0.8720363904103943,-0.8641660414968644,4408.56,5197.0
2012,25900.0,177835.0,26940.757655,32547.71737,28308.308804999997,10666.89897,24778.0,8125.0,14694.0,25.0,46444.0,56625.0,344.7,207.0,6555911.0,8546.007292,0.14020134,0.0,0.0,0.0,-0.9075288220368569,-0.7505400105694668,-0.7310606229005793,-0.7413736040869267,25270.3535,26097.0
2012,25940.0,155215.0,22819.08844,25489.4073,24032.86974,10317.14105,22471.0,5635.0,10246.0,16.0,55266.0,52302.0,613.5999999999999,93.0,7048948.0,16254.17802,0.376757331,612.6020555134097,37.002990675051386,0.8522212511820811,-0.9324449133215447,-0.7789094847251044,-0.7462819035618941,-0.7588176425455755,18687.886,25678.0
2012,26420.0,4070989.0,483377.02089300007,833608.275552,494954.9136090001,240241.27385700005,648004.0,170211.0,374466.0,1338.0,50437.0,1430396.0,420.4,138.0,409434500.0,286789.9252,0.324010138,73658.85616334112,11886.437924874706,398.0223038469288,2.8432721965133614,2.4331962292120277,2.126546379564979,2.404465683816752,698988.8113000001,940010.0
2012,26900.0,890879.0,171006.00580800002,200832.634728,106713.050136,68932.653504,154033.0,45298.0,99764.0,350.0,39393.0,344710.0,753.1,248.0,114563986.0,17966.87954,0.231203821,16111.69226389572,2482.956131857959,174.75579372424323,0.055427651284280545,0.07110629314676566,0.08371403451710929,-0.018862271323090617,156883.79189999998,354210.0
2012,28060.0,89624.0,12667.45616,14927.056448,12256.619744,4382.255104,12961.999999999998,5180.0,5687.0,10.0,42278.0,31517.0,201.2,105.0,3169867.0,2414727.757,0.314818717,214.52892347507824,16.767281148599412,3.1229652739660945,-1.0071799179476617,-0.8339987909100036,-0.8149285984241278,-0.8181545285853787,17503.5672,13639.0
2012,28140.0,1403530.0,206102.971834,313014.40034,173401.367368,88978.995106,263167.0,63795.99999999999,116216.0,227.99999999999997,153814.0,553335.0,1829.8,601.0,110470305.0,70292.21528,0.244235328,20267.76612853364,2021.9512728896373,207.6093126289083,0.44541315370729667,0.4255388940277282,0.3181446719452426,0.34735563378479906,219110.64972545762,356331.0
2012,28180.0,64529.0,8280.232222,10824.158989,10824.158989,4289.758862,9557.0,2781.0,4337.0,6.0,52714.0,25128.0,233.9,101.0,3023776.0,1792.679985,0.090493435,0.0,0.0,0.0,-1.026259816083105,-0.8568058709630326,-0.8294122940871741,-0.8276139830761179,7291.777000000002,8597.0
2012,28300.0,77045.0,11397.729120000002,17406.314580000002,10034.95716,5451.087839999999,10397.0,2425.0,4166.0,52.0,49126.0,30548.0,173.6,100.0,3185028.0,4030.66921,0.2,29.799706878329285,0.8227940195208805,0.0,-1.0007144126007115,-0.832653368820027,-0.8123921125530027,-0.8062178275209088,11626.0905,11762.0
2012,29820.0,1902834.0,315537.44805,367425.828396,262246.679046,122007.81324600002,308328.0,147501.0,164312.0,276.0,51427.0,699568.0,438.3,341.0,90817158.0,51449.41515,0.218764017,19596.925052870785,5293.971418087917,8.428312740515118,0.9905607801104501,0.8905651523729795,0.8680910747445993,0.6681065948895507,293797.5696,335020.0
2012,30150.0,142843.0,21036.677631,27768.445974,21108.281485,9297.392413,21275.0,4364.0,7503.0,161.0,99638.0,55117.0,317.5,240.0,10086573.0,11029.82735,0.192456708,468.76487678262833,8.378497254011025,3.194038646294535,-0.9381359744393567,-0.7796241209010795,-0.7581979099882452,-0.7601411696503044,31284.759645,35093.0
2012,30340.0,106539.0,16370.782740000002,26758.33524,13960.87056,7977.64032,15440.0,4703.0,8470.0,38.0,41831.0,41003.0,321.9,191.0,4049604.0,529.5946207,0.2,91.31355421280728,5.190424806839802,3.226901448430986,-0.958616175562075,-0.7966127052393929,-0.7811022964709188,-0.7704350086854007,30203.806500000002,20179.0
2012,30700.0,281531.0,40807.355388,59691.61027500001,43846.20100200001,15411.288471,57488.0,6685.0,16036.0,155.0,50197.0,121602.0,406.5,285.0,15076441.0,7997.452731,0.217807697,2278.61465073877,294.7300966621643,21.713721528219097,-0.7997932380407334,-0.6477333711772608,-0.6579416171156023,-0.6534137753949567,52758.9094,45176.0
2012,30780.0,381904.0,55927.93128,92065.979184,44168.725216,30115.03992,69240.0,13262.0,39097.0,123.0,44733.0,149539.0,796.2000000000002,172.0,32454572.0,20981.54628,0.371822899,5364.612006013692,1262.9218971183936,66.19082910585648,-0.6295994127531659,-0.5296142852327473,-0.5196830435601131,-0.4929568189886211,86577.63680000002,150422.0
2012,31080.0,12874797.0,1298666.91934,2047160.92129,1529056.207254,714442.65945,2215486.0,768384.0,1012433.0,7125.000000000001,123322.0,4270982.0,739.2,544.0,770420955.0,893320.7682,0.268954342,425757.3466247712,121632.82974787086,689.3523092153807,9.479881809915355,7.649080655600383,7.624682718870213,7.946515431820703,1326267.3926531249,1637463.0
2012,31140.0,721594.0,131932.63899,186030.54117,76178.67858,61826.17392,132333.0,38833.0,69311.0,426.0,42535.0,276718.0,567.7,316.0,61673961.0,23793.51305,0.30098235,12613.291687940811,1884.0738143356348,76.94538566365607,-0.10752111991154999,-0.08490668698537315,-0.08386331098929863,-0.09458208963510842,171450.73440000002,275805.0
2012,31700.0,405906.0,55820.19312,83420.177496,54269.63219999999,25739.311272000003,74289.0,14441.999999999998,25558.000000000004,141.0,67650.0,172836.0,191.3,362.0,21954520.0,5620.123098,0.211720659,2320.594583187042,33.47758904358404,1.162590498225194,-0.6671337480779169,-0.5486923964125823,-0.5468968628871854,-0.5385652887509755,77000.3682,67108.0
2012,33100.0,4267101.0,465628.4566,805228.709926,445015.224056,299402.07896,710348.0,257216.0,350399.0,1876.0,88062.0,1514086.0,743.6,207.0,263637229.0,174375.1324,0.251442568,79165.8186666813,13742.947817459924,287.1206059768797,3.0438298709042457,2.315398699434568,2.4335669164389286,2.706280617176346,562744.0430391304,990463.0
2012,33340.0,959521.0,160265.914067,232134.036967,163859.32021200002,71868.1229,160102.0,44618.0,113940.0,162.0,40582.0,330907.0,1040.3,188.0,87612749.0,35935.96516,0.200898212,14522.78767582529,1459.7841894478995,85.6511506197011,0.09778580576839876,0.10487372493939051,0.06767517946203346,0.06699844260589072,180677.8043,255752.0
2012,33460.0,2390572.0,307038.10607,436599.44526,339471.90075800003,119201.110488,514312.0,96251.0,166955.0,2579.9999999999995,244896.00000000003,944767.0,1340.4,1278.0,211374239.0,171280.409,0.206950754,32775.59749857301,2619.825822375301,292.0408802017629,1.0769735793215096,1.013513085481045,0.8238959150772996,0.8007768159446272,426175.38865790295,443997.0
2012,33540.0,108623.0,15477.148154999992,17925.510574999997,18974.808755,4459.517265,21284.0,4246.0,5908.0,13.0,44084.0,39507.0,398.8,183.0,4431203.0,1743.311682,0.225564805,625.3072210849323,38.56697778814832,6.150462945251984,-0.9942136064797141,-0.8185888688193069,-0.8055421684723479,-0.8111820764764781,25928.310100000002,15071.0
2012,33660.0,411721.0,73525.547901,96712.027737,43322.107062,37525.487103,57274.0,19066.0,42762.0,92.0,39753.0,141831.0,858.0,175.0,17729526.0,2038.121597,0.354336339,2539.8470710523693,270.61005433725506,17.39452872575897,-0.5386737967577,-0.4637286208061636,-0.4183570571011551,-0.4373795245664599,87531.8846,91316.0
2012,34820.0,263868.0,54472.909920000006,60129.712104,35197.880256000004,24512.809464,36171.0,15764.0,20653.0,14.0,40697.0,97833.0,488.4,140.0,9406723.0,11624.81445,0.29904492,1594.848250290259,12.418328977520645,0.5698388861995349,-0.7180101263808835,-0.603438730129654,-0.5587024115631201,-0.5965703834598791,42034.172399999996,52359.0
2012,35620.0,8953180.0,1065031.063705,1622942.3214629998,986840.430618,593947.515055,1615362.0,417201.0,643274.0,3632.0,921559.0,2320680.0,3410.5,1369.0,1398872478.0,486663.459,0.236718548,264388.38958731573,54067.27211568133,2735.2685226192193,7.519891493622729,5.988693137869141,6.14364142687044,6.2872071246729675,1108618.1940832725,3452541.0
2012,35820.0,35670.0,5156.34819,8495.95194,4675.44525,2457.94836,6223.0,851.0,2366.0,7.0,46616.0,14586.0,123.7,106.0,2175727.0,521.1004389,0.2,368.1811782606826,64.21475074199532,7.760741317240296,-1.0476524652247137,-0.8717598688416612,-0.8505702750410157,-0.8439089155954873,7048.392000000001,7289.0
2012,36260.0,532661.0,34875.982485,93783.277035,32906.496702000004,25132.429374,96682.0,20192.0,29995.0,119.0,118452.0,187998.0,544.4,496.0,19482042.0,2627.90863,0.204865459,7342.878578779911,1599.4223551901928,104.3689053033116,-0.7060182941142458,-0.5926665530227496,-0.6170559334589248,-0.5198343033393678,115890.71011774194,60278.0
2012,36420.0,716704.0,129932.701568,158155.78838399998,84136.74937599999,54316.12934399999,116006.0,22498.0,64936.0,108.0,42758.0,272455.0,598.8,257.0,61820962.0,24847.84233,0.298579618,8456.005287674601,1059.1982933509253,70.14575671674895,-0.19971917769921615,-0.15165779172659005,-0.1363272853709903,-0.20111012528614278,147139.33120000002,265665.0
2012,36500.0,250979.0,36861.28573,55485.935362,31623.103021,16878.588729,45046.0,10793.0,17910.0,118.0,60672.0,88593.0,293.7,130.0,10326666.0,8409.030847,0.379615337,1286.5482279608148,152.65221579820624,6.3954861976375135,-0.8100903287904517,-0.6693639013471919,-0.6614470592632914,-0.6535169858154453,60034.17680000001,35036.0
2012,36540.0,663703.0,97353.55097799998,134814.707079,97639.47724,37928.45752,139683.0,17997.0,50278.0,296.0,119771.0,280999.0,809.4000000000001,850.0,52080332.0,17485.45813,0.23260694,6602.551028932999,1250.2119531031667,99.08150390170692,-0.40753564938743164,-0.30557692997019775,-0.34030325516839094,-0.352332216829106,117657.6760355294,152764.0
2012,37980.0,4184519.0,668445.1376090001,917655.213799,556835.458641,309956.640624,698547.0,193168.0,376934.0,2966.0,425926.0,1330497.0,3221.2,1346.0,368236418.0,317246.9417,0.275661828,52097.55636802441,6373.783461232231,1051.209842560948,3.8205899235367426,3.2023451484125736,3.1416904035281377,3.0147382720406872,706886.8153354384,1080395.0
2012,38060.0,4023132.0,497218.88388,693181.620468,505993.334772,219361.2723,664959.0,180862.0,318559.0,1159.0,50424.0,1292907.0,370.8,383.0,197049992.0,3837435.036,0.240054196,41185.99899483001,8107.482099798343,47.17327434851273,2.525715659406911,2.1727810390639313,2.042223215186166,1.971918423113081,725370.6996,593744.0
2012,38300.0,1218494.0,198130.779882,279139.9164839999,190322.67033,93697.314624,224492.0,49013.0,79858.0,971.0,47490.0,413316.0,404.6,335.0,128941285.0,264164.2449,0.232810019,19426.565909894063,1804.9540651592663,254.9687339820408,0.38847253156734163,0.3268425717690468,0.32183399165705534,0.3029219865582196,219816.31759999998,490947.0
2012,38860.0,480435.0,64130.670311999995,89499.076416,70834.296864,29783.41392,82852.0,18422.0,28584.0,404.0,111500.0,193421.0,355.9,629.0,26056358.0,8747.842498,0.200776762,2213.2650311045813,130.44536623556144,15.828257724961256,-0.6145844605042453,-0.5091590984663544,-0.4957016741107653,-0.500556144267288,107964.1322837838,72567.0
2012,38900.0,2082318.0,249966.390053,406489.578792,266720.56230499997,117037.669059,424923.0,117256.0,130462.0,1150.0,221677.0,693148.0,1239.0,674.0,119353907.0,2421076.865,0.332476381,19548.34705536791,2467.498602040655,170.79120513258692,0.865144964111288,0.7672382715032902,0.6295863561498015,0.7222394421889977,468344.52207507426,269830.0
2012,39300.0,1470800.0,224619.089707,313005.63330800005,220540.45772300003,107400.385009,232636.0,92305.0,114906.0,824.0,218793.0,564472.0,1015.8,1647.0,72945995.0,66760.55537,0.205755533,12096.900223916096,741.5088997960281,61.76222413066057,0.5857001641992364,0.48425043064382084,0.4900040755517784,0.460465502575415,306141.1707346691,316590.0
2012,39340.0,545307.0,21009.042789,87597.025866,14243.41884,20652.957318000004,101446.0,17231.0,17587.0,264.0,54385.0,150156.0,116.8,329.0,17454087.0,3638.097149,0.176129694,5645.312937202721,1893.0059526124428,40.67347820960544,-0.7753177943185332,-0.6500568166040008,-0.6885491211122436,-0.5607497687711251,104153.63700000002,48055.0
2012,39580.0,897214.0,101033.474112,171690.87104,95750.67808,47545.164288,211103.0,38303.0,57859.0,443.0,61594.0,344958.0,394.4,99.0,58751683.0,43589.79804,0.342047978,7520.313037014395,667.36783254554,26.13386876751436,-0.28448646891301266,-0.2139901208018968,-0.2695732326527796,-0.21335978795531987,126507.17399999998,165894.0
2012,39660.0,100850.0,16457.1064,20021.5488,13271.86,6067.136,17213.0,2691.0,8897.0,37.0,45999.0,39895.0,452.6,113.0,5599343.0,8174.957238,0.183430033,1061.3481791727952,14.77015126935959,2.2123093915235827,-0.9799035791913019,-0.8109382384044802,-0.7925612197268312,-0.796767078254204,17608.41,24183.0
2012,39900.0,414820.0,62093.57616,71188.08984,66797.63496,21011.46264,66986.0,31188.999999999996,31419.000000000004,189.0,50839.0,156742.0,304.1,273.0,23134497.0,26858.31301,0.202329148,4545.690602049323,511.4444799424036,1.3454144750971204,-0.6962740235571097,-0.5553023506422418,-0.5560330867245127,-0.5941080536854676,77695.78600000001,60662.0
2012,40140.0,4143113.0,456955.642836,814511.4337260001,485813.140344,249313.44358799997,565078.0,256206.0,360497.0,869.0,106251.0,1250560.0,823.5999999999999,212.0,131454509.0,1878215.292,0.215335063,66786.96635946438,21548.263491425525,218.91494435617676,2.786600261175024,2.308006406824136,2.098455191554809,2.4187945037606626,477239.7144339622,586094.0
2012,40860.0,63014.0,10208.268000000002,14189.492520000003,9136.39986,4236.43122,7455.0,2587.0,3997.999999999999,28.0,43600.0,24008.0,232.1,131.0,2499458.0,659.1791733,0.187537806,29.460724197459506,4.175547618680581,1.8846580840720435,-1.0155800351012072,-0.8433973719888835,-0.8236243283676623,-0.8206484379411066,15822.8154,10711.0
2012,40900.0,1400949.0,154886.11954199997,294179.67671399994,174636.698544,87318.349272,254608.0,86257.0,122367.0,604.0,52655.0,456474.0,353.20000000000005,74.0,102808992.0,236683.3506,0.292572955,41395.73116788029,12214.78912551853,353.38946369718536,0.271219033180368,0.2222693342388963,0.14549367443175612,0.29634045820754984,144157.65209999998,266270.0
2012,41180.0,992408.0,133617.81311999998,220165.7148,147283.27128000002,68327.29079999999,184751.0,48145.0,79098.0,236.0,55290.0,398748.0,530.7,155.0,148184150.0,78780.67265,0.264890306,20154.2488024052,3468.876828158172,248.6262044459522,-0.01011298443793616,-0.005586963043555402,-0.038593717188872716,0.019316954896683128,146380.18,540995.0
2012,41620.0,1093324.0,93039.828584,190951.29167000004,95724.519799,52420.99215700001,207150.0,43620.0,64819.0,724.0,117205.0,391687.0,510.7999999999999,1038.0,69432206.0,10869.05833,0.278816014,9708.835653884851,1956.774813185786,52.39034274911184,-0.2466103129366014,-0.1976054461506632,-0.26498467528669006,-0.14167710513374646,245306.40943545275,130090.0
2012,41700.0,1651448.0,203326.27776000003,336499.0444799999,234241.38432,101068.6176,278930.0,58145.0,161148.0,684.0,47724.0,587734.0,655.6,103.0,93583438.0,80175.81478,0.202910436,26187.4777514678,5340.4308176224395,193.42429761107087,0.5404486581161838,0.4676253549268708,0.38358180117805774,0.47249379427151506,270837.472,335232.0
2012,41740.0,3053793.0,310179.862596,532398.27162,402770.866356,168978.581862,587232.0,164320.0,205901.00000000003,2042.0,59759.0,1069849.0,472.1,148.0,178060071.0,548909.4649,0.275573475,78968.55788719754,23432.33122568927,186.50471153155033,1.5043923543589997,1.231084643099907,1.1395529894430676,1.314075023514504,350880.8157,367419.0
2012,41860.0,1491482.0,136487.009302,232830.78057400003,215626.535704,82580.375376,312194.0,85521.0,99800.0,1372.0,66937.0,461339.0,459.7,98.0,364090399.0,239835.7473,0.226842395,123020.24713890544,36088.835813754136,593.7986492952874,0.09122403938739256,0.030960283626988206,0.05803757233161885,0.1342941132396221,188821.62120000002,520208.0
2012,41940.0,1784642.0,130871.36714400002,287377.331976,179442.18381600003,98490.822696,397676.0,97428.0,93836.0,1067.0,84627.0,630618.0,305.6,83.0,193307579.0,83045.57787,0.218702937,60631.568604436645,14926.894771871766,168.34710171017392,0.2530772340610458,0.13135648738928493,0.13793428620270204,0.35021109360481817,206483.07940000002,217644.0
2012,42140.0,147532.0,20122.774672,16379.002640000002,15443.059632,5030.693668,19844.0,5452.0,10546.0,42.0,48507.0,50207.0,223.7,142.0,6137016.0,1551489.678,0.11497716,496.8447803029695,21.62949071221731,3.1133878139765105,-0.9820672563074161,-0.8072050401618022,-0.787299200229083,-0.8110258344675356,28650.714400000004,13662.0
2012,42420.0,36865.0,5549.988885000001,8946.25074,3147.75489,2816.41227,4854.0,1028.0,3948.0,18.0,40088.0,14432.0,213.4,96.0,1563905.0,3562.314015,0.2,280.5278327118293,52.31665924761781,3.0847329050141306,-1.0440387444518244,-0.8695354497614134,-0.8471203143842415,-0.8407316822965619,6351.839500000001,7271.0
2012,42580.0,192747.0,33126.270408000004,44880.753456,26409.422952,18013.363632,20424.0,7583.999999999999,15033.0,34.0,48582.00000000001,67881.0,521.7,204.0,9323974.0,17878.81485,0.20471174,400.8024098752077,13.57644087760632,2.0018476829041942,-0.8328403375661672,-0.7041934156411322,-0.6663251609699611,-0.6695307095786962,28642.2042,40152.0
2012,42660.0,3407848.0,391968.255568,672386.37598,459414.163313,192523.844138,731167.0,175897.0,205945.0,1786.0000000000002,185984.0,1179379.0,1062.8,1376.0,268052192.0,2146386.193,0.332795041,33882.172635586205,4767.8639416461465,131.11515077980914,2.0819686790149134,1.7938752411345777,1.5435697646276905,1.7620397140998567,750544.3444546512,466057.0
2012,43580.0,20651.0,3036.93606,4943.849399999999,2655.553392,1299.526128,2058.0,881.9999999999999,1845.0,1.0,43351.0,7915.0,252.8,121.0,7003792.0,2414.367421,0.2,1029.2512097548745,60.01351933836434,5.348891961764176,-1.0652357970886508,-0.886180135334447,-0.8644068204925613,-0.858720769946477,4797.2273,27823.0
2012,43620.0,224266.0,28738.081887999997,48459.035092000006,32142.873766000004,11182.39654,41918.0,6052.0,14043.0,100.0,124054.0,96604.0,543.3000000000001,215.0,18082166.0,3789.371501,0.197259029,1742.2192597583676,174.311839753475,6.1595827484470576,-0.8721199148216054,-0.710357615164218,-0.7221940041807092,-0.7037263120488522,34446.52743162791,41114.0
2012,43900.0,286822.0,46186.373016,64834.392168,26020.49184,22984.767792,39255.0,15488.0,22393.0,13.0,41888.0,101294.0,514.0,154.0,11916742.0,7888.170104,0.376679637,1677.5738034347114,222.9189918481012,21.31508691377174,-0.7387840939631605,-0.6195269190283594,-0.5943701095251962,-0.5957587985708684,71103.1738,65459.0
2012,44060.0,468684.0,70910.014464,100785.80736000002,61551.332352,29875.792896000003,82682.0,22807.0,31882.999999999996,183.0,46881.0,162018.0,358.1,211.0,20628016.0,116702.0952,0.304483591,2463.4773024464284,298.41554659196447,29.52659979911632,-0.576595999277308,-0.46319640902484466,-0.4736312279074261,-0.47552927122899974,103157.3484,75425.0
2012,44140.0,471081.0,69461.835612,102573.17694,67302.400308,37070.306052,62808.0,23264.0,47582.0,164.0,46356.0,166853.0,517.5,494.0,19851428.0,18073.28292,0.21451354,4959.500775227836,673.21517532674,21.692408038547665,-0.5410931091882205,-0.4639164079195778,-0.43404192776052625,-0.4274731285045636,120502.51979999998,90663.0
2012,45780.0,463493.0,80277.45109300001,111751.870244,68253.515687,38547.322331,69419.0,24867.0,45795.0,217.0,39200.0,165430.0,609.1,125.0,29806561.0,7075.15429,0.201065168,5464.017438980761,748.7981549755327,109.41496289523796,-0.4894491472713734,-0.40971957441401563,-0.3906657018989061,-0.39851130780568905,86812.23890000001,119210.0
2012,45820.0,176255.0,25682.997325,43647.7882,19295.516125,13174.179975,27912.000000000004,6559.999999999999,16778.0,33.0,45359.0,70686.0,491.1,162.0,10066885.0,2688.897811,0.266274621,1540.3611694225865,109.30309571905516,9.307087753565796,-0.8785533488536384,-0.7304744047669276,-0.7196524264377625,-0.7019209221784511,38071.08,42774.0
2012,45940.0,366222.0,40377.074166,70589.2905,44612.431596,25694.501742,63593.0,15934.0,26719.999999999996,306.0,70228.0,121205.0,376.6,97.0,28132455.0,16593.95832,0.294721352,3417.117987692443,201.41101210421317,46.747600923849674,-0.7300339096351405,-0.6254817195758602,-0.5961554588016682,-0.5666463817893556,59437.83060000001,65351.0
2012,46060.0,1020200.0,130506.0244,200057.13920000003,125035.712,60954.9096,153469.0,44400.0,79661.0,469.0,44293.0,317862.0,378.6,211.0,36926140.0,147226.3229,0.195599728,4369.622064734982,646.3248641218044,15.849149615690418,-0.09074628412787066,-0.0590345645266935,-0.09373891430174311,-0.06953552666158191,213119.78,143116.0
2012,46140.0,601961.0,105571.92018,129180.8306,68154.02442,42763.309440000005,101357.0,22317.0,51736.99999999999,80.0,44231.0,230476.0,561.3,268.0,45923750.0,15836.64048,0.301937759,7864.949017098272,620.7036817777807,47.29240214936061,-0.3719975638710493,-0.2917186279123988,-0.2845440951663468,-0.3348497896892133,123763.1816,204818.0
2012,46520.0,907574.0,108032.163516,153222.088124,129921.033248,60723.96119200001,176878.0,24478.0,56080.0,227.00000000000003,67519.0,301808.0,523.7,503.0,54516629.0,62940.81383,0.110807453,0.0,0.0,0.0,-0.23297980434188093,-0.23181509314906978,-0.16644115040387136,-0.1724504055714274,97201.17540000001,139975.0
2012,47900.0,3813628.0,390532.080332,715593.4151229999,445836.693219,246728.23141699997,822421.0,137662.0,274590.0,3092.0,484832.0,1284889.0,2665.7000000000003,1218.0,321345051.0,179522.5137,0.29818393,44516.477369066815,6755.388980293877,273.0713150434997,2.4266259468879134,1.8829541884009513,1.8718927183894236,2.1885523090186454,529868.5427563217,811369.0
2012,48620.0,490864.0,72999.330624,105562.75752,50813.259552,33636.946464,81464.0,21981.0,43564.0,56.0,45996.0,196327.0,558.5,300.0,28623784.0,10427.74664,0.313955823,5302.334212028514,361.13127286698654,60.846898254142886,-0.543867431954475,-0.44621722639900574,-0.4439063297682349,-0.44207922764374336,80354.43680000001,110132.0
2012,49340.0,803701.0,120963.430108,156577.02882,123419.540364,52806.370504,138687.0,38039.0,51058.0,447.0,61079.0,313894.0,242.5,549.0,37033118.0,52331.85294,0.206128427,6650.566989683311,1171.7164800987373,28.39998045257172,-0.23329356381064595,-0.1835284076391927,-0.17404824387813397,-0.21380315094516694,153426.5209,137149.0
2012,49660.0,236735.0,40038.51708,54311.50696499999,28545.97977,20389.98555,31837.0,12996.0,20415.0,63.0,38205.0,88315.0,306.8,111.0,15819530.0,5621.076757,0.203078543,1981.7878314852949,130.85813201205175,15.124541131137336,-0.7863373322168976,-0.6618312804292059,-0.6298052447098476,-0.634498017117241,46636.795,98261.0
