factor,cbsacode,adf_p_original,adf_p_final
Park_Area_Acres,10740,0.9925737814562162,0.16184872817551482
Park_Area_Acres,11260,2.70073561423559e-10,0.0
Park_Area_Acres,12060,1.7928410542178436e-06,1.2697528048478696e-09
Park_Area_Acres,12260,0.01202630057536751,1.352668764726728e-14
Park_Area_Acres,12420,0.9988792012115263,0.0
Park_Area_Acres,12580,1.0,0.0
Park_Area_Acres,12940,4.055298314136466e-07,3.7900658164677194e-08
Park_Area_Acres,13740,0.004713391679807978,0.02088485405846036
Park_Area_Acres,13820,0.9990859782194009,0.0
Park_Area_Acres,13900,0.10498332439220531,0.03776991994984236
Park_Area_Acres,14260,1.0,5.761903804984761e-11
Park_Area_Acres,14460,1.0,0.7387933620454895
Park_Area_Acres,15540,0.9940595765427476,5.7262324390410145e-05
Park_Area_Acres,16620,0.0,0.26667839440071905
Park_Area_Acres,16700,0.0029136118771256147,0.00045186334858519944
Park_Area_Acres,16740,0.998374793223033,3.0524154937083335e-28
Park_Area_Acres,16980,0.03214841333334071,0.03214841333333686
Park_Area_Acres,17140,0.19813824771515615,0.03964965056614131
Park_Area_Acres,17820,1.0,1.0
Park_Area_Acres,18140,0.38100432667896944,1.682370998365382e-29
Park_Area_Acres,19100,0.9953008777027417,0.0
Park_Area_Acres,19740,0.9983643431516803,0.2531166863466202
Park_Area_Acres,19780,1.001316927623434e-11,0.16397393104596109
Park_Area_Acres,19820,0.9912625985469907,1.3416616690739417e-22
Park_Area_Acres,20260,0.9932194301640015,4.212935446870493e-09
Park_Area_Acres,22020,0.9987387550457505,1.0
Park_Area_Acres,22220,1.0,0.0
Park_Area_Acres,24340,0.18457582482018836,0.10966346275508804
Park_Area_Acres,24860,1.0,7.576031643622067e-29
Park_Area_Acres,25180,1.0,0.25286954549599006
Park_Area_Acres,26420,0.8668041529903523,4.599791316495092e-30
Park_Area_Acres,26580,1.0091156399086119e-08,0.0
Park_Area_Acres,26900,0.9623892987057492,0.34292307673680406
Park_Area_Acres,28140,0.7166914236201354,0.7665289568723763
Park_Area_Acres,28940,0.0133431669744782,0.05551414776835197
Park_Area_Acres,30700,1.5827117192669127e-06,0.0
Park_Area_Acres,30780,0.8869350859989398,0.0
Park_Area_Acres,31080,0.9899365006216069,0.6730228589443549
Park_Area_Acres,31140,0.9615090875281239,0.9477669767027949
Park_Area_Acres,32820,0.21779485361740125,0.027994267422276866
Park_Area_Acres,33340,0.99892953403866,0.3759095186126393
Park_Area_Acres,33460,1.0,0.07587805815668554
Park_Area_Acres,34980,0.8457549724759625,0.6915165211173491
Park_Area_Acres,35380,0.4830942814269005,0.006471331992034588
Park_Area_Acres,35620,0.9851330814181929,0.0152080425999585
Park_Area_Acres,36260,0.6574694274203251,0.18452834553928915
Park_Area_Acres,36420,0.02055309612619952,0.7989904870377406
Park_Area_Acres,36540,0.9657413890289535,0.31084106608243434
Park_Area_Acres,37980,1.0,0.7680458351965395
Park_Area_Acres,38060,0.9373118326758227,0.10347911948423966
Park_Area_Acres,38300,0.48057613386380543,0.0
Park_Area_Acres,38860,0.022776242301871936,0.0
Park_Area_Acres,38900,1.0,0.0005806110240534448
Park_Area_Acres,39300,0.9989818846753951,0.0
Park_Area_Acres,39340,0.8534176137322613,0.02062469749061026
Park_Area_Acres,39660,0.8351949140171397,9.674129769667245e-08
Park_Area_Acres,39900,0.9988954049775585,0.0
Park_Area_Acres,40060,1.0,0.04870906662472189
Park_Area_Acres,41180,0.6442110723067301,8.55092878044628e-05
Park_Area_Acres,41620,0.9905884831668885,0.10451559811965688
Park_Area_Acres,41700,0.02858962814756938,0.41944791043105856
Park_Area_Acres,42660,1.0,0.001255575305928029
Park_Area_Acres,43580,0.34867003660914486,0.9935091753350004
Park_Area_Acres,43620,0.9964215159389039,0.9935511185408026
Park_Area_Acres,44060,1.0,1.0
Park_Area_Acres,44140,1.0,0.30868355095526323
Park_Area_Acres,45780,0.9897004972826497,4.5654775115953734e-08
Park_Area_Acres,45820,0.9353909472185826,9.775796651911844e-15
Park_Area_Acres,46140,0.9947520728537856,1.1887946739803473e-06
Park_Area_Acres,47260,0.999082184211094,0.0
Park_Area_Acres,48620,0.9855937598631899,0.0
Park_Area_Acres,49340,0.9975303397235441,0.6759465097273134
Weighted_RESP,10740,1.0,0.9990644915609173
Weighted_RESP,11260,0.9422452332877409,0.0
Weighted_RESP,12060,0.05055800407717118,0.3859071404639239
Weighted_RESP,12260,0.7364464836618826,0.027436027011418795
Weighted_RESP,12420,0.9030274076621838,0.0
Weighted_RESP,12580,1.0,2.0554148620914935e-19
Weighted_RESP,12940,0.9792398325940098,0.0001172429637038099
Weighted_RESP,13740,0.013996224367751858,0.0
Weighted_RESP,13820,0.998999913318114,1.0
Weighted_RESP,13900,1.9403222772652204e-10,0.0
Weighted_RESP,14260,1.0,1.300001892999475e-18
Weighted_RESP,14460,0.9521824584298226,7.886914263904622e-16
Weighted_RESP,15540,0.9654772677063687,0.0
Weighted_RESP,16620,0.021546637304389132,0.0
Weighted_RESP,16700,0.43438437367808774,0.8331851752763183
Weighted_RESP,16740,0.2150220210866216,0.02810800891372798
Weighted_RESP,16980,0.7431465950356225,0.0
Weighted_RESP,17140,1.0,1.0
Weighted_RESP,17820,1.0,1.0
Weighted_RESP,18140,1.0175117647188322e-07,0.0009120231545722696
Weighted_RESP,19100,0.0003336228102822219,0.0
Weighted_RESP,19740,0.9881703867147524,4.6621148160657106e-30
Weighted_RESP,19780,0.0,8.704604359733128e-06
Weighted_RESP,19820,0.6713092676766719,1.3881005879626597e-23
Weighted_RESP,20260,0.9878247042454809,9.643112822407904e-06
Weighted_RESP,22020,0.9969296820504178,1.0
Weighted_RESP,22220,0.9989692735266976,0.0
Weighted_RESP,24340,0.5511723484611841,0.35304330435759823
Weighted_RESP,24860,0.006235089169903947,0.9295973654239469
Weighted_RESP,25180,0.002298797680696363,0.0009260258981136374
Weighted_RESP,26420,0.9715260217298901,4.93096780415383e-14
Weighted_RESP,26580,1.0,0.0
Weighted_RESP,26900,0.8506142834931559,0.0043464805176420445
Weighted_RESP,28140,0.11940506013598245,0.0
Weighted_RESP,28940,1.0,0.6185499116043316
Weighted_RESP,30700,8.338571822495469e-08,0.0023748952703595426
Weighted_RESP,30780,0.8795951932276691,6.318931657965664e-10
Weighted_RESP,31080,1.0,0.29322560832958117
Weighted_RESP,31140,0.08227988593477881,3.758407175052786e-05
Weighted_RESP,32820,0.9819235103674746,0.07279616819557001
Weighted_RESP,33340,0.07498799174748888,0.9150667823818361
Weighted_RESP,33460,0.9990839367164039,0.044615376663732935
Weighted_RESP,34980,0.6478521846974612,2.123892234306128e-15
Weighted_RESP,35380,0.9916468137458313,0.0
Weighted_RESP,35620,1.0,0.2855870540985515
Weighted_RESP,36260,0.9990873984203115,0.0
Weighted_RESP,36420,0.34909149386315197,0.0
Weighted_RESP,36540,0.2849826532295887,0.9967943168919409
Weighted_RESP,37980,0.027248971777433,0.0008168069851365488
Weighted_RESP,38060,0.3706543009534078,1.0026143122166805e-08
Weighted_RESP,38300,2.129990247981667e-05,0.0
Weighted_RESP,38860,0.00013857949154325958,0.04123920859289266
Weighted_RESP,38900,0.0,2.678032871187867e-12
Weighted_RESP,39300,2.8677390178398945e-13,0.5175760690536391
Weighted_RESP,39340,0.9826948159996942,2.2937007932550803e-12
Weighted_RESP,39660,0.9956036921552442,0.9883021338391295
Weighted_RESP,39900,1.0,0.7397193126005235
Weighted_RESP,40060,0.47093156348152254,0.22400357386542008
Weighted_RESP,41180,0.009539734966346896,0.0
Weighted_RESP,41620,0.9970823561747832,0.07719840080848205
Weighted_RESP,41700,0.3796927159662205,0.02244072509402013
Weighted_RESP,42660,1.0,9.874696584217613e-07
Weighted_RESP,43580,0.31769624225809867,0.002433057791817863
Weighted_RESP,43620,0.9962642902956259,0.9970286104657688
Weighted_RESP,44060,1.0,0.0016995289724183362
Weighted_RESP,44140,0.9984965003538234,0.0
Weighted_RESP,45780,0.026231941270655063,1.0
Weighted_RESP,45820,0.95314291076309,5.984407296968471e-06
Weighted_RESP,46140,4.80325906936875e-10,0.006326817794527325
Weighted_RESP,47260,0.8609287689169329,0.033433767060837345
Weighted_RESP,48620,0.9552797656681762,0.0
Weighted_RESP,49340,0.98557474569429,0.0
children_single_parent,10740,0.9927233545736732,0.5988410733093311
children_single_parent,11260,0.0,2.6791574741854142e-20
children_single_parent,12060,0.9975664425756957,0.9989021721823476
children_single_parent,12260,0.6941108243712181,0.6850017415960137
children_single_parent,12420,0.9330231283382835,0.00042231779393339176
children_single_parent,12580,0.9306911056261982,0.9989472122722293
children_single_parent,12940,0.7279818764134033,6.062756227228036e-08
children_single_parent,13740,0.9139419932510072,0.5161965967456881
children_single_parent,13820,0.0048465200596968265,0.45475671484333235
children_single_parent,13900,0.9954085907592832,0.01679651342123398
children_single_parent,14260,0.9886815396932678,0.0027398326475143284
children_single_parent,14460,0.8099206731082581,0.8096877181041235
children_single_parent,15540,0.9410151895300993,0.00460618288947179
children_single_parent,16620,0.025530766714875513,3.5792011894596773e-16
children_single_parent,16700,0.9990055309912921,3.308250440061495e-08
children_single_parent,16740,0.17691915849917994,0.04851380746738644
children_single_parent,16980,0.25886820573088687,5.0319828301178546e-26
children_single_parent,17140,0.9915123612826071,0.9903752319060171
children_single_parent,17820,0.5506279343714927,0.4747807345927377
children_single_parent,18140,4.8324410759729925e-08,1.205559909751083e-05
children_single_parent,19100,0.9923165607726455,0.2726088250212245
children_single_parent,19740,0.9833309198290965,0.47378893765331953
children_single_parent,19780,0.6892076135983322,0.0001492679557323155
children_single_parent,19820,0.3010802388748709,0.004290238211205647
children_single_parent,20260,0.9625373672814659,0.021199729079249576
children_single_parent,22020,0.2958131235248656,0.03501669052381049
children_single_parent,22220,0.13366373533331438,0.658071759823404
children_single_parent,24340,0.8199831643767429,0.0
children_single_parent,24860,6.567124083950448e-23,0.014166810388135194
children_single_parent,25180,1.0,1.0
children_single_parent,26420,0.1687808865615667,0.0
children_single_parent,26580,0.24010824289666088,0.0014321562688914076
children_single_parent,26900,0.0,5.166219155414658e-26
children_single_parent,28140,0.17520501500362912,0.12332834647156948
children_single_parent,28940,0.8619056909932548,0.0044271303899463725
children_single_parent,30700,0.4526180414430955,0.34936371223739815
children_single_parent,30780,0.20659346979525617,0.1309606224241242
children_single_parent,31080,0.3788321398537337,0.102587965072516
children_single_parent,31140,0.6048719544860129,0.5952144641509511
children_single_parent,32820,0.970173785974239,0.9696300140708983
children_single_parent,33340,0.39824684707264874,0.009796547288374587
children_single_parent,33460,0.15727297466266,4.5341146413850355e-05
children_single_parent,34980,0.9978206155736611,0.9979290613276599
children_single_parent,35380,0.9732050899728772,0.0
children_single_parent,35620,0.5126615029793126,0.8944992121786592
children_single_parent,36260,0.7484081153302821,0.8189467352343356
children_single_parent,36420,0.9418516402489162,0.9349472861738514
children_single_parent,36540,0.9867487288161096,0.09049992593539341
children_single_parent,37980,1.0,0.0032737002173283667
children_single_parent,38060,1.0,1.0
children_single_parent,38300,0.29771360181821205,0.1913690014844623
children_single_parent,38860,0.9897358865196634,0.9854121496913826
children_single_parent,38900,0.6787009777661449,0.6507985424751153
children_single_parent,39300,0.4564840938387412,0.018939844058593076
children_single_parent,39340,0.08347521430597077,0.002456262000389232
children_single_parent,39660,0.8932352598555016,0.46320296707851055
children_single_parent,39900,1.0,1.0
children_single_parent,40060,0.8383577692323562,0.7680784096925425
children_single_parent,41180,0.8438427120905498,0.8675118479475344
children_single_parent,41620,0.9933581602812894,0.01527582133056252
children_single_parent,41700,1.2899586460885754e-05,0.0
children_single_parent,42660,0.5825505561028741,0.595259716970912
children_single_parent,43580,0.6130346808989654,0.23572661341562223
children_single_parent,43620,0.15938326053125162,0.037721846676603527
children_single_parent,44060,0.45052115985849134,0.4985015387602212
children_single_parent,44140,0.27747222362058754,0.8592368185963637
children_single_parent,45780,0.015184728722060664,4.771307787805631e-30
children_single_parent,45820,0.7966901187138318,0.903842535646696
children_single_parent,46140,0.9263195490387124,0.17624071582878947
children_single_parent,47260,1.0,0.9839740143640209
children_single_parent,48620,0.26335559075785214,0.0051912600908316
children_single_parent,49340,0.6233170180014614,0.6253980806144436
depressed,10740,0.17455130971533017,0.012450060940827644
depressed,11260,0.036532109641900276,1.5652971162413353e-25
depressed,12060,3.772754287276039e-09,3.772754287277458e-09
depressed,12260,0.665590226787375,0.0006755174705213529
depressed,12420,0.4105175781847389,0.029725511618509018
depressed,12580,0.6451628408050085,0.276253069288397
depressed,12940,0.6268435392642527,4.375905463230458e-13
depressed,13740,0.18305506019255813,0.01404751328461936
depressed,13820,0.9899419568928304,0.0012187517385194083
depressed,13900,0.5480318140527982,0.03058019904833404
depressed,14260,0.00016516649611491245,0.00016516649611490213
depressed,14460,0.05809924786640328,0.0580967908454836
depressed,15540,0.15251049558466023,0.0
depressed,16620,2.5198873877454465e-28,2.519887387744995e-28
depressed,16700,0.6479981042334344,2.052361192783088e-06
depressed,16740,0.0685771823369357,0.008954363379895908
depressed,16980,0.061369092023261594,7.350312024292204e-30
depressed,17140,0.47996786768997945,0.5815007951753528
depressed,17820,0.32690124587423564,0.43088620895813445
depressed,18140,1.0286580756004425e-05,8.050970026883578e-05
depressed,19100,0.08389496477444713,0.19842558583127462
depressed,19740,0.1196343208089472,0.008000742906887091
depressed,19780,2.044552310638489e-19,2.044552310637489e-19
depressed,19820,0.9744202691229733,0.6474761606643618
depressed,20260,5.67943687496979e-06,5.679436874962689e-06
depressed,22020,0.2965261878363312,0.1882942257682368
depressed,22220,1.3230699941750277e-23,0.00047559322311044083
depressed,24340,0.05354215308173569,0.00030097396728762793
depressed,24860,0.8560694255234069,0.011025064620957729
depressed,25180,0.1597664836063516,5.365432901008409e-05
depressed,26420,0.016239404237709972,0.0162394042377099
depressed,26580,0.00043854635240681337,0.00043854635240681044
depressed,26900,0.005366180197472296,0.0053661801974722615
depressed,28140,0.07717225002630322,0.030166851378891853
depressed,28940,0.9990085558747259,0.00012173686969816914
depressed,30700,0.9988357637976409,0.0
depressed,30780,0.9990075349473704,4.185478972923597e-05
depressed,31080,0.72420796514833,4.627851601845741e-11
depressed,31140,8.079772813017146e-07,9.564058501430122e-08
depressed,32820,0.0,0.0
depressed,33340,0.7091088484345429,0.6375601212641292
depressed,33460,0.16007373212389947,0.08715363475340099
depressed,34980,0.001752451262562358,0.020182440897350374
depressed,35380,1.0,0.0003970359264129524
depressed,35620,0.11088055490987525,0.00933774390612115
depressed,36260,0.18541798938177734,9.564885182197701e-05
depressed,36420,1.20858814724897e-19,1.6717488236855626e-10
depressed,36540,0.8509582767034751,0.02436114272553984
depressed,37980,0.5958702827696589,0.18874021876714925
depressed,38060,0.07303464556049913,0.005330819540287242
depressed,38300,2.984527798040835e-05,2.984527798040835e-05
depressed,38860,0.2825992898655427,0.009280626015432288
depressed,38900,0.9978353663575134,2.4751453181887662e-28
depressed,39300,0.1957726818661651,0.06480424708041908
depressed,39340,0.223579635754524,3.1498479052045678e-24
depressed,39660,3.0362847540125433e-07,3.0362847540125433e-07
depressed,39900,0.0009585720899379409,0.0009585720899379083
depressed,40060,0.8006693039198631,1.5970418685031403e-06
depressed,41180,0.7670897441607181,0.0
depressed,41620,0.046859935750199706,0.04685993575019795
depressed,41700,0.9952007585506999,0.2945149848588352
depressed,42660,0.9979375846745248,0.16924384935422615
depressed,43580,1.0,0.0001547247390449064
depressed,43620,1.0,0.8122383180404933
depressed,44060,1.2468049541230476e-19,1.2468049541232537e-19
depressed,44140,0.12727364418078124,0.14160201518298704
depressed,45780,0.2820226481972078,0.991907215019518
depressed,45820,0.16217812943833693,0.052236094679517654
depressed,46140,0.0,0.0
depressed,47260,0.010073039926750372,0.011081105569590573
depressed,48620,0.9865308482597277,0.9859472157009155
depressed,49340,0.9607395425001801,8.257781126492395e-05
driving_alone_to_work,10740,0.9584902778511227,0.0
driving_alone_to_work,11260,0.11937769228431738,0.7791736950402726
driving_alone_to_work,12060,0.02652455597920299,0.03528144476540151
driving_alone_to_work,12260,0.7941539768198967,0.9069711950701944
driving_alone_to_work,12420,0.2719985709865891,9.981336427632128e-16
driving_alone_to_work,12580,0.9769122955160876,0.9773152928933955
driving_alone_to_work,12940,0.6231354347853729,0.9990880798310859
driving_alone_to_work,13740,0.9260462921138444,5.0808242712670584e-08
driving_alone_to_work,13820,0.011919129874011584,0.13889310754368828
driving_alone_to_work,13900,5.107652129886494e-29,0.0
driving_alone_to_work,14260,0.3119954038985525,1.2196254240045125e-05
driving_alone_to_work,14460,0.4893912279082513,0.0008160870629340157
driving_alone_to_work,15540,0.07966416291207223,0.6151848392500733
driving_alone_to_work,16620,3.7834268580666185e-09,0.0
driving_alone_to_work,16700,0.7843694082616417,0.9431565568903661
driving_alone_to_work,16740,2.711879389192862e-13,6.534992671592463e-12
driving_alone_to_work,16980,0.35027303194942483,0.0
driving_alone_to_work,17140,0.9944770306223137,0.0
driving_alone_to_work,17820,0.5928319800589655,0.0
driving_alone_to_work,18140,0.24576054485178878,0.0
driving_alone_to_work,19100,0.5704859486997542,0.13606557180844547
driving_alone_to_work,19740,2.7060504830113426e-09,0.03820221900917938
driving_alone_to_work,19780,1.0,0.0009291834645601409
driving_alone_to_work,19820,0.547621943870904,0.0017121206139797916
driving_alone_to_work,20260,0.7497954818924675,0.926792668154685
driving_alone_to_work,22020,0.3441152660139283,0.0022980898927334216
driving_alone_to_work,22220,0.9949735652064656,0.9978321536608169
driving_alone_to_work,24340,5.152129996097031e-12,0.0
driving_alone_to_work,24860,0.8828613641218686,0.9226486446116053
driving_alone_to_work,25180,0.9800049713582113,0.9833953590657494
driving_alone_to_work,26420,0.5918431931510892,0.016573905773623575
driving_alone_to_work,26580,0.4764659282273948,0.0
driving_alone_to_work,26900,0.7342016555367248,0.0006940258203011064
driving_alone_to_work,28140,1.5001371196115805e-13,0.012445436089023041
driving_alone_to_work,28940,0.03855652032545722,0.021136248864136523
driving_alone_to_work,30700,0.6833888181723653,0.5864900319999385
driving_alone_to_work,30780,0.5320841552859077,2.6120560747651504e-12
driving_alone_to_work,31080,0.35520893817872023,3.484410675733109e-07
driving_alone_to_work,31140,0.4472678757042725,0.6978787944378654
driving_alone_to_work,32820,1.0,0.035517351704505484
driving_alone_to_work,33340,0.0,0.0
driving_alone_to_work,33460,0.0,0.0
driving_alone_to_work,34980,0.5776142975982527,0.0
driving_alone_to_work,35380,0.391264526088703,0.0
driving_alone_to_work,35620,0.0,0.0005649120433337527
driving_alone_to_work,36260,0.05178789163587968,5.299995319987771e-05
driving_alone_to_work,36420,0.9959602651883747,0.7560974849775342
driving_alone_to_work,36540,0.1677201787742459,0.0019309553028765882
driving_alone_to_work,37980,0.4118115849985523,1.1960079901768634e-07
driving_alone_to_work,38060,0.08367245483523661,0.8485303665767476
driving_alone_to_work,38300,0.03455659452025176,0.0
driving_alone_to_work,38860,0.9272583252989524,6.400413826644087e-13
driving_alone_to_work,38900,0.0001570229492161556,0.8868212156910286
driving_alone_to_work,39300,0.0,0.0
driving_alone_to_work,39340,0.6568476572113142,0.0
driving_alone_to_work,39660,0.08384318153332893,0.5529535392641158
driving_alone_to_work,39900,0.2040773806536868,0.3250397064276721
driving_alone_to_work,40060,0.999026913084793,1.0
driving_alone_to_work,41180,0.10411362015451198,1.6414103856504473e-10
driving_alone_to_work,41620,0.5957201157398717,6.332664078525372e-12
driving_alone_to_work,41700,0.039148333922322136,5.197499278692403e-19
driving_alone_to_work,42660,1.3486394733716855e-05,0.007267188840274904
driving_alone_to_work,43580,3.452719064667783e-30,0.00010262761295678687
driving_alone_to_work,43620,2.344956838326214e-16,2.34495683831394e-16
driving_alone_to_work,44060,0.0005637209980289959,0.10480760368612485
driving_alone_to_work,44140,0.8665989520590056,0.34164313122283285
driving_alone_to_work,45780,0.1956831445640677,5.494475543705565e-08
driving_alone_to_work,45820,0.005808132213990989,0.00017560752604677985
driving_alone_to_work,46140,0.1919488325911713,0.4406063107309211
driving_alone_to_work,47260,0.2646242535582084,0.0
driving_alone_to_work,48620,0.994506756891442,0.03711342394994376
driving_alone_to_work,49340,1.8469796632365335e-05,0.06344523494645639
excessive_drinking,10740,0.8087783256337486,0.002895672172453071
excessive_drinking,11260,0.018982622701035755,0.018982622701037604
excessive_drinking,12060,0.40002459975803595,0.07389643860745194
excessive_drinking,12260,0.2007850393493107,0.20485890351129965
excessive_drinking,12420,0.2945209622929368,7.219632254832091e-07
excessive_drinking,12580,0.9015682802557619,0.0
excessive_drinking,12940,0.9119754164475824,3.0764501414484935e-07
excessive_drinking,13740,0.8007381471787156,0.0
excessive_drinking,13820,0.4203005676017628,0.0005955061717023575
excessive_drinking,13900,0.5178274080523458,9.84446423679751e-20
excessive_drinking,14260,1.0,0.02386437662737196
excessive_drinking,14460,0.970083079556087,0.059669788844437945
excessive_drinking,15540,5.812606976282121e-09,5.8126069762880324e-09
excessive_drinking,16620,1.0,1.0
excessive_drinking,16700,0.42704703716155645,0.4195086374076584
excessive_drinking,16740,0.4610598580799241,5.652039208880511e-25
excessive_drinking,16980,0.8502702823500357,0.0016816797508259532
excessive_drinking,17140,0.22672941648060752,0.0
excessive_drinking,17820,0.9375424685442163,0.9054168925554967
excessive_drinking,18140,0.9887188164881558,0.6830271893805628
excessive_drinking,19100,0.060665566791024896,0.0036624315781577338
excessive_drinking,19740,0.19489483847531897,0.006230800015739909
excessive_drinking,19780,0.972258107494288,0.9236542833572735
excessive_drinking,19820,0.00047289467590976345,3.3446866146431194e-05
excessive_drinking,20260,0.984910392561327,0.8730212716177639
excessive_drinking,22020,0.35350069985616994,0.006051390308309498
excessive_drinking,22220,0.45847460845940335,1.4803780589642835e-19
excessive_drinking,24340,0.6524897218935959,5.981665468514906e-12
excessive_drinking,24860,0.9078378471940722,0.01571048036366339
excessive_drinking,25180,0.4956351325086788,9.230867107128164e-05
excessive_drinking,26420,9.393245644862168e-11,7.31803133524176e-17
excessive_drinking,26580,0.7992313769177146,0.14388439719113966
excessive_drinking,26900,0.14337276427656664,2.259889276997808e-09
excessive_drinking,28140,0.5480978131566029,3.1809416036886705e-26
excessive_drinking,28940,0.9325778049350781,0.016872530981333213
excessive_drinking,30700,0.5031896331667767,0.3274762589196808
excessive_drinking,30780,0.0606181065413033,1.6673199325863714e-05
excessive_drinking,31080,0.48075308208494333,0.007688754108301098
excessive_drinking,31140,0.1824560767276353,1.3902932673595371e-29
excessive_drinking,32820,0.9990794538218513,0.036305170440242104
excessive_drinking,33340,0.4393180206410516,3.480794052135166e-15
excessive_drinking,33460,0.31934386516087215,0.046581319574755864
excessive_drinking,34980,0.809975337782658,0.02363972745824799
excessive_drinking,35380,0.889185116716984,3.2710435973180235e-30
excessive_drinking,35620,4.565158921727578e-06,2.5536006165056273e-05
excessive_drinking,36260,2.54142450213073e-30,5.115029374438016e-13
excessive_drinking,36420,0.3000304002467093,0.41753968621814586
excessive_drinking,36540,1.9319591878431895e-23,0.0004687961294205944
excessive_drinking,37980,0.21428393300025617,0.09160858048324466
excessive_drinking,38060,0.5782549098353224,0.012058475048129591
excessive_drinking,38300,0.14891497919591568,0.0
excessive_drinking,38860,1.0,1.4361619106092032e-28
excessive_drinking,38900,0.0,0.021943756125627264
excessive_drinking,39300,0.13338753356493227,0.14079241153768507
excessive_drinking,39340,4.408780411308043e-18,4.248372278048812e-07
excessive_drinking,39660,1.0,0.9646340467316504
excessive_drinking,39900,0.9952013133327582,0.9990705463329594
excessive_drinking,40060,0.004195818617103989,9.8679417732367e-24
excessive_drinking,41180,1.1474993238668521e-12,1.1474993238669644e-12
excessive_drinking,41620,0.37770583382563006,4.565788967085533e-10
excessive_drinking,41700,0.26945753181158383,0.49352282600159575
excessive_drinking,42660,0.0,8.07041469144578e-06
excessive_drinking,43580,0.0,0.016343707432180502
excessive_drinking,43620,0.4277312941116811,0.009910758701419636
excessive_drinking,44060,0.07672075096617556,0.06642548604735228
excessive_drinking,44140,1.8062603850228262e-06,1.8062603850222841e-06
excessive_drinking,45780,0.6351648641998465,0.06274409939902098
excessive_drinking,45820,0.023335673206334676,0.023335673206334492
excessive_drinking,46140,0.1565524457460407,0.013871081597834675
excessive_drinking,47260,0.7894277616913375,2.6857695850290217e-25
excessive_drinking,48620,0.9667846638492114,0.021469323821896476
excessive_drinking,49340,0.07036483194184627,9.377699723382364e-05
gdp,10740,0.9985130681915176,0.961861055051394
gdp,11260,0.9982899675544822,0.0
gdp,12060,0.6799311792173419,0.0
gdp,12260,7.980031373914505e-23,0.029754235484840633
gdp,12420,0.9988827038608461,0.007818664338617626
gdp,12580,0.0067106848090161845,1.2651481064198077e-24
gdp,12940,0.006396843552208708,0.0
gdp,13740,1.0,0.30693097490870647
gdp,13820,0.9988759951701958,2.915849257395809e-12
gdp,13900,0.7708634078990155,4.294069373307501e-08
gdp,14260,0.19464864821992428,0.014111943899835978
gdp,14460,0.9985400382490695,1.6798320070834405e-16
gdp,15540,0.9979332335600875,0.5717726362899672
gdp,16620,0.4528730464009812,1.1732595239727328e-18
gdp,16700,1.0,1.0
gdp,16740,0.273668709715171,0.014872633596811386
gdp,16980,0.877713993407965,0.9218629884907342
gdp,17140,0.616693019078214,8.794044752903446e-09
gdp,17820,0.9990726525397948,0.049987889321091085
gdp,18140,0.6389713621317014,0.0
gdp,19100,0.9856698644673059,8.247148879093504e-15
gdp,19740,0.9990067197961263,6.863901712736957e-29
gdp,19780,0.9634819166101716,0.02903265450717836
gdp,19820,1.0,0.9949544057502276
gdp,20260,0.1795496050406215,0.0
gdp,22020,0.017974832416494023,0.017974832416494183
gdp,22220,0.6970163273149492,0.8011130951642067
gdp,24340,0.9890811158185074,0.1965550353520018
gdp,24860,0.9983228395829997,0.0034031272737153275
gdp,25180,0.6337203465273982,0.04507307561133297
gdp,26420,0.107981600239823,0.4438521853812338
gdp,26580,6.1705777800137e-06,2.558624611519623e-07
gdp,26900,0.9987116813195158,1.0
gdp,28140,7.322308041063392e-22,0.0
gdp,28940,1.0,0.9974316364160273
gdp,30700,0.9854376195173921,4.8182663487736295e-06
gdp,30780,0.8975173289290703,0.9264432519436517
gdp,31080,2.802519466109092e-09,0.9644779094806125
gdp,31140,0.9082347097758436,0.005543284945873062
gdp,32820,0.9129993184324496,0.8229214331408068
gdp,33340,0.994859495838086,0.004169547394674683
gdp,33460,0.999082398560957,0.0
gdp,34980,0.8606612499693447,0.03142927254446646
gdp,35380,0.022352950191191896,0.43705307342755073
gdp,35620,0.9978836654141323,0.003524817699665933
gdp,36260,0.014682081242258725,0.9958457081015836
gdp,36420,0.36613734746168547,0.00021054725586276107
gdp,36540,1.0,1.0
gdp,37980,0.84636136717156,0.8645065673575604
gdp,38060,0.872344146268164,0.9854160126331215
gdp,38300,2.3147727701700633e-30,0.11497536304329525
gdp,38860,0.012145243161651732,0.05391259695856617
gdp,38900,0.00012780567988831593,0.0
gdp,39300,1.0,0.0
gdp,39340,0.9599835329404428,4.121986633491208e-24
gdp,39660,1.0,0.0010420264854237255
gdp,39900,0.0554500176869235,0.0002066133417444985
gdp,40060,0.0028072788118173038,3.4163207467235515e-12
gdp,41180,0.0,0.0
gdp,41620,0.2997843544177381,0.010718400618808447
gdp,41700,0.9978007353736605,1.45618304792e-21
gdp,42660,0.30884616607232673,6.791836286297576e-10
gdp,43580,0.2654476440026792,0.010832467704330306
gdp,43620,0.0004552737563575299,2.4498710458374527e-17
gdp,44060,0.997776057997951,0.0017135350738247614
gdp,44140,0.9990379186425857,0.012288746727328395
gdp,45780,0.9977838327169056,0.0
gdp,45820,0.03994465576275297,0.03994465576275316
gdp,46140,0.00039373536871962047,4.133853149757498e-16
gdp,47260,0.9927920552724246,0.9973666936555182
gdp,48620,0.4795064016119422,0.020860848448560173
gdp,49340,1.0,0.00023427242925615612
median_household_income,10740,0.9475457128004136,2.3022826249993223e-12
median_household_income,11260,1.0,0.09454308773748699
median_household_income,12060,0.09346938943984656,3.311881876916953e-05
median_household_income,12260,0.9973825191580117,0.0008682698651092542
median_household_income,12420,0.006709109305523536,6.052372889558759e-08
median_household_income,12580,0.11760829170376313,0.0
median_household_income,12940,0.06203886867571869,1.1935124711141957e-13
median_household_income,13740,0.9973347507463511,0.044654986671880365
median_household_income,13820,0.0006386622339399473,0.0006386622339399473
median_household_income,13900,0.9311210033416226,7.355232921200775e-11
median_household_income,14260,0.6293525932946151,0.008912691888856265
median_household_income,14460,0.8621087640459568,4.133618132611843e-07
median_household_income,15540,0.00559425019297893,0.00559425019297893
median_household_income,16620,0.3088040445035105,0.2678354912695875
median_household_income,16700,0.14157004000659812,7.712322566229355e-05
median_household_income,16740,2.50992671841079e-06,0.019471979969826754
median_household_income,16980,7.276393058226263e-06,7.276393058229148e-06
median_household_income,17140,0.9979260990797334,0.0
median_household_income,17820,9.079751306925929e-06,4.242516348492417e-11
median_household_income,18140,0.7479228711962465,0.691664165308279
median_household_income,19100,0.0,0.0011332775246847807
median_household_income,19740,0.9924696699654848,0.0
median_household_income,19780,1.0,0.019721443751294653
median_household_income,19820,0.49758779652440327,0.006347158142542795
median_household_income,20260,0.572945762290241,0.0009158420546195665
median_household_income,22020,0.3612689947870019,0.11117163990820239
median_household_income,22220,0.826438967306532,0.002010201926667264
median_household_income,24340,0.8705524451443252,0.7380462702101375
median_household_income,24860,0.9892090816135137,0.3305609806089979
median_household_income,25180,1.0,2.200710198032499e-24
median_household_income,26420,1.3268613984507562e-10,0.14794707172134935
median_household_income,26580,0.3277868396865028,0.0
median_household_income,26900,0.16476130499482217,0.0
median_household_income,28140,1.3183669590220727e-05,0.0
median_household_income,28940,1.0,1.0287716428330689e-05
median_household_income,30700,0.9864853070266921,9.804553279298161e-06
median_household_income,30780,0.0015648948487156328,0.4673317620881072
median_household_income,31080,0.9416169805685365,0.9221130645244168
median_household_income,31140,1.0,0.9972720364649278
median_household_income,32820,0.45181867675814674,0.3366146976370518
median_household_income,33340,0.030090907957323505,0.03009090795732356
median_household_income,33460,1.0,0.0
median_household_income,34980,0.534430651971428,0.5882713155589618
median_household_income,35380,4.9789833785418316e-08,2.0065783800879904e-10
median_household_income,35620,0.015375049801653232,1.1612447837610472e-20
median_household_income,36260,0.9903074586972334,0.007221570074700129
median_household_income,36420,1.2552753029660123e-08,1.4275820669066363e-17
median_household_income,36540,0.9317172811389406,2.8156518073208566e-05
median_household_income,37980,0.03873343865892252,0.0
median_household_income,38060,0.0030538219436780614,0.3325384009407687
median_household_income,38300,0.9979854227274948,2.637882409483381e-12
median_household_income,38860,0.15261083741211073,0.1861908410031512
median_household_income,38900,0.7284386148794104,0.006512798895595678
median_household_income,39300,0.5276272025057688,0.47610545300233714
median_household_income,39340,0.8869927212524628,1.673653507212382e-05
median_household_income,39660,0.9910026258058746,3.8278582171744493e-10
median_household_income,39900,0.9912140246412539,0.037063801421736486
median_household_income,40060,0.3157825190378867,0.9563161627814334
median_household_income,41180,0.04490164006402761,0.0
median_household_income,41620,0.9688921855003805,0.00016326812924135045
median_household_income,41700,0.018113144465166296,5.800897389848278e-05
median_household_income,42660,0.8960287839942673,0.009511186383923015
median_household_income,43580,7.172513442561121e-07,0.04651606967668287
median_household_income,43620,0.9924180793251879,0.13354473958645335
median_household_income,44060,0.29664168259570184,0.03554050582435708
median_household_income,44140,0.49929833932333195,0.5661101129206927
median_household_income,45780,0.00019644205912759018,0.9848095960061991
median_household_income,45820,0.9977803161515042,0.0
median_household_income,46140,0.7821143936280848,3.47950191500736e-09
median_household_income,47260,0.9936543329899035,0.0004592291807946735
median_household_income,48620,0.25561820787527545,0.4732333174875033
median_household_income,49340,3.0289264814020036e-08,3.4657144186526256e-15
mental_health_providers,10740,0.9743515638492474,0.0012788288818602813
mental_health_providers,11260,0.7728365350417713,0.020377354273042464
mental_health_providers,12060,1.0,0.0018460574191895558
mental_health_providers,12260,0.9936425376438793,8.29820499967302e-06
mental_health_providers,12420,7.51955315206082e-08,0.9061589630846598
mental_health_providers,12580,3.5935773890535e-25,0.0009335954095869132
mental_health_providers,12940,0.20425707875069277,0.009197516040386731
mental_health_providers,13740,0.17417445232772605,9.3539463912356e-23
mental_health_providers,13820,7.832183618127429e-06,0.011083245865494402
mental_health_providers,13900,0.019753273024504817,4.4462025643435865e-12
mental_health_providers,14260,0.9941709991341539,0.027662413664513056
mental_health_providers,14460,0.727195691275465,5.221091340563723e-25
mental_health_providers,15540,0.9923868397848182,0.24436832524669144
mental_health_providers,16620,0.04836792006465806,0.00033786460273839365
mental_health_providers,16700,0.0008796898443622656,0.0008796898443622499
mental_health_providers,16740,0.6251337199006041,8.922789411704896e-09
mental_health_providers,16980,0.05991591341587189,0.996973553621843
mental_health_providers,17140,1.0,3.431750603610864e-09
mental_health_providers,17820,0.9946807559775722,3.5823500362635566e-29
mental_health_providers,18140,1.3938294968438414e-29,0.0
mental_health_providers,19100,1.0,0.0
mental_health_providers,19740,0.2933987270505866,5.771629110775989e-05
mental_health_providers,19780,0.9916844709475923,3.48738761900466e-05
mental_health_providers,19820,0.001052722335149208,2.0799233979925806e-05
mental_health_providers,20260,0.8441663506970746,1.1056837477524601e-20
mental_health_providers,22020,1.0,1.0
mental_health_providers,22220,0.08041098163014065,8.295137288189478e-06
mental_health_providers,24340,0.9610149546280887,0.251435165850317
mental_health_providers,24860,0.9700480636472913,8.177789803504745e-06
mental_health_providers,25180,0.11707513867858166,0.9967553236144019
mental_health_providers,26420,0.049424579261645854,0.0013521906704319208
mental_health_providers,26580,0.9894454105221815,0.00070149994612268
mental_health_providers,26900,0.01400156870983727,0.99885514357012
mental_health_providers,28140,0.553080179106181,0.5540062101921459
mental_health_providers,28940,0.0,0.000362394933735526
mental_health_providers,30700,0.9990625934300498,0.03822539587597626
mental_health_providers,30780,4.543081479501754e-27,1.7366285225367227e-15
mental_health_providers,31080,0.9439348406558613,8.103747618467271e-05
mental_health_providers,31140,0.8479439209827231,0.0008886183195457811
mental_health_providers,32820,0.1319372548887479,0.13447455885227966
mental_health_providers,33340,0.0009848691325069416,0.005247029794804881
mental_health_providers,33460,0.8080991231918387,0.005704854703044859
mental_health_providers,34980,0.4809183694981245,0.4881652469150722
mental_health_providers,35380,0.8807070555947776,0.00849843811034368
mental_health_providers,35620,0.10220514292005756,0.0033854808299176946
mental_health_providers,36260,1.3181825108978674e-07,1.3181825108995882e-07
mental_health_providers,36420,0.970119006234646,1.1949812631621894e-10
mental_health_providers,36540,0.0770717333079437,0.998081962987593
mental_health_providers,37980,0.7520540573763723,0.7907190969127411
mental_health_providers,38060,0.9989628913667414,0.1735059081570267
mental_health_providers,38300,0.24989282917018474,0.4724867544794784
mental_health_providers,38860,0.49605743340669384,0.002654934202258323
mental_health_providers,38900,0.6946551287765139,0.0
mental_health_providers,39300,0.38598210877125005,0.01157375672565918
mental_health_providers,39340,0.8005326566330107,0.9831042708624972
mental_health_providers,39660,0.9985592542738763,0.007659869769488223
mental_health_providers,39900,0.9796100661514128,0.0057609947726738045
mental_health_providers,40060,0.4828753247835957,0.0
mental_health_providers,41180,1.0536695938433694e-07,0.00015882856352344478
mental_health_providers,41620,0.0,0.0
mental_health_providers,41700,0.04666276967599948,1.0
mental_health_providers,42660,0.0,0.0016986063650807504
mental_health_providers,43580,0.9225951364270477,4.5823392812699846e-10
mental_health_providers,43620,0.951803376952267,1.515173321098618e-17
mental_health_providers,44060,0.3075813422149535,0.004961950090915007
mental_health_providers,44140,0.41859294576125416,0.0006710355932055838
mental_health_providers,45780,9.455951469111175e-21,2.3663968612446687e-17
mental_health_providers,45820,0.9986589756926456,0.9986578452603924
mental_health_providers,46140,0.9809538403623004,0.9842028251686457
mental_health_providers,47260,0.033855048719613645,9.133129502237719e-29
mental_health_providers,48620,0.8830954805841399,0.8965965661087973
mental_health_providers,49340,2.8180148794726125e-09,1.0
no_time_activity,10740,0.3078433672253197,2.0225399706590213e-30
no_time_activity,11260,0.5349114033876368,0.0069836231014686395
no_time_activity,12060,0.887060488780141,0.08139479140556921
no_time_activity,12260,1.0,6.299845079542505e-29
no_time_activity,12420,0.002453761973112759,0.031442617109015726
no_time_activity,12580,0.9321209552602272,2.7894984879394606e-14
no_time_activity,12940,0.9767508752746107,0.00024318305921871715
no_time_activity,13740,0.4975479067287287,8.627574377036361e-07
no_time_activity,13820,0.0007753890762807056,0.0012654490837959804
no_time_activity,13900,0.09959485243695942,0.00930128333254156
no_time_activity,14260,1.0,0.03594087540338994
no_time_activity,14460,1.0,0.04022791465529919
no_time_activity,15540,0.09616696359856863,0.11207521403210996
no_time_activity,16620,0.9417125190048666,0.022964226691786285
no_time_activity,16700,0.04584414275146445,0.5136618329560565
no_time_activity,16740,0.34737534967211897,0.6385028785574536
no_time_activity,16980,0.15305625313129573,0.34354748099929494
no_time_activity,17140,1.0357993617485921e-05,2.5201443468366173e-26
no_time_activity,17820,0.3200234146631123,0.0
no_time_activity,18140,0.32949002092351254,0.007295917338219458
no_time_activity,19100,0.04740569972749363,0.0029984257484470633
no_time_activity,19740,0.015026654730767924,0.20304087011309996
no_time_activity,19780,0.9940059564686908,3.4627120359233104e-06
no_time_activity,19820,0.6360432796326676,1.0317741904656648e-07
no_time_activity,20260,0.3264403120914087,2.0318848471861637e-30
no_time_activity,22020,0.607034477706464,0.0017926368646990702
no_time_activity,22220,0.9587432301987866,0.9321192152583526
no_time_activity,24340,0.7421962349417673,0.10815085678845676
no_time_activity,24860,0.026615346416130923,0.026615346416130208
no_time_activity,25180,0.9068039024498175,0.03381771183544817
no_time_activity,26420,0.7343551081737246,1.6283493409687126e-24
no_time_activity,26580,0.14914861935584206,1.1203939409655548e-05
no_time_activity,26900,0.33051236726208444,0.01746781833987883
no_time_activity,28140,0.9871240650257952,0.8173649200786286
no_time_activity,28940,0.9236408052465968,0.2743269634855516
no_time_activity,30700,9.08753686422289e-09,0.44634660901196116
no_time_activity,30780,0.5194364100182133,0.033592393054081515
no_time_activity,31080,0.052644764517859134,0.0
no_time_activity,31140,0.5619806623096637,0.7152353808903114
no_time_activity,32820,0.08338589382882539,0.04315665847628343
no_time_activity,33340,0.07120272266008938,0.0010056168070349538
no_time_activity,33460,0.9967605399884325,1.1503223383845745e-13
no_time_activity,34980,0.9767266529014363,0.0
no_time_activity,35380,0.8937835687165812,0.1771796045334712
no_time_activity,35620,0.0003019944377565888,0.05647828671087599
no_time_activity,36260,0.026561804989499227,0.02347105566323398
no_time_activity,36420,0.8180607433358931,0.03844243885167065
no_time_activity,36540,0.6194001714020309,0.06794228390774883
no_time_activity,37980,0.9990692785966147,0.9735904934428619
no_time_activity,38060,0.6373301645320107,0.1388447093532333
no_time_activity,38300,0.271275652459969,0.03550661849136838
no_time_activity,38860,2.1178059594356477e-06,2.1178059594353927e-06
no_time_activity,38900,0.08683170847742083,0.043995996931144504
no_time_activity,39300,5.69139028185218e-17,0.0006249103417569228
no_time_activity,39340,0.9968040109663187,3.5545796236409437e-09
no_time_activity,39660,0.32836400787001085,0.0014637698555171488
no_time_activity,39900,0.6851883229982431,0.015596390262395262
no_time_activity,40060,0.23216972635181105,0.04108927161260285
no_time_activity,41180,1.5372447687063666e-16,0.533385031071194
no_time_activity,41620,0.5343881903870777,0.5237107934641351
no_time_activity,41700,0.5601780409355329,2.8629565992435046e-08
no_time_activity,42660,2.5027713855670477e-05,0.01120232775864356
no_time_activity,43580,0.4881560926145685,0.007023837066713921
no_time_activity,43620,4.008782422368871e-19,0.023942340869258307
no_time_activity,44060,0.42540680068065073,0.09609059281124355
no_time_activity,44140,0.024862154401726396,0.15314758867107048
no_time_activity,45780,0.5528733787207925,0.0
no_time_activity,45820,0.4935929235711936,0.0028452866115608526
no_time_activity,46140,1.1725280779164536e-11,3.2810809354492055e-06
no_time_activity,47260,0.982095050460928,0.0
no_time_activity,48620,0.5116750063463795,5.352923186529441e-11
no_time_activity,49340,7.0583182519449255e-06,7.058318251944414e-06
noise70n,10740,0.00021560480858308663,0.0
noise70n,11260,0.993179268177824,2.4468818787162012e-30
noise70n,12060,1.656430817341819e-29,1.6564308173586385e-29
noise70n,12260,0.9727946896439729,0.994071054218285
noise70n,12420,0.9877014993426763,0.04696921249347161
noise70n,12580,0.9972595646658081,0.01073201840817525
noise70n,12940,0.9932331237856602,0.9930086722345939
noise70n,13740,0.9967004312277938,0.9985744524412089
noise70n,13820,1.0,0.9963971267914367
noise70n,13900,0.05277768081373111,0.0004157585417328341
noise70n,14260,0.5729605296594555,1.4892452488001869e-15
noise70n,14460,0.9950821128797004,0.41961276784519563
noise70n,15540,0.4073662631678545,0.015707850825693953
noise70n,16620,0.3522239437590925,0.0
noise70n,16700,0.009728163417173745,0.783979408893896
noise70n,16740,3.272170906656529e-13,0.997908419517187
noise70n,16980,0.9889605384817906,0.9988307019224942
noise70n,17140,0.0011907150635313936,0.005030982522290254
noise70n,17820,0.9918308968789659,0.4281928154664589
noise70n,18140,0.3771003095258982,0.00045334691274152806
noise70n,19100,1.0,0.00031952801550394716
noise70n,19740,1.0,0.0
noise70n,19780,0.01171733327100185,0.9373468767538808
noise70n,19820,0.6600070633743225,0.0011895288971862047
noise70n,20260,0.9842709818162465,0.98604678627657
noise70n,22020,1.0,1.0
noise70n,22220,0.6460271532254057,1.0
noise70n,24340,0.8646609115495851,1.0
noise70n,24860,2.112210977655429e-17,0.9464958472527668
noise70n,25180,0.9852884033018187,0.0
noise70n,26420,2.21096855327821e-15,8.13080615553344e-14
noise70n,26580,0.9934687854359322,0.9828059670851486
noise70n,26900,1.0,1.0
noise70n,28140,1.0446013886769256e-17,0.9766544587630553
noise70n,28940,0.838394659399786,0.17854493970249324
noise70n,30700,1.0,0.0
noise70n,30780,0.959521703610132,1.0
noise70n,31080,0.9983852336098641,2.0545973183529132e-15
noise70n,31140,1.0,0.998978746214932
noise70n,32820,0.9989305635597496,1.6958907944539028e-16
noise70n,33340,0.9989358278531547,0.997460691059936
noise70n,33460,0.025841847640720273,0.9950597504452295
noise70n,34980,0.9703202907116856,0.2699402049423439
noise70n,35380,0.9743488259883416,0.41392358861032036
noise70n,35620,1.0,0.0
noise70n,36260,0.9678220135169404,3.116948120337579e-26
noise70n,36420,0.8970581540039172,1.1445233994684243e-13
noise70n,36540,0.9988730674131493,2.76025635307698e-30
noise70n,37980,1.0,2.264824459621895e-30
noise70n,38060,0.002413519381851103,0.8820520122227957
noise70n,38300,0.9054241070448816,1.3261249341970912e-07
noise70n,38860,9.14104134035314e-09,0.009590171431705109
noise70n,38900,1.0,0.0008258624511837146
noise70n,39300,1.0,0.9082594035246809
noise70n,39340,1.0,4.788490316897046e-05
noise70n,39660,0.0,0.2312204787063949
noise70n,39900,0.9764567696482979,7.0246737465602185e-09
noise70n,40060,1.0,3.495946652442509e-15
noise70n,41180,0.9925419273901571,0.0
noise70n,41620,1.0,0.0052650701461712125
noise70n,41700,0.9969451790000385,0.9968408923388522
noise70n,42660,1.0,0.4373151654225769
noise70n,43580,0.9990656753344246,0.0
noise70n,43620,0.9951374023872224,2.026527331968676e-30
noise70n,44060,0.913692734725202,2.4151812837487257e-09
noise70n,44140,1.0,0.4958524492395899
noise70n,45780,1.0,2.7514724666799362e-14
noise70n,45820,0.9987121986092632,0.9891149711167309
noise70n,46140,1.0,0.5796304202903328
noise70n,47260,0.6904220545334736,0.6983173664127369
noise70n,48620,0.8263605291534949,0.7635252405376812
noise70n,49340,1.0,0.5486443976738796
noise80n,10740,0.976783247249152,1.7613003026022657e-10
noise80n,11260,4.463170921970437e-08,0.0
noise80n,12060,0.44011567632903587,7.995623694508267e-27
noise80n,12260,0.5979555199435354,4.830552903345472e-19
noise80n,12420,1.0,0.0
noise80n,12580,0.9258995129525782,0.0017236722651703766
noise80n,12940,0.506817062978663,0.002898655142226966
noise80n,13740,0.18897438982951437,0.007018942086261084
noise80n,13820,0.4375369088905319,0.4326961355196031
noise80n,13900,0.16750768241870817,6.840744268538198e-06
noise80n,14260,1.0,0.00010235659042932374
noise80n,14460,1.0,0.0057803678584867
noise80n,15540,0.9606879165069855,0.08716649252367559
noise80n,16620,1.3670356746092873e-24,0.0
noise80n,16700,0.00473924963808096,0.019635120899582185
noise80n,16740,0.9986014487119096,7.943967512454697e-09
noise80n,16980,0.9984731788287489,0.0
noise80n,17140,0.21166247040845254,1.0
noise80n,17820,1.0,1.0
noise80n,18140,0.520365340384831,0.0003621344810420816
noise80n,19100,0.9936688281996471,0.0
noise80n,19740,0.9923086849987671,0.31526028099407455
noise80n,19780,1.387891430787838e-12,0.18782687860899328
noise80n,19820,0.9784288355859151,3.907118124184832e-24
noise80n,20260,0.9933049351444382,3.511435483002123e-30
noise80n,22020,0.9990455136675193,1.0
noise80n,22220,1.0,0.785053670798695
noise80n,24340,0.20278121167629742,0.12155740035265977
noise80n,24860,1.0,0.9989348700574602
noise80n,25180,1.0,0.2534682586894527
noise80n,26420,0.8869850120807461,4.080192358642647e-30
noise80n,26580,0.7578111387691142,0.0
noise80n,26900,0.9481987959592911,0.3139331399974852
noise80n,28140,0.9268355598990887,0.0
noise80n,28940,0.037795168357662515,0.012048569737621693
noise80n,30700,0.0001612742582029801,0.029929418998795306
noise80n,30780,1.9611081641888974e-06,0.005952472941110657
noise80n,31080,1.0,7.538740915651808e-14
noise80n,31140,0.970858414073635,0.9286405472542777
noise80n,32820,0.25312245960196755,0.0027188809110017175
noise80n,33340,0.18636453203978248,0.403808268881693
noise80n,33460,1.0,0.09863139386138109
noise80n,34980,0.8418320734714435,0.6969194974115962
noise80n,35380,0.37577024586113345,0.4256007061650342
noise80n,35620,0.9710463561881172,0.008985721077224354
noise80n,36260,0.3112075669207861,0.736906998797638
noise80n,36420,0.7278773722091778,0.7529091794589008
noise80n,36540,0.9787985593465498,0.0060956144995276745
noise80n,37980,1.0,0.7594783690719509
noise80n,38060,0.9544994831952546,0.09818283477061568
noise80n,38300,0.9905642426203473,0.0
noise80n,38860,0.1633962644580958,0.001650531526518865
noise80n,38900,0.9935224626233315,0.31931984635341415
noise80n,39300,0.9152569701158451,0.8123053669124716
noise80n,39340,0.794385983704542,0.7650081909864628
noise80n,39660,0.8668035189438713,0.003969409817145811
noise80n,39900,0.9978240762285189,0.149550796327083
noise80n,40060,1.0,0.013214949277762069
noise80n,41180,0.14220489337011422,0.9990550943347312
noise80n,41620,1.0,0.0
noise80n,41700,0.04142672080471158,0.0
noise80n,42660,0.03835722191181312,0.0
noise80n,43580,0.3716475774473129,0.3604877512985754
noise80n,43620,0.9958241161973576,0.9935708396367036
noise80n,44060,0.9988476073573227,6.648205296213055e-06
noise80n,44140,0.998700906278823,0.0
noise80n,45780,2.0957673591822957e-06,1.0
noise80n,45820,0.9625651471997799,9.410361204893222e-27
noise80n,46140,0.9305243096507017,0.009853935463802121
noise80n,47260,0.9951322991166343,0.0
noise80n,48620,0.9901826975316113,0.0
noise80n,49340,0.9526545124646552,0.01894632802839963
noise90n,10740,0.995442406438669,0.0
noise90n,11260,1.2483140185544573e-10,1.095055129345526e-06
noise90n,12060,0.19645886901915288,2.778404270273089e-05
noise90n,12260,0.20367589055003182,0.31498960488474537
noise90n,12420,0.4428197102123821,0.0
noise90n,12580,0.978296967105712,1.5265726951668933e-10
noise90n,12940,0.24830869958640117,3.609809266576481e-06
noise90n,13740,0.9988050851408464,0.0
noise90n,13820,0.002903123437911783,0.0
noise90n,13900,0.20379088585652794,0.0
noise90n,14260,1.0,0.0
noise90n,14460,0.1405883447515559,0.1578980197645833
noise90n,15540,0.4201233036716734,1.9714671832037353e-09
noise90n,16620,3.1476720649930274e-11,0.01699188209109342
noise90n,16700,0.15234523011699197,0.00023985195368401088
noise90n,16740,0.9924042343231703,0.69298307605732
noise90n,16980,0.998339934622439,0.558856606012111
noise90n,17140,0.9721405406291167,0.9550662209033459
noise90n,17820,0.08129438214658419,0.0
noise90n,18140,0.8565845849076469,1.3933722987729737e-20
noise90n,19100,0.029526010858636365,0.0
noise90n,19740,0.004016380381752138,0.0
noise90n,19780,0.9838968413838831,1.4432966458851576e-10
noise90n,19820,0.07138704369196391,0.18213885833718663
noise90n,20260,0.7907749975325998,0.0006387112969404039
noise90n,22020,2.8774163248969954e-25,0.9927523431331686
noise90n,22220,0.9978122558694905,0.013883848902826311
noise90n,24340,0.0,0.05083709000293379
noise90n,24860,0.9924802320098554,0.9659475294043331
noise90n,25180,1.0,0.0010401908445535253
noise90n,26420,0.7990957297101755,1.9230990710392477e-20
noise90n,26580,0.5360842966523592,0.0003322257535194474
noise90n,26900,0.8642290548636401,0.0
noise90n,28140,0.9966819352244465,0.0
noise90n,28940,1.0,0.057122573501682254
noise90n,30700,0.6745587789334291,0.984240401289345
noise90n,30780,0.9715390887607205,0.0031130584974126112
noise90n,31080,0.0857312899531576,1.3775358551755921e-06
noise90n,31140,0.385842287755978,8.258292757523561e-15
noise90n,32820,0.34874580899354646,0.28189015629934705
noise90n,33340,0.012251625990297393,0.4535767470352233
noise90n,33460,0.20352065915039058,0.0
noise90n,34980,0.9863932174069188,1.315082418448594e-26
noise90n,35380,0.5356237001401527,0.0006436160141878855
noise90n,35620,0.016341653396032083,0.05425654337750446
noise90n,36260,0.03609602082126819,0.03548094455429524
noise90n,36420,0.6320065093958832,0.0
noise90n,36540,0.9808072920545615,1.0
noise90n,37980,0.09550777987257358,0.8794660478454976
noise90n,38060,0.9887087648126961,2.1472593802469342e-07
noise90n,38300,0.0283286658703515,0.044691298937769894
noise90n,38860,0.9990681512987845,1.0
noise90n,38900,0.41390899491762273,0.0
noise90n,39300,0.9235579647981791,0.0
noise90n,39340,0.005657235904173608,1.0253498643780545e-18
noise90n,39660,0.9850110880688486,1.352148874284467e-07
noise90n,39900,0.26306527207392943,0.005075844016177729
noise90n,40060,0.9399135880041333,0.002720363802523756
noise90n,41180,0.0011116430043124578,1.0857783948521307e-10
noise90n,41620,0.9655803657749551,0.0
noise90n,41700,0.010676482360161253,0.8805732546525806
noise90n,42660,0.9369638017993683,0.2583126338916075
noise90n,43580,0.9901661346361115,0.01004083970704767
noise90n,43620,0.9349126410245019,0.9256455606026109
noise90n,44060,0.9364045751203303,2.4483316422871984e-11
noise90n,44140,0.2609261561311169,0.26116819164895066
noise90n,45780,0.003151818065021959,5.183269707233018e-18
noise90n,45820,0.9990853562258221,0.9990867588475145
noise90n,46140,0.008719182959070433,0.014658725982064387
noise90n,47260,0.9343144492760748,0.11297379152654585
noise90n,48620,0.44628534508840506,0.0
noise90n,49340,0.920414969111554,0.0
obe_dia,10740,0.9936337164441481,0.0
obe_dia,11260,1.5231133296139603e-10,3.8406696372925664e-05
obe_dia,12060,0.14279265258995832,0.3780390479200872
obe_dia,12260,0.2307152865059967,0.014046814628460899
obe_dia,12420,0.9760991060449102,0.4201063780358159
obe_dia,12580,0.10196874880333767,0.009427144086100564
obe_dia,12940,0.14896670320886418,0.12366567632504782
obe_dia,13740,0.9987915180165315,0.0
obe_dia,13820,2.7440299574601683e-09,9.034233027991989e-06
obe_dia,13900,0.20374224765365623,0.0
obe_dia,14260,1.0,0.0
obe_dia,14460,2.1872885884845575e-28,9.921858226536695e-26
obe_dia,15540,0.41626539037442234,0.7065520581585074
obe_dia,16620,5.01560911699202e-10,0.08002361728775476
obe_dia,16700,0.13647589683322092,0.0
obe_dia,16740,0.9909989576330298,0.6032852772903732
obe_dia,16980,0.9983735392839467,0.0
obe_dia,17140,0.9892716464750114,0.9577365466632365
obe_dia,17820,0.08112995194383349,0.9988892335451248
obe_dia,18140,0.8313447909630732,2.1819602971344265e-18
obe_dia,19100,0.3329180622384921,0.3035561123909256
obe_dia,19740,4.8571734751652496e-09,0.0
obe_dia,19780,0.9813605921038508,0.0
obe_dia,19820,0.17280236201783955,0.1212804185021431
obe_dia,20260,0.7978983853063043,0.0007544425453534251
obe_dia,22020,3.4276070399584437e-25,0.9927231241017686
obe_dia,22220,0.997793370911194,2.4188240455686345e-24
obe_dia,24340,0.0,2.3768348101540172e-26
obe_dia,24860,0.9927577075911601,0.9708408379385906
obe_dia,25180,1.0,0.0015495816329283846
obe_dia,26420,1.0,1.0
obe_dia,26580,0.41672994233664423,0.0
obe_dia,26900,0.9329375572697929,3.926909127114737e-15
obe_dia,28140,0.9967006336444486,0.0
obe_dia,28940,1.0,0.09620171588118209
obe_dia,30700,0.671685746312725,0.984684901487699
obe_dia,30780,0.9802369625235063,0.8963553954558097
obe_dia,31080,0.974343927472762,0.2957077697578494
obe_dia,31140,0.3949447716873434,0.0
obe_dia,32820,0.32237619093927566,0.0
obe_dia,33340,0.0051578112834258375,0.5820898007929823
obe_dia,33460,0.09358190601059985,1.8890426076812357e-06
obe_dia,34980,0.36799525430964497,0.00619291706662755
obe_dia,35380,0.5393215443006029,2.4671046569497927e-05
obe_dia,35620,0.9760760268760164,0.055548695263006646
obe_dia,36260,0.00023909020846174596,0.5311810721869452
obe_dia,36420,0.6295024212914488,0.0
obe_dia,36540,0.9819106856096632,1.0
obe_dia,37980,0.9802232629644838,0.7907184667679469
obe_dia,38060,0.7743313028979832,1.8447725966093827e-26
obe_dia,38300,0.37557323368081763,0.01539795218110633
obe_dia,38860,0.9990454629847594,8.334545318569334e-13
obe_dia,38900,0.9674985185701006,0.0
obe_dia,39300,0.9209294574040541,0.0
obe_dia,39340,0.0007010927695013249,0.03495795239721903
obe_dia,39660,0.9854542725118358,1.2891894973537015e-07
obe_dia,39900,0.042429652518173676,1.7144804559711396e-05
obe_dia,40060,0.9565890967266221,1.4257668001696676e-11
obe_dia,41180,0.005309619065726113,0.0003337677346569966
obe_dia,41620,0.959802126830636,0.0
obe_dia,41700,0.9299024160014807,0.967925949218927
obe_dia,42660,0.9227477011224392,0.42362705711709525
obe_dia,43580,0.9900979892392654,0.010024435258410519
obe_dia,43620,0.9346051179206916,0.001004038541243197
obe_dia,44060,0.936711521344877,5.5817491517393424e-08
obe_dia,44140,0.26017260886475463,0.2602721714671865
obe_dia,45780,0.9247030411494195,1.815057138929332e-14
obe_dia,45820,0.999086782887355,0.9990876446886546
obe_dia,46140,0.00782651967838702,0.018164418738514033
obe_dia,47260,0.9185698951382514,0.0
obe_dia,48620,0.4402243048727069,6.948640036443935e-05
obe_dia,49340,0.9207167197977808,0.18358245614427965
smo_dia,10740,0.9942697045302441,0.0
smo_dia,11260,1.5715826999145106e-10,0.7940083773175948
smo_dia,12060,0.011829279941322891,0.646142021436097
smo_dia,12260,0.1845270073836609,0.012963582863364662
smo_dia,12420,0.21090078490002034,0.16284181936188669
smo_dia,12580,0.2345491345477061,0.09611676288738102
smo_dia,12940,0.2018000854564539,0.1191850570764002
smo_dia,13740,0.9987713832042266,0.0
smo_dia,13820,5.7707266401114114e-30,0.4755690529404146
smo_dia,13900,0.20383341531083737,0.0
smo_dia,14260,1.0,0.0
smo_dia,14460,0.5946347491223829,0.09242240686747566
smo_dia,15540,0.4194291743915935,0.7033236502512016
smo_dia,16620,3.4744175873259567e-14,0.10164375430355632
smo_dia,16700,0.14215209827790987,3.563337464969929e-17
smo_dia,16740,0.9908221920939106,0.5829352981344655
smo_dia,16980,0.3623378292724925,0.0
smo_dia,17140,0.9499916176168809,0.8934315711671654
smo_dia,17820,0.05693984692568919,0.9988460086885452
smo_dia,18140,0.837520861966905,1.3687918991320202e-11
smo_dia,19100,0.17163311878452725,0.03197963191307825
smo_dia,19740,0.03429645015950082,0.0
smo_dia,19780,0.9892606429465737,1.231847239674176e-06
smo_dia,19820,0.04317461547243723,0.04317461547243431
smo_dia,20260,0.7931639685302456,0.0005686222637365765
smo_dia,22020,3.53597938860407e-25,0.9924979490139726
smo_dia,22220,0.9977969448449153,9.356427527819158e-24
smo_dia,24340,1.727774501174445e-16,0.4394573481279661
smo_dia,24860,0.9934964977813139,0.9763803213542367
smo_dia,25180,1.0,0.0008970420982318198
smo_dia,26420,0.6985588826646252,4.9509498450276954e-05
smo_dia,26580,0.3070118813053615,0.0
smo_dia,26900,0.9688963666010165,1.0786144620524958e-13
smo_dia,28140,0.9968370456890788,0.0
smo_dia,28940,1.0,0.07837794400052014
smo_dia,30700,0.6731776496443577,0.9833697622232918
smo_dia,30780,0.9789719689653869,0.903999800711169
smo_dia,31080,0.2807794758668684,0.1247827218893619
smo_dia,31140,0.3532189359820773,0.0
smo_dia,32820,0.3268459828304088,0.0
smo_dia,33340,0.009606233083242878,0.7463762272372146
smo_dia,33460,0.2697426497508555,1.891741122396346e-08
smo_dia,34980,0.9863769061790943,0.0
smo_dia,35380,0.6331724676742887,2.5141557214173933e-05
smo_dia,35620,0.22230992001769612,0.006308771106123207
smo_dia,36260,0.009033343609562783,0.2886619329787177
smo_dia,36420,0.6315945137480766,0.0
smo_dia,36540,0.684513780050233,1.0
smo_dia,37980,0.2613690906661854,0.6920463740528515
smo_dia,38060,0.7003467937691389,0.5595554574133605
smo_dia,38300,0.5920103930645455,0.00016248841235400017
smo_dia,38860,1.0,0.03369658108617756
smo_dia,38900,0.18076068174685028,0.0
smo_dia,39300,0.9607977717375914,0.0
smo_dia,39340,0.002224723010443218,0.03397527989304838
smo_dia,39660,0.985121787342718,1.3398884493806722e-07
smo_dia,39900,0.24194890458834567,0.01568862264616326
smo_dia,40060,0.9512818277826941,8.49048886433534e-09
smo_dia,41180,0.08554541726846832,1.4869325930103995e-06
smo_dia,41620,0.9627831116131362,0.0
smo_dia,41700,0.7204305219071889,0.9246777048726024
smo_dia,42660,0.9050518556800925,0.0
smo_dia,43580,0.9901344215433678,0.009815677319219085
smo_dia,43620,0.9337220020360124,0.0009964570134838268
smo_dia,44060,0.9372719833537783,1.0616632351074579e-07
smo_dia,44140,0.2576150747277387,0.25836280260358485
smo_dia,45780,0.9602881703301831,2.0805622926197054e-12
smo_dia,45820,1.0,1.0
smo_dia,46140,0.1199576026806482,0.015924289221241932
smo_dia,47260,0.8642738331936464,0.0
smo_dia,48620,0.4453997880683536,0.00037642725866314064
smo_dia,49340,0.9230671950532814,0.1002554716757012
smo_obe,10740,1.0310784726022442e-08,0.0
smo_obe,11260,1.5572189583529308e-10,2.6345659294065782e-05
smo_obe,12060,0.6317650160347535,0.004443093373088139
smo_obe,12260,0.14320118713274427,0.01603592713462721
smo_obe,12420,0.23144517929134328,9.590418621634722e-09
smo_obe,12580,8.254198846502167e-05,3.894394176099088e-09
smo_obe,12940,0.34233876088257004,0.12214297864169715
smo_obe,13740,0.9987570260928108,0.0
smo_obe,13820,0.0,0.15725779943753898
smo_obe,13900,0.20228206890672107,0.0
smo_obe,14260,1.0,0.0
smo_obe,14460,0.3018652697480505,0.5554769796356149
smo_obe,15540,0.4149092783871878,0.7041687527565681
smo_obe,16620,7.979224630795346e-14,0.11188161842988881
smo_obe,16700,0.13635591197409902,0.027606870668599192
smo_obe,16740,0.9872672770343198,0.4041089400290722
smo_obe,16980,0.02065539580694107,0.00026105299383253147
smo_obe,17140,0.8575458917569942,0.0
smo_obe,17820,0.04403824755810076,0.9987262300564544
smo_obe,18140,0.8095771276641467,0.0
smo_obe,19100,0.7280244830260958,0.7853636662057648
smo_obe,19740,0.050716326886227556,0.0
smo_obe,19780,0.9806883415976023,9.70800563576387e-06
smo_obe,19820,0.06638074967499137,0.1422295809265367
smo_obe,20260,0.8040520709923588,0.0006491063136496321
smo_obe,22020,3.368061727381319e-25,0.9927520028434996
smo_obe,22220,0.9977862202693393,8.1228087803817e-26
smo_obe,24340,3.981137728965595e-28,0.18228430483790736
smo_obe,24860,0.9907083734564424,0.9990757001500453
smo_obe,25180,1.0,0.0007025446217963555
smo_obe,26420,1.648259013863734e-05,0.08119268565855581
smo_obe,26580,0.40567760239946504,0.0
smo_obe,26900,0.9658093355377617,1.6405008920039945e-06
smo_obe,28140,0.995051676926504,0.0
smo_obe,28940,1.0,8.571759063223965e-12
smo_obe,30700,0.672197762804972,0.9837376880347671
smo_obe,30780,0.9673301253185002,0.9368586979633343
smo_obe,31080,0.366322606178737,0.5093597561992761
smo_obe,31140,0.3734839634606948,0.0
smo_obe,32820,0.31055532271934283,0.0
smo_obe,33340,0.0045298977424982675,0.5392386578327043
smo_obe,33460,0.24815414483466686,2.6984690353074974e-09
smo_obe,34980,0.9846577686735637,1.35989223275631e-10
smo_obe,35380,0.538140473129813,2.402635852196689e-05
smo_obe,35620,0.9374011979169359,0.9364143457424652
smo_obe,36260,0.01755264352642252,0.32064858266715024
smo_obe,36420,0.516008426163284,0.0
smo_obe,36540,0.6780765346055097,1.0
smo_obe,37980,0.6919885728641958,1.932148569574927e-05
smo_obe,38060,0.5566626280754199,0.0
smo_obe,38300,0.4021463852878632,0.0
smo_obe,38860,0.9990835363550301,0.006878378815550451
smo_obe,38900,0.9560705922662222,0.0
smo_obe,39300,0.9291758130218781,0.0
smo_obe,39340,0.0020200907248080994,0.03327042124406517
smo_obe,39660,0.9849169977183366,1.4137372994817424e-07
smo_obe,39900,0.22923230631413194,0.009597556800229624
smo_obe,40060,0.9079244589718634,0.0
smo_obe,41180,0.0,0.0
smo_obe,41620,0.962311779479059,0.0
smo_obe,41700,0.7266692597712604,0.7315442533867611
smo_obe,42660,1.3651120790439495e-05,0.0007044726121235567
smo_obe,43580,0.9899575471795627,0.00961108678644886
smo_obe,43620,0.9328784081439341,0.0010582687927172907
smo_obe,44060,0.9328604270459497,3.832867443854256e-06
smo_obe,44140,0.26433608378690143,0.2638771704477534
smo_obe,45780,0.9840592972679468,2.8288952041000983e-12
smo_obe,45820,1.0,1.0
smo_obe,46140,0.08334582664793194,0.0018855747927934699
smo_obe,47260,0.8567636812794949,0.11217064296304807
smo_obe,48620,0.43721379338662647,0.00014712615481398357
smo_obe,49340,0.9173329065113954,0.0
smo_obe_dia,10740,0.9952302161199262,0.0
smo_obe_dia,11260,1.2978575724529498e-10,0.7949557154961056
smo_obe_dia,12060,0.9409142375273414,0.9471577721603814
smo_obe_dia,12260,0.19978686935572665,0.019418666241347245
smo_obe_dia,12420,0.3822431324273754,0.11141077500735974
smo_obe_dia,12580,0.7125069118692456,0.019700343700849443
smo_obe_dia,12940,0.24158353711953823,0.12148260136530353
smo_obe_dia,13740,0.9987999027441529,0.0
smo_obe_dia,13820,7.531715737064023e-06,0.0779181191902845
smo_obe_dia,13900,0.20371296753865747,0.0
smo_obe_dia,14260,1.0,0.0
smo_obe_dia,14460,0.24155275023389722,0.4365435883093789
smo_obe_dia,15540,0.41957683087762404,0.7017921608551856
smo_obe_dia,16620,1.960276942759818e-11,0.08552647032889321
smo_obe_dia,16700,0.1509783145519497,8.188138146207662e-05
smo_obe_dia,16740,0.9919175148171596,0.6515047930758426
smo_obe_dia,16980,0.24347211532874596,0.26379473498350237
smo_obe_dia,17140,0.9673378325766854,0.9457088484667486
smo_obe_dia,17820,0.07727243875209114,0.9989715270779366
smo_obe_dia,18140,0.8503239119998798,4.298821579836427e-30
smo_obe_dia,19100,0.9506554418672775,0.0
smo_obe_dia,19740,0.00389928440212646,0.0
smo_obe_dia,19780,0.984464646204991,8.261605667460107e-15
smo_obe_dia,19820,0.40006779650693747,0.67509763184313
smo_obe_dia,20260,0.7920544807072609,1.8285486189795416e-05
smo_obe_dia,22020,2.970095879007402e-25,0.9927348420629128
smo_obe_dia,22220,0.9978087050317167,2.347020144525667e-20
smo_obe_dia,24340,0.0,0.0
smo_obe_dia,24860,0.9924686048508479,0.9671155713813596
smo_obe_dia,25180,1.0,0.0010344297987982603
smo_obe_dia,26420,0.28957472513198756,0.48708387395917885
smo_obe_dia,26580,0.5093018277672842,1.2313584060666215e-10
smo_obe_dia,26900,0.867329989039572,0.0006390741730203208
smo_obe_dia,28140,0.9966246036569518,0.0
smo_obe_dia,28940,1.0,0.05812339676613358
smo_obe_dia,30700,0.6741716470534466,0.9841871006897643
smo_obe_dia,30780,0.9726754535926859,0.9256502261973719
smo_obe_dia,31080,0.9684119250793942,0.5400666554213298
smo_obe_dia,31140,0.38564346875065636,0.0
smo_obe_dia,32820,0.3428542712354158,0.0
smo_obe_dia,33340,0.010176517272624839,0.5668505150493303
smo_obe_dia,33460,0.17447190960190173,0.0
smo_obe_dia,34980,0.9861389135627942,1.971829969016801e-28
smo_obe_dia,35380,0.536227683867472,2.5572431307559792e-05
smo_obe_dia,35620,0.9174541549480599,0.14392758344215612
smo_obe_dia,36260,0.02506018789739361,0.03377437735268269
smo_obe_dia,36420,0.6313920651855542,0.0
smo_obe_dia,36540,0.9800635681616996,1.0
smo_obe_dia,37980,0.3620801807611955,0.0012429752608433286
smo_obe_dia,38060,0.9499109259512588,0.0
smo_obe_dia,38300,4.098371345474148e-09,0.0011595606889871336
smo_obe_dia,38860,0.9990738447730725,4.897879443448665e-14
smo_obe_dia,38900,0.4733159499270855,0.0
smo_obe_dia,39300,0.9149476428019339,0.0
smo_obe_dia,39340,0.004581172657166589,0.03526906946233438
smo_obe_dia,39660,0.9850402168220561,1.3504840638682216e-07
smo_obe_dia,39900,0.24284135394042738,0.01573533801741139
smo_obe_dia,40060,0.9410777206503476,1.5853109918943818e-16
smo_obe_dia,41180,0.030295467886814916,0.00435329494733922
smo_obe_dia,41620,0.9648631245385219,0.0
smo_obe_dia,41700,0.012959884212798822,0.8945595140179933
smo_obe_dia,42660,0.9308385407044445,0.2933658291010439
smo_obe_dia,43580,0.990150104233536,0.010003427061559754
smo_obe_dia,43620,0.9347142777485478,0.0010752320126955475
smo_obe_dia,44060,0.9362810820295728,7.191023168176616e-08
smo_obe_dia,44140,0.26084802529162965,0.26107727618288123
smo_obe_dia,45780,0.010550955944676756,1.5298444645332927e-10
smo_obe_dia,45820,0.9990862159290504,0.9990873427230919
smo_obe_dia,46140,0.007581670473337729,0.01341261896368483
smo_obe_dia,47260,0.933518840407399,0.11837892043430082
smo_obe_dia,48620,0.4453496435887072,0.00010318833915608729
smo_obe_dia,49340,0.920466099032021,0.0
some_college,10740,4.471994694271119e-15,0.637092762336454
some_college,11260,0.9988393969880495,4.555264231021205e-06
some_college,12060,1.0,0.0
some_college,12260,0.008319618621464001,0.00831961862146519
some_college,12420,0.1482578714919387,0.06872827890031628
some_college,12580,1.0,0.6223414139369221
some_college,12940,0.0717745756825201,5.6551637038440236e-11
some_college,13740,0.42253048829566014,0.0
some_college,13820,0.7517327626960417,1.8329115357081406e-21
some_college,13900,0.13998260796441775,0.00013235108328277944
some_college,14260,0.4821916559759163,2.394794999721823e-05
some_college,14460,1.0978192770064638e-17,0.0
some_college,15540,0.4316504791999217,5.481237490808015e-07
some_college,16620,0.7703006949852647,0.013141384167096828
some_college,16700,0.21668375740099655,0.028141729636517458
some_college,16740,0.9954952994114288,0.0013865289956402644
some_college,16980,0.9990599538005207,0.0
some_college,17140,0.010737505637938285,0.0002549562857563844
some_college,17820,0.20757237791927263,0.0006908295485644822
some_college,18140,0.8236135405861583,0.0
some_college,19100,0.7172199926674303,0.8379117931188182
some_college,19740,2.3217850093082475e-10,0.016826949477931757
some_college,19780,0.9268755986060391,0.0
some_college,19820,0.917724328066764,1.964597870273968e-06
some_college,20260,0.31960865285490525,8.709321613275401e-07
some_college,22020,0.9953413404093668,0.7823615338010572
some_college,22220,0.7013729214870597,0.0012837685366840807
some_college,24340,0.8785543898455239,0.003910847296981577
some_college,24860,0.6441286231794006,0.004309297848672298
some_college,25180,1.7315565385308022e-10,1.1543196667206553e-24
some_college,26420,0.99682397638031,0.0
some_college,26580,1.0,0.07683156860155148
some_college,26900,0.0018421023860679471,0.0008075058274522505
some_college,28140,0.9509176545821606,6.762113778743394e-08
some_college,28940,0.9890664805902737,6.320651808049595e-08
some_college,30700,0.9895532512999914,1.0
some_college,30780,8.239338032145637e-11,1.5260920754245557e-26
some_college,31080,0.030858952796957148,4.5229906138509354e-08
some_college,31140,0.9690157337030433,0.036480093220517096
some_college,32820,1.0,4.0216092895292965e-30
some_college,33340,0.9990656498711873,0.0
some_college,33460,6.764968346764292e-06,0.0
some_college,34980,0.9653475140852905,2.8330853370240334e-10
some_college,35380,0.0007458219235919239,0.0007458219235919239
some_college,35620,1.918628475898758e-29,0.6398631016225966
some_college,36260,0.998389367178954,0.02099256558134909
some_college,36420,0.3251578039296238,0.043756465944730476
some_college,36540,0.8640215280533792,0.02419614383304532
some_college,37980,0.776889015083041,1.478145362725405e-09
some_college,38060,0.1279326777952316,0.0
some_college,38300,0.404961520384021,0.0
some_college,38860,0.9986665181947747,0.9921583916752915
some_college,38900,7.72631142484996e-06,7.726311424847963e-06
some_college,39300,0.9955930336348108,0.06642531479652036
some_college,39340,0.991520593700491,0.9967899738546316
some_college,39660,0.9219771543899524,1.0285395465734027e-14
some_college,39900,0.9784361447801726,0.0
some_college,40060,0.16220274679546215,0.09118219905481484
some_college,41180,2.4447332130561157e-19,0.11437707097026523
some_college,41620,0.16623628324636536,0.0058116274376215395
some_college,41700,0.36171654451057356,0.16291886945184286
some_college,42660,1.0,1.837582234077842e-28
some_college,43580,0.9641274703581421,0.9756291708028364
some_college,43620,1.0,1.7247013506109499e-09
some_college,44060,0.691545394804141,0.2677324381842443
some_college,44140,0.3799998637463417,0.9972889012185914
some_college,45780,0.0002591162751268192,0.04677705362669989
some_college,45820,0.9855483890762426,0.01687068361466068
some_college,46140,0.0660242597996289,0.4237208359845562
some_college,47260,0.5513943272103585,0.7391089783892868
some_college,48620,1.0,0.9988021770787647
some_college,49340,0.07906237961966167,0.013192337513327917
sti,10740,0.9434705712877198,0.3557814483784252
sti,11260,0.00411493982053618,8.413534147157652e-07
sti,12060,0.047344753090457256,0.047344753090457256
sti,12260,5.006688170281535e-09,7.78446680546505e-10
sti,12420,0.00026194203904651427,0.00026194203904650754
sti,12580,0.9138531035950417,0.0
sti,12940,0.054983234659236185,0.06259421493020534
sti,13740,0.7599513719298199,0.04729489649348981
sti,13820,3.5334018548298826e-05,0.00324302611497596
sti,13900,0.0009203657867217495,0.0009203657867217495
sti,14260,0.9835484271572803,0.949987115957121
sti,14460,0.9957613768124518,2.3020492369298548e-08
sti,15540,0.1724043035252532,0.009342107720211731
sti,16620,0.00844951765860095,0.006836200903449365
sti,16700,0.3715105201340931,0.0
sti,16740,0.30385513432126393,1.131040981722943e-14
sti,16980,0.0,4.673868340931918e-19
sti,17140,0.376652749373374,0.003420412752667698
sti,17820,0.3827481728487461,0.4390817630234698
sti,18140,0.1572315073998734,0.8658115232742849
sti,19100,0.9412260157945602,0.0
sti,19740,0.5739099913181019,0.010643334070894548
sti,19780,0.09987927607553843,0.0
sti,19820,0.0005748815413214544,0.0035050798873973712
sti,20260,0.062433187403940806,0.15616057441445824
sti,22020,0.31805981101511477,0.020825556563651666
sti,22220,0.6043463894774637,1.3429302669728874e-06
sti,24340,0.0038512769577088587,0.0038512769577088188
sti,24860,0.04889440381253333,0.04077259823112499
sti,25180,0.9446817691763537,0.6335273461783989
sti,26420,0.02205039780088671,0.02205039780088671
sti,26580,0.6751369864232012,0.677041843308613
sti,26900,0.0012956272902023666,0.0012956272902023666
sti,28140,0.0,1.3694967582702026e-17
sti,28940,0.026953003062507648,2.8729640074149914e-08
sti,30700,0.002764206261323154,0.0027642062613231406
sti,30780,0.9962759769508219,0.2013723324832819
sti,31080,0.9635880295772472,0.22067406063865364
sti,31140,0.0114621409843012,0.0001713180738853195
sti,32820,0.0,1.5522946055699146e-14
sti,33340,1.442471694472834e-14,1.44247169447324e-14
sti,33460,0.783121534368192,0.8750214711623485
sti,34980,0.6534409923347761,0.8017464884966736
sti,35380,0.9915221829464657,0.002283600279153926
sti,35620,1.0,0.9990837664210196
sti,36260,0.0,0.01997922109468381
sti,36420,5.336808019021268e-09,9.16569090600068e-08
sti,36540,0.4493767538776034,0.44856982554930785
sti,37980,0.98133013858381,1.8299874081574954e-09
sti,38060,0.9986014043373767,0.0015786122335711037
sti,38300,0.23704803778963768,0.01510129270733015
sti,38860,7.271681109487937e-23,1.4672207191363928e-07
sti,38900,1.0,0.04757635337110028
sti,39300,0.010047783505580016,0.002914993479097264
sti,39340,0.010796951711418598,0.010796951711417993
sti,39660,0.17069710828899953,0.003987113917848552
sti,39900,0.3564305293692792,0.7370790745017062
sti,40060,0.9222933692564825,0.10070288784102865
sti,41180,0.920976704650832,0.0
sti,41620,0.16686005500189377,1.0396147741095497e-12
sti,41700,0.9150536632280339,0.1193381500099771
sti,42660,8.466126047718288e-06,0.049206359006790885
sti,43580,0.9763059765718868,4.5138783093904846e-05
sti,43620,0.009397016192505724,0.009397016192505724
sti,44060,0.289755849994491,0.06558331823108098
sti,44140,0.0,7.616266791550077e-05
sti,45780,0.6195859692786881,0.008625714927492516
sti,45820,0.6742904653949257,0.5523172757114116
sti,46140,2.170187908558716e-06,0.02711761139390561
sti,47260,0.9207640978206105,3.482008081550817e-08
sti,48620,0.22795221781274055,0.29109893553522337
sti,49340,0.43030378918959256,0.012488981784188388
unemployment,10740,2.3584037994438035e-07,2.3584037994432786e-07
unemployment,11260,0.5955730482298258,0.00020299322498651886
unemployment,12060,0.23555452770930496,0.01621045789946814
unemployment,12260,1.0,1.0
unemployment,12420,0.4240164929023173,0.17320889136622913
unemployment,12580,0.0,0.0
unemployment,12940,0.14316618074615173,0.3014052054929386
unemployment,13740,1.6048916724927377e-09,1.6048916724925796e-09
unemployment,13820,0.0,1.3841934699453277e-15
unemployment,13900,0.0,0.0
unemployment,14260,0.9953301640975901,0.6555557407257857
unemployment,14460,0.20283205004178972,0.1784579189092712
unemployment,15540,0.11914009200055253,0.007587413277199
unemployment,16620,0.0,0.00011995211020397413
unemployment,16700,0.998858700408983,0.027411456133421244
unemployment,16740,0.0011408699767708147,1.5426119773361153e-17
unemployment,16980,0.6959239220651963,0.7303445990917672
unemployment,17140,0.1034130130487192,0.31501164566864404
unemployment,17820,0.0020025537691954753,0.001507185500585717
unemployment,18140,1.4767516676115189e-28,0.0
unemployment,19100,0.16533501312831045,0.049744126284060886
unemployment,19740,7.372118492083666e-30,9.751059629035828e-20
unemployment,19780,0.136405302101683,0.3430614511334039
unemployment,19820,0.5170016208120897,0.031564545037152565
unemployment,20260,8.252882943708812e-15,8.252882943708577e-15
unemployment,22020,0.9943598891241434,0.9986429068972983
unemployment,22220,0.9388907282680043,2.2148838038796203e-07
unemployment,24340,0.010610800510633346,0.010610800510633971
unemployment,24860,0.9818235984662925,0.8115881384474213
unemployment,25180,0.064849195126499,0.0
unemployment,26420,0.2277122327327653,0.19003309314917016
unemployment,26580,0.16182972862400913,0.04298616139753607
unemployment,26900,0.4240944569786445,0.28727941287704917
unemployment,28140,0.9940980744494203,2.2272713651550063e-10
unemployment,28940,0.6361900808582501,0.0017084860744118649
unemployment,30700,0.9874119450354218,0.9589073018849346
unemployment,30780,1.0,0.12044215710866096
unemployment,31080,0.3435131334384425,0.33896104233436825
unemployment,31140,0.004772045916529305,2.153308529318116e-13
unemployment,32820,1.0766368530016203e-05,0.0213731974119319
unemployment,33340,0.2389399958639455,0.0
unemployment,33460,0.015400721943597229,0.08640016602818168
unemployment,34980,0.7590893194214017,0.7582425143173178
unemployment,35380,0.7268865653427392,8.062605608772395e-06
unemployment,35620,0.001714168072874779,0.0017141680728746528
unemployment,36260,0.9523150160183128,1.2821075255462567e-05
unemployment,36420,0.5243274774751886,0.0034193039154781103
unemployment,36540,0.41366553946351875,0.004208307399913736
unemployment,37980,0.011806190967223951,0.001609072564313118
unemployment,38060,0.9370164635747961,0.9286124076811152
unemployment,38300,0.6462453568624904,0.5069235544267049
unemployment,38860,0.25355233521856113,0.13946323318689596
unemployment,38900,1.0,0.9749959951720052
unemployment,39300,0.32096951035786697,0.21980981574572755
unemployment,39340,0.9890178192685598,8.750295991643522e-15
unemployment,39660,0.00022154765274028053,0.029540515145194037
unemployment,39900,0.9917613034347847,0.9914107928319028
unemployment,40060,0.00012485583735309381,0.00012485583735309284
unemployment,41180,0.993387270898153,7.734593010517474e-27
unemployment,41620,0.832214523424939,9.174202157009339e-08
unemployment,41700,0.44244084814810186,0.03845418842316134
unemployment,42660,0.9990880693979224,0.5404198215299802
unemployment,43580,0.5279043441848741,0.294393032675641
unemployment,43620,0.2627793150901355,0.018269345534936293
unemployment,44060,0.998883045700539,0.0015227483565828095
unemployment,44140,0.20698367016201374,0.18866469923917617
unemployment,45780,0.7493559631270037,0.766006974669668
unemployment,45820,0.013402739943143652,2.9596993248444615e-19
unemployment,46140,0.2683304912944543,0.03142042478725081
unemployment,47260,0.1259139852066204,3.433936797214606e-09
unemployment,48620,1.0,4.48945295960055e-06
unemployment,49340,0.3292249568443135,0.25864733817238184
