factor,cbsacode,adf_p_original,adf_p_final,detrend_applied
Park_Area_Acres,10740,0.9925737814562162,0.16184872817551482,linear
Park_Area_Acres,11260,2.70073561423559e-10,2.70073561423559e-10,no
Park_Area_Acres,12060,1.7928410542178436e-06,1.7928410542178436e-06,no
Park_Area_Acres,12260,0.01202630057536751,0.01202630057536751,no
Park_Area_Acres,12420,0.9988792012115263,0.9920444767467482,linear
Park_Area_Acres,12580,1.0,0.0,linear
Park_Area_Acres,12940,4.055298314136466e-07,4.055298314136466e-07,no
Park_Area_Acres,13740,0.004713391679807978,0.004713391679807978,no
Park_Area_Acres,13820,0.9990859782194009,0.44029992168938653,linear
Park_Area_Acres,13900,0.10498332439220531,0.03776991994984236,linear
Park_Area_Acres,14260,1.0,5.761903804984761e-11,linear
Park_Area_Acres,14460,1.0,0.7387933620454895,linear
Park_Area_Acres,15540,0.9940595765427476,0.8226390464675137,linear
Park_Area_Acres,16620,0.0,0.0,no
Park_Area_Acres,16700,0.0029136118771256147,0.0029136118771256147,no
Park_Area_Acres,16740,0.998374793223033,0.884461301526089,linear
Park_Area_Acres,16980,0.03214841333334071,0.03214841333334071,no
Park_Area_Acres,17140,0.19813824771515615,0.9988767393684151,linear
Park_Area_Acres,17820,1.0,1.0,linear
Park_Area_Acres,18140,0.38100432667896944,0.9648248651906925,linear
Park_Area_Acres,19100,0.9953008777027417,0.23358093047058243,linear
Park_Area_Acres,19740,0.9983643431516803,0.2531166863466202,linear
Park_Area_Acres,19780,1.001316927623434e-11,1.001316927623434e-11,no
Park_Area_Acres,19820,0.9912625985469907,0.6542069170676186,linear
Park_Area_Acres,20260,0.9932194301640015,0.010722203890595887,linear
Park_Area_Acres,22020,0.9987387550457505,1.0,linear
Park_Area_Acres,22220,1.0,0.7667891789244475,linear
Park_Area_Acres,24340,0.18457582482018836,0.10966346275508804,linear
Park_Area_Acres,24860,1.0,0.9990729964509419,linear
Park_Area_Acres,25180,1.0,0.25286954549599006,linear
Park_Area_Acres,26420,0.8668041529903523,4.599791316495092e-30,linear
Park_Area_Acres,26580,1.0091156399086119e-08,1.0091156399086119e-08,no
Park_Area_Acres,26900,0.9623892987057492,0.34292307673680406,linear
Park_Area_Acres,28140,0.7166914236201354,0.7665289568723763,linear
Park_Area_Acres,28940,0.0133431669744782,0.0133431669744782,no
Park_Area_Acres,30700,1.5827117192669127e-06,1.5827117192669127e-06,no
Park_Area_Acres,30780,0.8869350859989398,0.016727733209059792,linear
Park_Area_Acres,31080,0.9899365006216069,0.6730228589443549,linear
Park_Area_Acres,31140,0.9615090875281239,0.9477669767027949,linear
Park_Area_Acres,32820,0.21779485361740125,3.1158232229522442e-06,linear
Park_Area_Acres,33340,0.99892953403866,0.3759095186126393,linear
Park_Area_Acres,33460,1.0,0.07587805815668554,linear
Park_Area_Acres,34980,0.8457549724759625,0.6915165211173491,linear
Park_Area_Acres,35380,0.4830942814269005,0.42629630732691115,linear
Park_Area_Acres,35620,0.9851330814181929,0.4954356177330037,linear
Park_Area_Acres,36260,0.6574694274203251,0.18452834553928915,linear
Park_Area_Acres,36420,0.02055309612619952,0.02055309612619952,no
Park_Area_Acres,36540,0.9657413890289535,0.31084106608243434,linear
Park_Area_Acres,37980,1.0,0.7680458351965395,linear
Park_Area_Acres,38060,0.9373118326758227,0.10347911948423966,linear
Park_Area_Acres,38300,0.48057613386380543,0.0004231401530432042,linear
Park_Area_Acres,38860,0.022776242301871936,0.022776242301871936,no
Park_Area_Acres,38900,1.0,1.0,linear
Park_Area_Acres,39300,0.9989818846753951,0.28345066431655774,linear
Park_Area_Acres,39340,0.8534176137322613,0.8403899243906057,linear
Park_Area_Acres,39660,0.8351949140171397,9.674129769667245e-08,linear
Park_Area_Acres,39900,0.9988954049775585,0.788508496054855,linear
Park_Area_Acres,40060,1.0,0.04870906662472189,linear
Park_Area_Acres,41180,0.6442110723067301,8.55092878044628e-05,linear
Park_Area_Acres,41620,0.9905884831668885,0.10451559811965688,linear
Park_Area_Acres,41700,0.02858962814756938,0.02858962814756938,no
Park_Area_Acres,42660,1.0,0.001255575305928029,linear
Park_Area_Acres,43580,0.34867003660914486,0.9935091753350004,linear
Park_Area_Acres,43620,0.9964215159389039,0.9935511185408026,linear
Park_Area_Acres,44060,1.0,1.0,linear
Park_Area_Acres,44140,1.0,0.30868355095526323,linear
Park_Area_Acres,45780,0.9897004972826497,0.8359661895950485,linear
Park_Area_Acres,45820,0.9353909472185826,0.21812787048639537,linear
Park_Area_Acres,46140,0.9947520728537856,8.774346962790748e-17,linear
Park_Area_Acres,47260,0.999082184211094,0.4927067740724899,linear
Park_Area_Acres,48620,0.9855937598631899,0.006228109766538887,linear
Park_Area_Acres,49340,0.9975303397235441,0.6759465097273134,linear
Weighted_RESP,10740,1.0,0.9990644915609173,linear
Weighted_RESP,11260,0.9422452332877409,0.23592866394314999,linear
Weighted_RESP,12060,0.05055800407717118,0.3859071404639239,linear
Weighted_RESP,12260,0.7364464836618826,0.7191681875532905,linear
Weighted_RESP,12420,0.9030274076621838,0.18361980730748112,linear
Weighted_RESP,12580,1.0,0.6090731264860194,linear
Weighted_RESP,12940,0.9792398325940098,0.36093354132074995,linear
Weighted_RESP,13740,0.013996224367751858,0.013996224367751858,no
Weighted_RESP,13820,0.998999913318114,1.0,linear
Weighted_RESP,13900,1.9403222772652204e-10,1.9403222772652204e-10,no
Weighted_RESP,14260,1.0,1.300001892999475e-18,linear
Weighted_RESP,14460,0.9521824584298226,0.837490792275558,linear
Weighted_RESP,15540,0.9654772677063687,0.08107161627674453,linear
Weighted_RESP,16620,0.021546637304389132,0.021546637304389132,no
Weighted_RESP,16700,0.43438437367808774,0.8331851752763183,linear
Weighted_RESP,16740,0.2150220210866216,0.9774771716154588,linear
Weighted_RESP,16980,0.7431465950356225,0.2477956176043858,linear
Weighted_RESP,17140,1.0,1.0,linear
Weighted_RESP,17820,1.0,1.0,linear
Weighted_RESP,18140,1.0175117647188322e-07,1.0175117647188322e-07,no
Weighted_RESP,19100,0.0003336228102822219,0.0003336228102822219,no
Weighted_RESP,19740,0.9881703867147524,4.6621148160657106e-30,linear
Weighted_RESP,19780,0.0,0.0,no
Weighted_RESP,19820,0.6713092676766719,0.8533175864285396,linear
Weighted_RESP,20260,0.9878247042454809,0.3356123977761837,linear
Weighted_RESP,22020,0.9969296820504178,1.0,linear
Weighted_RESP,22220,0.9989692735266976,0.8434685818092028,linear
Weighted_RESP,24340,0.5511723484611841,0.35304330435759823,linear
Weighted_RESP,24860,0.006235089169903947,0.006235089169903947,no
Weighted_RESP,25180,0.002298797680696363,0.002298797680696363,no
Weighted_RESP,26420,0.9715260217298901,4.93096780415383e-14,linear
Weighted_RESP,26580,1.0,0.0,linear
Weighted_RESP,26900,0.8506142834931559,0.0043464805176420445,linear
Weighted_RESP,28140,0.11940506013598245,0.7942953035188126,linear
Weighted_RESP,28940,1.0,0.6185499116043316,linear
Weighted_RESP,30700,8.338571822495469e-08,8.338571822495469e-08,no
Weighted_RESP,30780,0.8795951932276691,6.318931657965664e-10,linear
Weighted_RESP,31080,1.0,0.29322560832958117,linear
Weighted_RESP,31140,0.08227988593477881,0.08412339716005723,linear
Weighted_RESP,32820,0.9819235103674746,0.07279616819557001,linear
Weighted_RESP,33340,0.07498799174748888,0.9150667823818361,linear
Weighted_RESP,33460,0.9990839367164039,0.044615376663732935,linear
Weighted_RESP,34980,0.6478521846974612,0.7152553175180378,linear
Weighted_RESP,35380,0.9916468137458313,0.4384220812191643,linear
Weighted_RESP,35620,1.0,0.2855870540985515,linear
Weighted_RESP,36260,0.9990873984203115,0.6268396637446725,linear
Weighted_RESP,36420,0.34909149386315197,0.44635100899009017,linear
Weighted_RESP,36540,0.2849826532295887,0.9967943168919409,linear
Weighted_RESP,37980,0.027248971777433,0.027248971777433,no
Weighted_RESP,38060,0.3706543009534078,0.22347858767407147,linear
Weighted_RESP,38300,2.129990247981667e-05,2.129990247981667e-05,no
Weighted_RESP,38860,0.00013857949154325958,0.00013857949154325958,no
Weighted_RESP,38900,0.0,0.0,no
Weighted_RESP,39300,2.8677390178398945e-13,2.8677390178398945e-13,no
Weighted_RESP,39340,0.9826948159996942,0.8523831148633045,linear
Weighted_RESP,39660,0.9956036921552442,0.9883021338391295,linear
Weighted_RESP,39900,1.0,0.7397193126005235,linear
Weighted_RESP,40060,0.47093156348152254,0.22400357386542008,linear
Weighted_RESP,41180,0.009539734966346896,0.009539734966346896,no
Weighted_RESP,41620,0.9970823561747832,0.07719840080848205,linear
Weighted_RESP,41700,0.3796927159662205,0.9907186644434547,linear
Weighted_RESP,42660,1.0,2.6988941912250344e-05,linear
Weighted_RESP,43580,0.31769624225809867,0.343423623384624,linear
Weighted_RESP,43620,0.9962642902956259,0.9970286104657688,linear
Weighted_RESP,44060,1.0,1.0,linear
Weighted_RESP,44140,0.9984965003538234,0.06612952835015869,linear
Weighted_RESP,45780,0.026231941270655063,0.026231941270655063,no
Weighted_RESP,45820,0.95314291076309,0.0002329374262510623,linear
Weighted_RESP,46140,4.80325906936875e-10,4.80325906936875e-10,no
Weighted_RESP,47260,0.8609287689169329,0.033433767060837345,linear
Weighted_RESP,48620,0.9552797656681762,0.18894295709681264,linear
Weighted_RESP,49340,0.98557474569429,7.67545296224354e-05,linear
children_single_parent,10740,0.9927233545736732,0.5988410733093311,linear
children_single_parent,11260,0.0,0.0,no
children_single_parent,12060,0.9975664425756957,0.9989021721823476,linear
children_single_parent,12260,0.6941108243712181,0.6850017415960137,linear
children_single_parent,12420,0.9330231283382835,0.012299800604825575,linear
children_single_parent,12580,0.9306911056261982,0.9989472122722293,linear
children_single_parent,12940,0.7279818764134033,6.062756227228036e-08,linear
children_single_parent,13740,0.9139419932510072,0.5161965967456881,linear
children_single_parent,13820,0.0048465200596968265,0.0048465200596968265,no
children_single_parent,13900,0.9954085907592832,0.011917146653484608,linear
children_single_parent,14260,0.9886815396932678,0.9908477530831024,linear
children_single_parent,14460,0.8099206731082581,0.8096877181041235,linear
children_single_parent,15540,0.9410151895300993,8.728783080760663e-24,linear
children_single_parent,16620,0.025530766714875513,0.025530766714875513,no
children_single_parent,16700,0.9990055309912921,0.9989993831706406,linear
children_single_parent,16740,0.17691915849917994,0.04851380746738644,linear
children_single_parent,16980,0.25886820573088687,0.2438414163567884,linear
children_single_parent,17140,0.9915123612826071,0.9903752319060171,linear
children_single_parent,17820,0.5506279343714927,0.4747807345927377,linear
children_single_parent,18140,4.8324410759729925e-08,4.8324410759729925e-08,no
children_single_parent,19100,0.9923165607726455,0.2726088250212245,linear
children_single_parent,19740,0.9833309198290965,0.47378893765331953,linear
children_single_parent,19780,0.6892076135983322,0.6961766157898797,linear
children_single_parent,19820,0.3010802388748709,0.002388194373197445,linear
children_single_parent,20260,0.9625373672814659,0.000427018077135684,linear
children_single_parent,22020,0.2958131235248656,1.460447515726394e-07,linear
children_single_parent,22220,0.13366373533331438,0.658071759823404,linear
children_single_parent,24340,0.8199831643767429,0.7969235617959587,linear
children_single_parent,24860,6.567124083950448e-23,6.567124083950448e-23,no
children_single_parent,25180,1.0,1.0,linear
children_single_parent,26420,0.1687808865615667,0.0,linear
children_single_parent,26580,0.24010824289666088,0.9704591284865802,linear
children_single_parent,26900,0.0,0.0,no
children_single_parent,28140,0.17520501500362912,0.12332834647156948,linear
children_single_parent,28940,0.8619056909932548,3.521327489330645e-30,linear
children_single_parent,30700,0.4526180414430955,0.34936371223739815,linear
children_single_parent,30780,0.20659346979525617,0.1309606224241242,linear
children_single_parent,31080,0.3788321398537337,0.102587965072516,linear
children_single_parent,31140,0.6048719544860129,0.5952144641509511,linear
children_single_parent,32820,0.970173785974239,0.9696300140708983,linear
children_single_parent,33340,0.39824684707264874,0.17524073864440398,linear
children_single_parent,33460,0.15727297466266,0.7921076210283496,linear
children_single_parent,34980,0.9978206155736611,0.9979290613276599,linear
children_single_parent,35380,0.9732050899728772,0.15468882113226107,linear
children_single_parent,35620,0.5126615029793126,0.8944992121786592,linear
children_single_parent,36260,0.7484081153302821,0.8189467352343356,linear
children_single_parent,36420,0.9418516402489162,0.9349472861738514,linear
children_single_parent,36540,0.9867487288161096,0.09049992593539341,linear
children_single_parent,37980,1.0,0.9990720835458156,linear
children_single_parent,38060,1.0,1.0,linear
children_single_parent,38300,0.29771360181821205,0.1913690014844623,linear
children_single_parent,38860,0.9897358865196634,0.9854121496913826,linear
children_single_parent,38900,0.6787009777661449,0.6507985424751153,linear
children_single_parent,39300,0.4564840938387412,0.6243889683040456,linear
children_single_parent,39340,0.08347521430597077,0.609264248322998,linear
children_single_parent,39660,0.8932352598555016,0.46320296707851055,linear
children_single_parent,39900,1.0,1.0,linear
children_single_parent,40060,0.8383577692323562,0.7680784096925425,linear
children_single_parent,41180,0.8438427120905498,0.8675118479475344,linear
children_single_parent,41620,0.9933581602812894,0.9947296782504963,linear
children_single_parent,41700,1.2899586460885754e-05,1.2899586460885754e-05,no
children_single_parent,42660,0.5825505561028741,0.595259716970912,linear
children_single_parent,43580,0.6130346808989654,0.23572661341562223,linear
children_single_parent,43620,0.15938326053125162,0.037721846676603527,linear
children_single_parent,44060,0.45052115985849134,0.4985015387602212,linear
children_single_parent,44140,0.27747222362058754,0.8592368185963637,linear
children_single_parent,45780,0.015184728722060664,0.015184728722060664,no
children_single_parent,45820,0.7966901187138318,0.903842535646696,linear
children_single_parent,46140,0.9263195490387124,0.17624071582878947,linear
children_single_parent,47260,1.0,0.9839740143640209,linear
children_single_parent,48620,0.26335559075785214,0.12455301625341586,linear
children_single_parent,49340,0.6233170180014614,0.6253980806144436,linear
depressed,10740,0.17455130971533017,0.07446990786555197,linear
depressed,11260,0.036532109641900276,0.036532109641900276,no
depressed,12060,3.772754287276039e-09,3.772754287276039e-09,no
depressed,12260,0.665590226787375,4.341401838314033e-09,linear
depressed,12420,0.4105175781847389,0.10294786322530419,linear
depressed,12580,0.6451628408050085,0.276253069288397,linear
depressed,12940,0.6268435392642527,0.0035001473152556544,linear
depressed,13740,0.18305506019255813,0.01404751328461936,linear
depressed,13820,0.9899419568928304,0.0012187517385194083,linear
depressed,13900,0.5480318140527982,0.27236504668917716,linear
depressed,14260,0.00016516649611491245,0.00016516649611491245,no
depressed,14460,0.05809924786640328,0.0580967908454836,linear
depressed,15540,0.15251049558466023,0.10627996590865713,linear
depressed,16620,2.5198873877454465e-28,2.5198873877454465e-28,no
depressed,16700,0.6479981042334344,0.0033326065522078217,linear
depressed,16740,0.0685771823369357,0.008954363379895908,linear
depressed,16980,0.061369092023261594,6.975373063788198e-05,linear
depressed,17140,0.47996786768997945,0.5815007951753528,linear
depressed,17820,0.32690124587423564,0.43088620895813445,linear
depressed,18140,1.0286580756004425e-05,1.0286580756004425e-05,no
depressed,19100,0.08389496477444713,0.19842558583127462,linear
depressed,19740,0.1196343208089472,0.01398275062498042,linear
depressed,19780,2.044552310638489e-19,2.044552310638489e-19,no
depressed,19820,0.9744202691229733,0.6474761606643618,linear
depressed,20260,5.67943687496979e-06,5.67943687496979e-06,no
depressed,22020,0.2965261878363312,0.1882942257682368,linear
depressed,22220,1.3230699941750277e-23,1.3230699941750277e-23,no
depressed,24340,0.05354215308173569,0.00030097396728762793,linear
depressed,24860,0.8560694255234069,0.0009246656194755218,linear
depressed,25180,0.1597664836063516,5.365432901008409e-05,linear
depressed,26420,0.016239404237709972,0.016239404237709972,no
depressed,26580,0.00043854635240681337,0.00043854635240681337,no
depressed,26900,0.005366180197472296,0.005366180197472296,no
depressed,28140,0.07717225002630322,0.030166851378891853,linear
depressed,28940,0.9990085558747259,0.00012173686969816914,linear
depressed,30700,0.9988357637976409,0.0,linear
depressed,30780,0.9990075349473704,0.2877285445198122,linear
depressed,31080,0.72420796514833,4.627851601845741e-11,linear
depressed,31140,8.079772813017146e-07,8.079772813017146e-07,no
depressed,32820,0.0,0.0,no
depressed,33340,0.7091088484345429,0.6375601212641292,linear
depressed,33460,0.16007373212389947,0.08715363475340099,linear
depressed,34980,0.001752451262562358,0.001752451262562358,no
depressed,35380,1.0,0.0003970359264129524,linear
depressed,35620,0.11088055490987525,0.04477246744489317,linear
depressed,36260,0.18541798938177734,9.564885182197701e-05,linear
depressed,36420,1.20858814724897e-19,1.20858814724897e-19,no
depressed,36540,0.8509582767034751,0.02436114272553984,linear
depressed,37980,0.5958702827696589,0.18874021876714925,linear
depressed,38060,0.07303464556049913,0.005330819540287242,linear
depressed,38300,2.984527798040835e-05,2.984527798040835e-05,no
depressed,38860,0.2825992898655427,0.009280626015432288,linear
depressed,38900,0.9978353663575134,0.990073958195943,linear
depressed,39300,0.1957726818661651,0.06480424708041908,linear
depressed,39340,0.223579635754524,9.768072904513852e-23,linear
depressed,39660,3.0362847540125433e-07,3.0362847540125433e-07,no
depressed,39900,0.0009585720899379409,0.0009585720899379409,no
depressed,40060,0.8006693039198631,9.29283545535324e-11,linear
depressed,41180,0.7670897441607181,0.0,linear
depressed,41620,0.046859935750199706,0.046859935750199706,no
depressed,41700,0.9952007585506999,0.2945149848588352,linear
depressed,42660,0.9979375846745248,0.16924384935422615,linear
depressed,43580,1.0,0.0001547247390449064,linear
depressed,43620,1.0,0.8122383180404933,linear
depressed,44060,1.2468049541230476e-19,1.2468049541230476e-19,no
depressed,44140,0.12727364418078124,0.14160201518298704,linear
depressed,45780,0.2820226481972078,0.991907215019518,linear
depressed,45820,0.16217812943833693,0.052236094679517654,linear
depressed,46140,0.0,0.0,no
depressed,47260,0.010073039926750372,0.010073039926750372,no
depressed,48620,0.9865308482597277,0.9859472157009155,linear
depressed,49340,0.9607395425001801,0.00010358936467197532,linear
driving_alone_to_work,10740,0.9584902778511227,1.1234454567081392e-07,linear
driving_alone_to_work,11260,0.11937769228431738,0.7791736950402726,linear
driving_alone_to_work,12060,0.02652455597920299,0.02652455597920299,no
driving_alone_to_work,12260,0.7941539768198967,0.9069711950701944,linear
driving_alone_to_work,12420,0.2719985709865891,0.42445523597294493,linear
driving_alone_to_work,12580,0.9769122955160876,0.9773152928933955,linear
driving_alone_to_work,12940,0.6231354347853729,0.9990880798310859,linear
driving_alone_to_work,13740,0.9260462921138444,0.08545231006207249,linear
driving_alone_to_work,13820,0.011919129874011584,0.011919129874011584,no
driving_alone_to_work,13900,5.107652129886494e-29,5.107652129886494e-29,no
driving_alone_to_work,14260,0.3119954038985525,1.2196254240045125e-05,linear
driving_alone_to_work,14460,0.4893912279082513,0.6534571577474523,linear
driving_alone_to_work,15540,0.07966416291207223,0.6151848392500733,linear
driving_alone_to_work,16620,3.7834268580666185e-09,3.7834268580666185e-09,no
driving_alone_to_work,16700,0.7843694082616417,0.9431565568903661,linear
driving_alone_to_work,16740,2.711879389192862e-13,2.711879389192862e-13,no
driving_alone_to_work,16980,0.35027303194942483,0.30429988450725803,linear
driving_alone_to_work,17140,0.9944770306223137,0.0,linear
driving_alone_to_work,17820,0.5928319800589655,0.19240050030040495,linear
driving_alone_to_work,18140,0.24576054485178878,0.9958922462983607,linear
driving_alone_to_work,19100,0.5704859486997542,0.13606557180844547,linear
driving_alone_to_work,19740,2.7060504830113426e-09,2.7060504830113426e-09,no
driving_alone_to_work,19780,1.0,0.9990713778243385,linear
driving_alone_to_work,19820,0.547621943870904,0.5512246918678494,linear
driving_alone_to_work,20260,0.7497954818924675,0.926792668154685,linear
driving_alone_to_work,22020,0.3441152660139283,0.0022980898927334216,linear
driving_alone_to_work,22220,0.9949735652064656,0.9978321536608169,linear
driving_alone_to_work,24340,5.152129996097031e-12,5.152129996097031e-12,no
driving_alone_to_work,24860,0.8828613641218686,0.9226486446116053,linear
driving_alone_to_work,25180,0.9800049713582113,0.9833953590657494,linear
driving_alone_to_work,26420,0.5918431931510892,0.5930260915402912,linear
driving_alone_to_work,26580,0.4764659282273948,0.2285986369998455,linear
driving_alone_to_work,26900,0.7342016555367248,0.0006940258203011064,linear
driving_alone_to_work,28140,1.5001371196115805e-13,1.5001371196115805e-13,no
driving_alone_to_work,28940,0.03855652032545722,0.03855652032545722,no
driving_alone_to_work,30700,0.6833888181723653,0.5864900319999385,linear
driving_alone_to_work,30780,0.5320841552859077,2.6120560747651504e-12,linear
driving_alone_to_work,31080,0.35520893817872023,3.484410675733109e-07,linear
driving_alone_to_work,31140,0.4472678757042725,0.6978787944378654,linear
driving_alone_to_work,32820,1.0,0.9976001031125595,linear
driving_alone_to_work,33340,0.0,0.0,no
driving_alone_to_work,33460,0.0,0.0,no
driving_alone_to_work,34980,0.5776142975982527,0.2738624564590458,linear
driving_alone_to_work,35380,0.391264526088703,0.0,linear
driving_alone_to_work,35620,0.0,0.0,no
driving_alone_to_work,36260,0.05178789163587968,0.9980806702285554,linear
driving_alone_to_work,36420,0.9959602651883747,0.7560974849775342,linear
driving_alone_to_work,36540,0.1677201787742459,0.21135915297554286,linear
driving_alone_to_work,37980,0.4118115849985523,0.058724867318238325,linear
driving_alone_to_work,38060,0.08367245483523661,0.8485303665767476,linear
driving_alone_to_work,38300,0.03455659452025176,0.03455659452025176,no
driving_alone_to_work,38860,0.9272583252989524,6.400413826644087e-13,linear
driving_alone_to_work,38900,0.0001570229492161556,0.0001570229492161556,no
driving_alone_to_work,39300,0.0,0.0,no
driving_alone_to_work,39340,0.6568476572113142,0.9980011161811246,linear
driving_alone_to_work,39660,0.08384318153332893,0.5529535392641158,linear
driving_alone_to_work,39900,0.2040773806536868,0.3250397064276721,linear
driving_alone_to_work,40060,0.999026913084793,1.0,linear
driving_alone_to_work,41180,0.10411362015451198,0.021115134289627815,linear
driving_alone_to_work,41620,0.5957201157398717,0.9840535052652619,linear
driving_alone_to_work,41700,0.039148333922322136,0.039148333922322136,no
driving_alone_to_work,42660,1.3486394733716855e-05,1.3486394733716855e-05,no
driving_alone_to_work,43580,3.452719064667783e-30,3.452719064667783e-30,no
driving_alone_to_work,43620,2.344956838326214e-16,2.344956838326214e-16,no
driving_alone_to_work,44060,0.0005637209980289959,0.0005637209980289959,no
driving_alone_to_work,44140,0.8665989520590056,0.34164313122283285,linear
driving_alone_to_work,45780,0.1956831445640677,5.494475543705565e-08,linear
driving_alone_to_work,45820,0.005808132213990989,0.005808132213990989,no
driving_alone_to_work,46140,0.1919488325911713,0.4406063107309211,linear
driving_alone_to_work,47260,0.2646242535582084,0.8136229979269912,linear
driving_alone_to_work,48620,0.994506756891442,0.03711342394994376,linear
driving_alone_to_work,49340,1.8469796632365335e-05,1.8469796632365335e-05,no
excessive_drinking,10740,0.8087783256337486,0.002895672172453071,linear
excessive_drinking,11260,0.018982622701035755,0.018982622701035755,no
excessive_drinking,12060,0.40002459975803595,0.07389643860745194,linear
excessive_drinking,12260,0.2007850393493107,0.20485890351129965,linear
excessive_drinking,12420,0.2945209622929368,7.219632254832091e-07,linear
excessive_drinking,12580,0.9015682802557619,0.1750061580873768,linear
excessive_drinking,12940,0.9119754164475824,0.2848224795427964,linear
excessive_drinking,13740,0.8007381471787156,0.0,linear
excessive_drinking,13820,0.4203005676017628,0.0005955061717023575,linear
excessive_drinking,13900,0.5178274080523458,9.84446423679751e-20,linear
excessive_drinking,14260,1.0,0.02386437662737196,linear
excessive_drinking,14460,0.970083079556087,0.059669788844437945,linear
excessive_drinking,15540,5.812606976282121e-09,5.812606976282121e-09,no
excessive_drinking,16620,1.0,1.0,linear
excessive_drinking,16700,0.42704703716155645,0.4195086374076584,linear
excessive_drinking,16740,0.4610598580799241,0.3465001242536897,linear
excessive_drinking,16980,0.8502702823500357,0.08309635096624712,linear
excessive_drinking,17140,0.22672941648060752,0.0,linear
excessive_drinking,17820,0.9375424685442163,0.9054168925554967,linear
excessive_drinking,18140,0.9887188164881558,0.6830271893805628,linear
excessive_drinking,19100,0.060665566791024896,0.0036624315781577338,linear
excessive_drinking,19740,0.19489483847531897,0.062965500520626,linear
excessive_drinking,19780,0.972258107494288,0.9236542833572735,linear
excessive_drinking,19820,0.00047289467590976345,0.00047289467590976345,no
excessive_drinking,20260,0.984910392561327,0.8730212716177639,linear
excessive_drinking,22020,0.35350069985616994,2.999242061061467e-17,linear
excessive_drinking,22220,0.45847460845940335,0.3809846346455726,linear
excessive_drinking,24340,0.6524897218935959,5.2049686347277015e-08,linear
excessive_drinking,24860,0.9078378471940722,0.01571048036366339,linear
excessive_drinking,25180,0.4956351325086788,9.230867107128164e-05,linear
excessive_drinking,26420,9.393245644862168e-11,9.393245644862168e-11,no
excessive_drinking,26580,0.7992313769177146,0.14388439719113966,linear
excessive_drinking,26900,0.14337276427656664,0.1775415602064051,linear
excessive_drinking,28140,0.5480978131566029,0.00127917078557792,linear
excessive_drinking,28940,0.9325778049350781,0.016872530981333213,linear
excessive_drinking,30700,0.5031896331667767,0.3274762589196808,linear
excessive_drinking,30780,0.0606181065413033,0.027030184518993864,linear
excessive_drinking,31080,0.48075308208494333,0.038826011585736356,linear
excessive_drinking,31140,0.1824560767276353,0.27065957374261795,linear
excessive_drinking,32820,0.9990794538218513,0.09817517204451487,linear
excessive_drinking,33340,0.4393180206410516,0.00013372445982216664,linear
excessive_drinking,33460,0.31934386516087215,0.34066407882041755,linear
excessive_drinking,34980,0.809975337782658,0.10420079933370113,linear
excessive_drinking,35380,0.889185116716984,2.781832885834664e-23,linear
excessive_drinking,35620,4.565158921727578e-06,4.565158921727578e-06,no
excessive_drinking,36260,2.54142450213073e-30,2.54142450213073e-30,no
excessive_drinking,36420,0.3000304002467093,0.41753968621814586,linear
excessive_drinking,36540,1.9319591878431895e-23,1.9319591878431895e-23,no
excessive_drinking,37980,0.21428393300025617,0.09160858048324466,linear
excessive_drinking,38060,0.5782549098353224,0.6271504557283034,linear
excessive_drinking,38300,0.14891497919591568,0.30733534016566033,linear
excessive_drinking,38860,1.0,0.2749267210875053,linear
excessive_drinking,38900,0.0,0.0,no
excessive_drinking,39300,0.13338753356493227,0.14079241153768507,linear
excessive_drinking,39340,4.408780411308043e-18,4.408780411308043e-18,no
excessive_drinking,39660,1.0,0.9646340467316504,linear
excessive_drinking,39900,0.9952013133327582,0.9990705463329594,linear
excessive_drinking,40060,0.004195818617103989,0.004195818617103989,no
excessive_drinking,41180,1.1474993238668521e-12,1.1474993238668521e-12,no
excessive_drinking,41620,0.37770583382563006,4.565788967085533e-10,linear
excessive_drinking,41700,0.26945753181158383,0.49352282600159575,linear
excessive_drinking,42660,0.0,0.0,no
excessive_drinking,43580,0.0,0.0,no
excessive_drinking,43620,0.4277312941116811,0.0031853728770822923,linear
excessive_drinking,44060,0.07672075096617556,0.06642548604735228,linear
excessive_drinking,44140,1.8062603850228262e-06,1.8062603850228262e-06,no
excessive_drinking,45780,0.6351648641998465,0.06274409939902098,linear
excessive_drinking,45820,0.023335673206334676,0.023335673206334676,no
excessive_drinking,46140,0.1565524457460407,0.3020709837196025,linear
excessive_drinking,47260,0.7894277616913375,2.6857695850290217e-25,linear
excessive_drinking,48620,0.9667846638492114,0.021469323821896476,linear
excessive_drinking,49340,0.07036483194184627,9.377699723382364e-05,linear
gdp,10740,0.9985130681915176,0.961861055051394,linear
gdp,11260,0.9982899675544822,0.5772489392698064,linear
gdp,12060,0.6799311792173419,0.003337545567469897,linear
gdp,12260,7.980031373914505e-23,7.980031373914505e-23,no
gdp,12420,0.9988827038608461,0.007818664338617626,linear
gdp,12580,0.0067106848090161845,0.0067106848090161845,no
gdp,12940,0.006396843552208708,0.006396843552208708,no
gdp,13740,1.0,0.30693097490870647,linear
gdp,13820,0.9988759951701958,0.7131469134468408,linear
gdp,13900,0.7708634078990155,0.03901998989791233,linear
gdp,14260,0.19464864821992428,0.24070057952820145,linear
gdp,14460,0.9985400382490695,1.6798320070834405e-16,linear
gdp,15540,0.9979332335600875,0.5717726362899672,linear
gdp,16620,0.4528730464009812,0.13872696434755682,linear
gdp,16700,1.0,1.0,linear
gdp,16740,0.273668709715171,0.18853704754670036,linear
gdp,16980,0.877713993407965,0.9218629884907342,linear
gdp,17140,0.616693019078214,8.794044752903446e-09,linear
gdp,17820,0.9990726525397948,0.9914038786228915,linear
gdp,18140,0.6389713621317014,0.0013194480347765761,linear
gdp,19100,0.9856698644673059,0.37527132617870057,linear
gdp,19740,0.9990067197961263,6.863901712736957e-29,linear
gdp,19780,0.9634819166101716,0.01552925742292206,linear
gdp,19820,1.0,0.9949544057502276,linear
gdp,20260,0.1795496050406215,1.0,linear
gdp,22020,0.017974832416494023,0.017974832416494023,no
gdp,22220,0.6970163273149492,0.8011130951642067,linear
gdp,24340,0.9890811158185074,0.1965550353520018,linear
gdp,24860,0.9983228395829997,0.0034031272737153275,linear
gdp,25180,0.6337203465273982,0.06608531539407608,linear
gdp,26420,0.107981600239823,0.4438521853812338,linear
gdp,26580,6.1705777800137e-06,6.1705777800137e-06,no
gdp,26900,0.9987116813195158,1.0,linear
gdp,28140,7.322308041063392e-22,7.322308041063392e-22,no
gdp,28940,1.0,0.9974316364160273,linear
gdp,30700,0.9854376195173921,0.00018817593478451838,linear
gdp,30780,0.8975173289290703,0.9264432519436517,linear
gdp,31080,2.802519466109092e-09,2.802519466109092e-09,no
gdp,31140,0.9082347097758436,0.005543284945873062,linear
gdp,32820,0.9129993184324496,0.8229214331408068,linear
gdp,33340,0.994859495838086,0.004169547394674683,linear
gdp,33460,0.999082398560957,0.2514165697152441,linear
gdp,34980,0.8606612499693447,0.0,linear
gdp,35380,0.022352950191191896,0.022352950191191896,no
gdp,35620,0.9978836654141323,0.003524817699665933,linear
gdp,36260,0.014682081242258725,0.014682081242258725,no
gdp,36420,0.36613734746168547,0.00021054725586276107,linear
gdp,36540,1.0,1.0,linear
gdp,37980,0.84636136717156,0.8645065673575604,linear
gdp,38060,0.872344146268164,0.9854160126331215,linear
gdp,38300,2.3147727701700633e-30,2.3147727701700633e-30,no
gdp,38860,0.012145243161651732,0.012145243161651732,no
gdp,38900,0.00012780567988831593,0.00012780567988831593,no
gdp,39300,1.0,0.0,linear
gdp,39340,0.9599835329404428,0.8983869003123459,linear
gdp,39660,1.0,0.0010420264854237255,linear
gdp,39900,0.0554500176869235,0.0002066133417444985,linear
gdp,40060,0.0028072788118173038,0.0028072788118173038,no
gdp,41180,0.0,0.0,no
gdp,41620,0.2997843544177381,0.3393781331120018,linear
gdp,41700,0.9978007353736605,0.16128294315663277,linear
gdp,42660,0.30884616607232673,0.3727410800747336,linear
gdp,43580,0.2654476440026792,0.010832467704330306,linear
gdp,43620,0.0004552737563575299,0.0004552737563575299,no
gdp,44060,0.997776057997951,0.0,linear
gdp,44140,0.9990379186425857,7.408624709283212e-17,linear
gdp,45780,0.9977838327169056,0.20090631478037457,linear
gdp,45820,0.03994465576275297,0.03994465576275297,no
gdp,46140,0.00039373536871962047,0.00039373536871962047,no
gdp,47260,0.9927920552724246,0.9973666936555182,linear
gdp,48620,0.4795064016119422,2.4039194884929275e-05,linear
gdp,49340,1.0,0.00023427242925615612,linear
median_household_income,10740,0.9475457128004136,2.3022826249993223e-12,linear
median_household_income,11260,1.0,0.09454308773748699,linear
median_household_income,12060,0.09346938943984656,3.311881876916953e-05,linear
median_household_income,12260,0.9973825191580117,0.0008682698651092542,linear
median_household_income,12420,0.006709109305523536,0.006709109305523536,no
median_household_income,12580,0.11760829170376313,0.0,linear
median_household_income,12940,0.06203886867571869,0.483831105122704,linear
median_household_income,13740,0.9973347507463511,0.9912968838377415,linear
median_household_income,13820,0.0006386622339399473,0.0006386622339399473,no
median_household_income,13900,0.9311210033416226,2.5634551116997027e-15,linear
median_household_income,14260,0.6293525932946151,0.008912691888856265,linear
median_household_income,14460,0.8621087640459568,1.0,linear
median_household_income,15540,0.00559425019297893,0.00559425019297893,no
median_household_income,16620,0.3088040445035105,0.2678354912695875,linear
median_household_income,16700,0.14157004000659812,0.8667495501525206,linear
median_household_income,16740,2.50992671841079e-06,2.50992671841079e-06,no
median_household_income,16980,7.276393058226263e-06,7.276393058226263e-06,no
median_household_income,17140,0.9979260990797334,0.03948005805528505,linear
median_household_income,17820,9.079751306925929e-06,9.079751306925929e-06,no
median_household_income,18140,0.7479228711962465,0.691664165308279,linear
median_household_income,19100,0.0,0.0,no
median_household_income,19740,0.9924696699654848,0.05685261507118788,linear
median_household_income,19780,1.0,0.9986056719908186,linear
median_household_income,19820,0.49758779652440327,1.0527277143796475e-08,linear
median_household_income,20260,0.572945762290241,0.277339759861432,linear
median_household_income,22020,0.3612689947870019,0.11117163990820239,linear
median_household_income,22220,0.826438967306532,0.024093236931197623,linear
median_household_income,24340,0.8705524451443252,0.7380462702101375,linear
median_household_income,24860,0.9892090816135137,0.3305609806089979,linear
median_household_income,25180,1.0,7.08517559662306e-08,linear
median_household_income,26420,1.3268613984507562e-10,1.3268613984507562e-10,no
median_household_income,26580,0.3277868396865028,0.18403719770472088,linear
median_household_income,26900,0.16476130499482217,0.7674315606570118,linear
median_household_income,28140,1.3183669590220727e-05,1.3183669590220727e-05,no
median_household_income,28940,1.0,0.3948369892514529,linear
median_household_income,30700,0.9864853070266921,0.022899556774319315,linear
median_household_income,30780,0.0015648948487156328,0.0015648948487156328,no
median_household_income,31080,0.9416169805685365,0.9221130645244168,linear
median_household_income,31140,1.0,0.9972720364649278,linear
median_household_income,32820,0.45181867675814674,0.3366146976370518,linear
median_household_income,33340,0.030090907957323505,0.030090907957323505,no
median_household_income,33460,1.0,0.1464235042627225,linear
median_household_income,34980,0.534430651971428,0.5882713155589618,linear
median_household_income,35380,4.9789833785418316e-08,4.9789833785418316e-08,no
median_household_income,35620,0.015375049801653232,0.015375049801653232,no
median_household_income,36260,0.9903074586972334,0.010059570004429235,linear
median_household_income,36420,1.2552753029660123e-08,1.2552753029660123e-08,no
median_household_income,36540,0.9317172811389406,0.0,linear
median_household_income,37980,0.03873343865892252,0.03873343865892252,no
median_household_income,38060,0.0030538219436780614,0.0030538219436780614,no
median_household_income,38300,0.9979854227274948,0.9981318939100076,linear
median_household_income,38860,0.15261083741211073,0.1861908410031512,linear
median_household_income,38900,0.7284386148794104,0.006512798895595678,linear
median_household_income,39300,0.5276272025057688,0.47610545300233714,linear
median_household_income,39340,0.8869927212524628,1.673653507212382e-05,linear
median_household_income,39660,0.9910026258058746,0.0027079288790312957,linear
median_household_income,39900,0.9912140246412539,0.009931415399806007,linear
median_household_income,40060,0.3157825190378867,0.9563161627814334,linear
median_household_income,41180,0.04490164006402761,0.04490164006402761,no
median_household_income,41620,0.9688921855003805,0.0006666684083366734,linear
median_household_income,41700,0.018113144465166296,0.018113144465166296,no
median_household_income,42660,0.8960287839942673,0.44783906613137026,linear
median_household_income,43580,7.172513442561121e-07,7.172513442561121e-07,no
median_household_income,43620,0.9924180793251879,0.13354473958645335,linear
median_household_income,44060,0.29664168259570184,0.03554050582435708,linear
median_household_income,44140,0.49929833932333195,0.5661101129206927,linear
median_household_income,45780,0.00019644205912759018,0.00019644205912759018,no
median_household_income,45820,0.9977803161515042,0.14090689249911154,linear
median_household_income,46140,0.7821143936280848,0.04115646168973139,linear
median_household_income,47260,0.9936543329899035,0.0004592291807946735,linear
median_household_income,48620,0.25561820787527545,0.4732333174875033,linear
median_household_income,49340,3.0289264814020036e-08,3.0289264814020036e-08,no
mental_health_providers,10740,0.9743515638492474,0.9137725543222663,linear
mental_health_providers,11260,0.7728365350417713,0.020377354273042464,linear
mental_health_providers,12060,1.0,0.0018460574191895558,linear
mental_health_providers,12260,0.9936425376438793,0.003639322237711315,linear
mental_health_providers,12420,7.51955315206082e-08,7.51955315206082e-08,no
mental_health_providers,12580,3.5935773890535e-25,3.5935773890535e-25,no
mental_health_providers,12940,0.20425707875069277,0.009197516040386731,linear
mental_health_providers,13740,0.17417445232772605,0.9987328291565951,linear
mental_health_providers,13820,7.832183618127429e-06,7.832183618127429e-06,no
mental_health_providers,13900,0.019753273024504817,0.019753273024504817,no
mental_health_providers,14260,0.9941709991341539,0.9968718223957099,linear
mental_health_providers,14460,0.727195691275465,0.05529953158787277,linear
mental_health_providers,15540,0.9923868397848182,0.24436832524669144,linear
mental_health_providers,16620,0.04836792006465806,0.04836792006465806,no
mental_health_providers,16700,0.0008796898443622656,0.0008796898443622656,no
mental_health_providers,16740,0.6251337199006041,0.674875260719629,linear
mental_health_providers,16980,0.05991591341587189,0.996973553621843,linear
mental_health_providers,17140,1.0,0.8086440609079804,linear
mental_health_providers,17820,0.9946807559775722,0.7299840026015044,linear
mental_health_providers,18140,1.3938294968438414e-29,1.3938294968438414e-29,no
mental_health_providers,19100,1.0,1.0,linear
mental_health_providers,19740,0.2933987270505866,0.447100563972345,linear
mental_health_providers,19780,0.9916844709475923,0.9963361135692622,linear
mental_health_providers,19820,0.001052722335149208,0.001052722335149208,no
mental_health_providers,20260,0.8441663506970746,0.3386112508890755,linear
mental_health_providers,22020,1.0,1.0,linear
mental_health_providers,22220,0.08041098163014065,0.02478369328559697,linear
mental_health_providers,24340,0.9610149546280887,0.251435165850317,linear
mental_health_providers,24860,0.9700480636472913,0.511568356770594,linear
mental_health_providers,25180,0.11707513867858166,0.9967553236144019,linear
mental_health_providers,26420,0.049424579261645854,0.049424579261645854,no
mental_health_providers,26580,0.9894454105221815,0.00070149994612268,linear
mental_health_providers,26900,0.01400156870983727,0.01400156870983727,no
mental_health_providers,28140,0.553080179106181,0.5540062101921459,linear
mental_health_providers,28940,0.0,0.0,no
mental_health_providers,30700,0.9990625934300498,0.03822539587597626,linear
mental_health_providers,30780,4.543081479501754e-27,4.543081479501754e-27,no
mental_health_providers,31080,0.9439348406558613,8.103747618467271e-05,linear
mental_health_providers,31140,0.8479439209827231,0.9854788337213701,linear
mental_health_providers,32820,0.1319372548887479,0.13447455885227966,linear
mental_health_providers,33340,0.0009848691325069416,0.0009848691325069416,no
mental_health_providers,33460,0.8080991231918387,0.998962779331682,linear
mental_health_providers,34980,0.4809183694981245,0.4881652469150722,linear
mental_health_providers,35380,0.8807070555947776,0.8666073528893911,linear
mental_health_providers,35620,0.10220514292005756,0.0033854808299176946,linear
mental_health_providers,36260,1.3181825108978674e-07,1.3181825108978674e-07,no
mental_health_providers,36420,0.970119006234646,0.7584333933635239,linear
mental_health_providers,36540,0.0770717333079437,0.998081962987593,linear
mental_health_providers,37980,0.7520540573763723,0.7907190969127411,linear
mental_health_providers,38060,0.9989628913667414,0.1735059081570267,linear
mental_health_providers,38300,0.24989282917018474,0.4724867544794784,linear
mental_health_providers,38860,0.49605743340669384,0.3855016631610836,linear
mental_health_providers,38900,0.6946551287765139,0.2934141837509886,linear
mental_health_providers,39300,0.38598210877125005,0.01157375672565918,linear
mental_health_providers,39340,0.8005326566330107,0.9831042708624972,linear
mental_health_providers,39660,0.9985592542738763,0.0003279938291463898,linear
mental_health_providers,39900,0.9796100661514128,0.06736635338282569,linear
mental_health_providers,40060,0.4828753247835957,0.4901353380376891,linear
mental_health_providers,41180,1.0536695938433694e-07,1.0536695938433694e-07,no
mental_health_providers,41620,0.0,0.0,no
mental_health_providers,41700,0.04666276967599948,0.04666276967599948,no
mental_health_providers,42660,0.0,0.0,no
mental_health_providers,43580,0.9225951364270477,0.9845600800147454,linear
mental_health_providers,43620,0.951803376952267,0.22772210332340154,linear
mental_health_providers,44060,0.3075813422149535,0.5810490364436874,linear
mental_health_providers,44140,0.41859294576125416,0.4360610937565196,linear
mental_health_providers,45780,9.455951469111175e-21,9.455951469111175e-21,no
mental_health_providers,45820,0.9986589756926456,0.9986578452603924,linear
mental_health_providers,46140,0.9809538403623004,0.9842028251686457,linear
mental_health_providers,47260,0.033855048719613645,0.033855048719613645,no
mental_health_providers,48620,0.8830954805841399,0.8965965661087973,linear
mental_health_providers,49340,2.8180148794726125e-09,2.8180148794726125e-09,no
no_time_activity,10740,0.3078433672253197,0.23274993857625448,linear
no_time_activity,11260,0.5349114033876368,0.30463816221538964,linear
no_time_activity,12060,0.887060488780141,0.08139479140556921,linear
no_time_activity,12260,1.0,6.299845079542505e-29,linear
no_time_activity,12420,0.002453761973112759,0.002453761973112759,no
no_time_activity,12580,0.9321209552602272,0.4392089511351766,linear
no_time_activity,12940,0.9767508752746107,0.7749928870486775,linear
no_time_activity,13740,0.4975479067287287,0.1820850570649366,linear
no_time_activity,13820,0.0007753890762807056,0.0007753890762807056,no
no_time_activity,13900,0.09959485243695942,0.4362295311671068,linear
no_time_activity,14260,1.0,0.03594087540338994,linear
no_time_activity,14460,1.0,0.04022791465529919,linear
no_time_activity,15540,0.09616696359856863,0.11207521403210996,linear
no_time_activity,16620,0.9417125190048666,0.3476426821218164,linear
no_time_activity,16700,0.04584414275146445,0.04584414275146445,no
no_time_activity,16740,0.34737534967211897,0.6385028785574536,linear
no_time_activity,16980,0.15305625313129573,0.34354748099929494,linear
no_time_activity,17140,1.0357993617485921e-05,1.0357993617485921e-05,no
no_time_activity,17820,0.3200234146631123,0.5295357783835453,linear
no_time_activity,18140,0.32949002092351254,0.002406051553503082,linear
no_time_activity,19100,0.04740569972749363,0.04740569972749363,no
no_time_activity,19740,0.015026654730767924,0.015026654730767924,no
no_time_activity,19780,0.9940059564686908,0.4339857442969335,linear
no_time_activity,19820,0.6360432796326676,0.25192259327317984,linear
no_time_activity,20260,0.3264403120914087,0.006379005696400698,linear
no_time_activity,22020,0.607034477706464,0.14401676181703654,linear
no_time_activity,22220,0.9587432301987866,0.9321192152583526,linear
no_time_activity,24340,0.7421962349417673,0.10815085678845676,linear
no_time_activity,24860,0.026615346416130923,0.026615346416130923,no
no_time_activity,25180,0.9068039024498175,0.008341936181406577,linear
no_time_activity,26420,0.7343551081737246,1.6283493409687126e-24,linear
no_time_activity,26580,0.14914861935584206,0.02802992836959346,linear
no_time_activity,26900,0.33051236726208444,0.10197563715678776,linear
no_time_activity,28140,0.9871240650257952,0.8173649200786286,linear
no_time_activity,28940,0.9236408052465968,0.2743269634855516,linear
no_time_activity,30700,9.08753686422289e-09,9.08753686422289e-09,no
no_time_activity,30780,0.5194364100182133,0.0,linear
no_time_activity,31080,0.052644764517859134,0.0,linear
no_time_activity,31140,0.5619806623096637,0.7152353808903114,linear
no_time_activity,32820,0.08338589382882539,0.6096974926590181,linear
no_time_activity,33340,0.07120272266008938,0.0010056168070349538,linear
no_time_activity,33460,0.9967605399884325,0.4511083312004469,linear
no_time_activity,34980,0.9767266529014363,0.35785776741793873,linear
no_time_activity,35380,0.8937835687165812,0.1771796045334712,linear
no_time_activity,35620,0.0003019944377565888,0.0003019944377565888,no
no_time_activity,36260,0.026561804989499227,0.026561804989499227,no
no_time_activity,36420,0.8180607433358931,0.03844243885167065,linear
no_time_activity,36540,0.6194001714020309,0.06794228390774883,linear
no_time_activity,37980,0.9990692785966147,0.9735904934428619,linear
no_time_activity,38060,0.6373301645320107,0.1388447093532333,linear
no_time_activity,38300,0.271275652459969,0.20270706762644342,linear
no_time_activity,38860,2.1178059594356477e-06,2.1178059594356477e-06,no
no_time_activity,38900,0.08683170847742083,0.043995996931144504,linear
no_time_activity,39300,5.69139028185218e-17,5.69139028185218e-17,no
no_time_activity,39340,0.9968040109663187,3.5545796236409437e-09,linear
no_time_activity,39660,0.32836400787001085,0.06805998129317434,linear
no_time_activity,39900,0.6851883229982431,0.5863177238233297,linear
no_time_activity,40060,0.23216972635181105,0.04108927161260285,linear
no_time_activity,41180,1.5372447687063666e-16,1.5372447687063666e-16,no
no_time_activity,41620,0.5343881903870777,0.5237107934641351,linear
no_time_activity,41700,0.5601780409355329,0.00977621092330916,linear
no_time_activity,42660,2.5027713855670477e-05,2.5027713855670477e-05,no
no_time_activity,43580,0.4881560926145685,0.007023837066713921,linear
no_time_activity,43620,4.008782422368871e-19,4.008782422368871e-19,no
no_time_activity,44060,0.42540680068065073,0.09609059281124355,linear
no_time_activity,44140,0.024862154401726396,0.024862154401726396,no
no_time_activity,45780,0.5528733787207925,0.37592910343971586,linear
no_time_activity,45820,0.4935929235711936,0.7056996195126006,linear
no_time_activity,46140,1.1725280779164536e-11,1.1725280779164536e-11,no
no_time_activity,47260,0.982095050460928,0.9789971855496336,linear
no_time_activity,48620,0.5116750063463795,0.3813818719823937,linear
no_time_activity,49340,7.0583182519449255e-06,7.0583182519449255e-06,no
noise70n,10740,0.00021560480858308663,0.00021560480858308663,no
noise70n,11260,0.993179268177824,2.4468818787162012e-30,linear
noise70n,12060,1.656430817341819e-29,1.656430817341819e-29,no
noise70n,12260,0.9727946896439729,0.994071054218285,linear
noise70n,12420,0.9877014993426763,0.04696921249347161,linear
noise70n,12580,0.9972595646658081,0.997246623647709,linear
noise70n,12940,0.9932331237856602,0.9930086722345939,linear
noise70n,13740,0.9967004312277938,0.9985744524412089,linear
noise70n,13820,1.0,0.9963971267914367,linear
noise70n,13900,0.05277768081373111,0.0004157585417328341,linear
noise70n,14260,0.5729605296594555,0.3955222279401245,linear
noise70n,14460,0.9950821128797004,0.41961276784519563,linear
noise70n,15540,0.4073662631678545,0.0012862617254293116,linear
noise70n,16620,0.3522239437590925,0.4937535372141753,linear
noise70n,16700,0.009728163417173745,0.009728163417173745,no
noise70n,16740,3.272170906656529e-13,3.272170906656529e-13,no
noise70n,16980,0.9889605384817906,0.9988307019224942,linear
noise70n,17140,0.0011907150635313936,0.0011907150635313936,no
noise70n,17820,0.9918308968789659,0.4281928154664589,linear
noise70n,18140,0.3771003095258982,0.21147976252260986,linear
noise70n,19100,1.0,5.567101067186363e-30,linear
noise70n,19740,1.0,9.282826357753681e-28,linear
noise70n,19780,0.01171733327100185,0.01171733327100185,no
noise70n,19820,0.6600070633743225,0.15788928359351212,linear
noise70n,20260,0.9842709818162465,0.98604678627657,linear
noise70n,22020,1.0,1.0,linear
noise70n,22220,0.6460271532254057,1.0,linear
noise70n,24340,0.8646609115495851,1.0,linear
noise70n,24860,2.112210977655429e-17,2.112210977655429e-17,no
noise70n,25180,0.9852884033018187,0.9875840905111045,linear
noise70n,26420,2.21096855327821e-15,2.21096855327821e-15,no
noise70n,26580,0.9934687854359322,0.9828059670851486,linear
noise70n,26900,1.0,1.0,linear
noise70n,28140,1.0446013886769256e-17,1.0446013886769256e-17,no
noise70n,28940,0.838394659399786,0.17854493970249324,linear
noise70n,30700,1.0,1.0,linear
noise70n,30780,0.959521703610132,1.0,linear
noise70n,31080,0.9983852336098641,0.5382663244032583,linear
noise70n,31140,1.0,0.998978746214932,linear
noise70n,32820,0.9989305635597496,0.9207934452783926,linear
noise70n,33340,0.9989358278531547,0.997460691059936,linear
noise70n,33460,0.025841847640720273,0.025841847640720273,no
noise70n,34980,0.9703202907116856,0.2699402049423439,linear
noise70n,35380,0.9743488259883416,0.41392358861032036,linear
noise70n,35620,1.0,0.3751758604087804,linear
noise70n,36260,0.9678220135169404,3.116948120337579e-26,linear
noise70n,36420,0.8970581540039172,0.873318017120261,linear
noise70n,36540,0.9988730674131493,1.0,linear
noise70n,37980,1.0,0.9982005668644875,linear
noise70n,38060,0.002413519381851103,0.002413519381851103,no
noise70n,38300,0.9054241070448816,0.8871024834929585,linear
noise70n,38860,9.14104134035314e-09,9.14104134035314e-09,no
noise70n,38900,1.0,0.0008258624511837146,linear
noise70n,39300,1.0,0.9082594035246809,linear
noise70n,39340,1.0,4.788490316897046e-05,linear
noise70n,39660,0.0,0.0,no
noise70n,39900,0.9764567696482979,2.0249269097880227e-23,linear
noise70n,40060,1.0,1.0,linear
noise70n,41180,0.9925419273901571,0.9538411939730508,linear
noise70n,41620,1.0,0.0052650701461712125,linear
noise70n,41700,0.9969451790000385,0.9968408923388522,linear
noise70n,42660,1.0,0.4373151654225769,linear
noise70n,43580,0.9990656753344246,0.9162814618627753,linear
noise70n,43620,0.9951374023872224,0.0005250021275378954,linear
noise70n,44060,0.913692734725202,2.4151812837487257e-09,linear
noise70n,44140,1.0,0.4958524492395899,linear
noise70n,45780,1.0,2.7514724666799362e-14,linear
noise70n,45820,0.9987121986092632,0.9891149711167309,linear
noise70n,46140,1.0,0.5796304202903328,linear
noise70n,47260,0.6904220545334736,0.6983173664127369,linear
noise70n,48620,0.8263605291534949,0.7635252405376812,linear
noise70n,49340,1.0,0.5486443976738796,linear
noise80n,10740,0.976783247249152,0.06862063498333365,linear
noise80n,11260,4.463170921970437e-08,4.463170921970437e-08,no
noise80n,12060,0.44011567632903587,1.0860248972019543e-06,linear
noise80n,12260,0.5979555199435354,0.9954816862138784,linear
noise80n,12420,1.0,8.108323038151046e-06,linear
noise80n,12580,0.9258995129525782,0.9736108498523116,linear
noise80n,12940,0.506817062978663,0.3966691564917273,linear
noise80n,13740,0.18897438982951437,0.020181486729574018,linear
noise80n,13820,0.4375369088905319,0.4326961355196031,linear
noise80n,13900,0.16750768241870817,0.040414362233724965,linear
noise80n,14260,1.0,0.00010235659042932374,linear
noise80n,14460,1.0,0.0057803678584867,linear
noise80n,15540,0.9606879165069855,0.08716649252367559,linear
noise80n,16620,1.3670356746092873e-24,1.3670356746092873e-24,no
noise80n,16700,0.00473924963808096,0.00473924963808096,no
noise80n,16740,0.9986014487119096,0.9224408723709351,linear
noise80n,16980,0.9984731788287489,0.0007564146474573285,linear
noise80n,17140,0.21166247040845254,1.0,linear
noise80n,17820,1.0,1.0,linear
noise80n,18140,0.520365340384831,0.0019795065136215596,linear
noise80n,19100,0.9936688281996471,0.25263088152676294,linear
noise80n,19740,0.9923086849987671,0.31526028099407455,linear
noise80n,19780,1.387891430787838e-12,1.387891430787838e-12,no
noise80n,19820,0.9784288355859151,0.7673515496433385,linear
noise80n,20260,0.9933049351444382,0.014470279580562097,linear
noise80n,22020,0.9990455136675193,1.0,linear
noise80n,22220,1.0,0.785053670798695,linear
noise80n,24340,0.20278121167629742,0.12155740035265977,linear
noise80n,24860,1.0,0.9989348700574602,linear
noise80n,25180,1.0,0.2534682586894527,linear
noise80n,26420,0.8869850120807461,4.080192358642647e-30,linear
noise80n,26580,0.7578111387691142,0.15038666723551875,linear
noise80n,26900,0.9481987959592911,0.3139331399974852,linear
noise80n,28140,0.9268355598990887,0.7759250161474808,linear
noise80n,28940,0.037795168357662515,0.037795168357662515,no
noise80n,30700,0.0001612742582029801,0.0001612742582029801,no
noise80n,30780,1.9611081641888974e-06,1.9611081641888974e-06,no
noise80n,31080,1.0,0.6697556421110066,linear
noise80n,31140,0.970858414073635,0.9286405472542777,linear
noise80n,32820,0.25312245960196755,0.0027188809110017175,linear
noise80n,33340,0.18636453203978248,0.403808268881693,linear
noise80n,33460,1.0,0.09863139386138109,linear
noise80n,34980,0.8418320734714435,0.6969194974115962,linear
noise80n,35380,0.37577024586113345,0.4256007061650342,linear
noise80n,35620,0.9710463561881172,0.5225795341976078,linear
noise80n,36260,0.3112075669207861,0.736906998797638,linear
noise80n,36420,0.7278773722091778,0.7529091794589008,linear
noise80n,36540,0.9787985593465498,0.0060956144995276745,linear
noise80n,37980,1.0,0.7594783690719509,linear
noise80n,38060,0.9544994831952546,0.09818283477061568,linear
noise80n,38300,0.9905642426203473,0.0003219931687318146,linear
noise80n,38860,0.1633962644580958,0.4905487701266234,linear
noise80n,38900,0.9935224626233315,0.31931984635341415,linear
noise80n,39300,0.9152569701158451,0.8123053669124716,linear
noise80n,39340,0.794385983704542,0.7650081909864628,linear
noise80n,39660,0.8668035189438713,8.775568362882324e-08,linear
noise80n,39900,0.9978240762285189,0.149550796327083,linear
noise80n,40060,1.0,0.013214949277762069,linear
noise80n,41180,0.14220489337011422,0.9990550943347312,linear
noise80n,41620,1.0,0.6563668085255447,linear
noise80n,41700,0.04142672080471158,0.04142672080471158,no
noise80n,42660,0.03835722191181312,0.03835722191181312,no
noise80n,43580,0.3716475774473129,0.3604877512985754,linear
noise80n,43620,0.9958241161973576,0.9935708396367036,linear
noise80n,44060,0.9988476073573227,1.0,linear
noise80n,44140,0.998700906278823,0.12534862831708304,linear
noise80n,45780,2.0957673591822957e-06,2.0957673591822957e-06,no
noise80n,45820,0.9625651471997799,4.151171492563976e-05,linear
noise80n,46140,0.9305243096507017,0.17160598948685368,linear
noise80n,47260,0.9951322991166343,0.1594786443378975,linear
noise80n,48620,0.9901826975316113,0.0077242687421710905,linear
noise80n,49340,0.9526545124646552,0.08421664275954382,linear
noise90n,10740,0.995442406438669,0.005396082998056201,linear
noise90n,11260,1.2483140185544573e-10,1.2483140185544573e-10,no
noise90n,12060,0.19645886901915288,2.778404270273089e-05,linear
noise90n,12260,0.20367589055003182,0.31498960488474537,linear
noise90n,12420,0.4428197102123821,0.10962656734209664,linear
noise90n,12580,0.978296967105712,0.9795119059660554,linear
noise90n,12940,0.24830869958640117,0.1214672037161516,linear
noise90n,13740,0.9988050851408464,0.10705988367863978,linear
noise90n,13820,0.002903123437911783,0.002903123437911783,no
noise90n,13900,0.20379088585652794,0.05553327061009959,linear
noise90n,14260,1.0,0.16471380759132376,linear
noise90n,14460,0.1405883447515559,0.1578980197645833,linear
noise90n,15540,0.4201233036716734,0.7011763274625222,linear
noise90n,16620,3.1476720649930274e-11,3.1476720649930274e-11,no
noise90n,16700,0.15234523011699197,0.00023985195368401088,linear
noise90n,16740,0.9924042343231703,0.69298307605732,linear
noise90n,16980,0.998339934622439,0.558856606012111,linear
noise90n,17140,0.9721405406291167,0.9550662209033459,linear
noise90n,17820,0.08129438214658419,0.9989973735960923,linear
noise90n,18140,0.8565845849076469,1.3933722987729737e-20,linear
noise90n,19100,0.029526010858636365,0.029526010858636365,no
noise90n,19740,0.004016380381752138,0.004016380381752138,no
noise90n,19780,0.9838968413838831,0.9812764620221639,linear
noise90n,19820,0.07138704369196391,0.18213885833718663,linear
noise90n,20260,0.7907749975325998,0.8109948954321125,linear
noise90n,22020,2.8774163248969954e-25,2.8774163248969954e-25,no
noise90n,22220,0.9978122558694905,0.5033838938049637,linear
noise90n,24340,0.0,0.0,no
noise90n,24860,0.9924802320098554,0.9659475294043331,linear
noise90n,25180,1.0,0.0010401908445535253,linear
noise90n,26420,0.7990957297101755,1.9230990710392477e-20,linear
noise90n,26580,0.5360842966523592,0.0003322257535194474,linear
noise90n,26900,0.8642290548636401,0.0012436982779118724,linear
noise90n,28140,0.9966819352244465,0.11133854990247832,linear
noise90n,28940,1.0,0.057122573501682254,linear
noise90n,30700,0.6745587789334291,0.984240401289345,linear
noise90n,30780,0.9715390887607205,0.9287073245355485,linear
noise90n,31080,0.0857312899531576,7.191280690186821e-24,linear
noise90n,31140,0.385842287755978,0.9934804916233058,linear
noise90n,32820,0.34874580899354646,0.28189015629934705,linear
noise90n,33340,0.012251625990297393,0.012251625990297393,no
noise90n,33460,0.20352065915039058,0.0,linear
noise90n,34980,0.9863932174069188,1.315082418448594e-26,linear
noise90n,35380,0.5356237001401527,0.6134073956314143,linear
noise90n,35620,0.016341653396032083,0.016341653396032083,no
noise90n,36260,0.03609602082126819,0.03609602082126819,no
noise90n,36420,0.6320065093958832,0.4981635035442809,linear
noise90n,36540,0.9808072920545615,1.0,linear
noise90n,37980,0.09550777987257358,0.8794660478454976,linear
noise90n,38060,0.9887087648126961,0.12086731891649671,linear
noise90n,38300,0.0283286658703515,0.0283286658703515,no
noise90n,38860,0.9990681512987845,1.0,linear
noise90n,38900,0.41390899491762273,0.001998789722988591,linear
noise90n,39300,0.9235579647981791,0.17746607890951505,linear
noise90n,39340,0.005657235904173608,0.005657235904173608,no
noise90n,39660,0.9850110880688486,1.352148874284467e-07,linear
noise90n,39900,0.26306527207392943,0.0210027748573748,linear
noise90n,40060,0.9399135880041333,0.9678686982460688,linear
noise90n,41180,0.0011116430043124578,0.0011116430043124578,no
noise90n,41620,0.9655803657749551,0.2951885670538129,linear
noise90n,41700,0.010676482360161253,0.010676482360161253,no
noise90n,42660,0.9369638017993683,0.2583126338916075,linear
noise90n,43580,0.9901661346361115,0.01004083970704767,linear
noise90n,43620,0.9349126410245019,0.9256455606026109,linear
noise90n,44060,0.9364045751203303,0.0016806238467746795,linear
noise90n,44140,0.2609261561311169,0.26116819164895066,linear
noise90n,45780,0.003151818065021959,0.003151818065021959,no
noise90n,45820,0.9990853562258221,0.9990867588475145,linear
noise90n,46140,0.008719182959070433,0.008719182959070433,no
noise90n,47260,0.9343144492760748,0.11297379152654585,linear
noise90n,48620,0.44628534508840506,9.240948710475886e-05,linear
noise90n,49340,0.920414969111554,0.18867455763133278,linear
obe_dia,10740,0.9936337164441481,0.005192655864071686,linear
obe_dia,11260,1.5231133296139603e-10,1.5231133296139603e-10,no
obe_dia,12060,0.14279265258995832,0.3780390479200872,linear
obe_dia,12260,0.2307152865059967,0.5201573171122694,linear
obe_dia,12420,0.9760991060449102,0.4201063780358159,linear
obe_dia,12580,0.10196874880333767,0.009427144086100564,linear
obe_dia,12940,0.14896670320886418,0.12366567632504782,linear
obe_dia,13740,0.9987915180165315,0.1079147451328189,linear
obe_dia,13820,2.7440299574601683e-09,2.7440299574601683e-09,no
obe_dia,13900,0.20374224765365623,0.056019056873797865,linear
obe_dia,14260,1.0,0.15586406939259523,linear
obe_dia,14460,2.1872885884845575e-28,2.1872885884845575e-28,no
obe_dia,15540,0.41626539037442234,0.7065520581585074,linear
obe_dia,16620,5.01560911699202e-10,5.01560911699202e-10,no
obe_dia,16700,0.13647589683322092,0.0,linear
obe_dia,16740,0.9909989576330298,0.6032852772903732,linear
obe_dia,16980,0.9983735392839467,0.6846050753411788,linear
obe_dia,17140,0.9892716464750114,0.9577365466632365,linear
obe_dia,17820,0.08112995194383349,0.9988892335451248,linear
obe_dia,18140,0.8313447909630732,2.1819602971344265e-18,linear
obe_dia,19100,0.3329180622384921,0.3035561123909256,linear
obe_dia,19740,4.8571734751652496e-09,4.8571734751652496e-09,no
obe_dia,19780,0.9813605921038508,0.9794677036754826,linear
obe_dia,19820,0.17280236201783955,0.1212804185021431,linear
obe_dia,20260,0.7978983853063043,0.8169135591567154,linear
obe_dia,22020,3.4276070399584437e-25,3.4276070399584437e-25,no
obe_dia,22220,0.997793370911194,0.46567210457975255,linear
obe_dia,24340,0.0,0.0,no
obe_dia,24860,0.9927577075911601,0.9708408379385906,linear
obe_dia,25180,1.0,0.0015495816329283846,linear
obe_dia,26420,1.0,1.0,linear
obe_dia,26580,0.41672994233664423,1.2773459761180271e-05,linear
obe_dia,26900,0.9329375572697929,0.020417908466114305,linear
obe_dia,28140,0.9967006336444486,0.10726862284053573,linear
obe_dia,28940,1.0,0.09620171588118209,linear
obe_dia,30700,0.671685746312725,0.984684901487699,linear
obe_dia,30780,0.9802369625235063,0.8963553954558097,linear
obe_dia,31080,0.974343927472762,0.2957077697578494,linear
obe_dia,31140,0.3949447716873434,0.9980066385947381,linear
obe_dia,32820,0.32237619093927566,0.2806586962021195,linear
obe_dia,33340,0.0051578112834258375,0.0051578112834258375,no
obe_dia,33460,0.09358190601059985,0.0,linear
obe_dia,34980,0.36799525430964497,0.00619291706662755,linear
obe_dia,35380,0.5393215443006029,0.6296704475878478,linear
obe_dia,35620,0.9760760268760164,0.055548695263006646,linear
obe_dia,36260,0.00023909020846174596,0.00023909020846174596,no
obe_dia,36420,0.6295024212914488,0.44255089979895346,linear
obe_dia,36540,0.9819106856096632,1.0,linear
obe_dia,37980,0.9802232629644838,0.7907184667679469,linear
obe_dia,38060,0.7743313028979832,0.6084139809963328,linear
obe_dia,38300,0.37557323368081763,0.01539795218110633,linear
obe_dia,38860,0.9990454629847594,1.0,linear
obe_dia,38900,0.9674985185701006,6.727144306172874e-05,linear
obe_dia,39300,0.9209294574040541,0.1438293302995151,linear
obe_dia,39340,0.0007010927695013249,0.0007010927695013249,no
obe_dia,39660,0.9854542725118358,1.2891894973537015e-07,linear
obe_dia,39900,0.042429652518173676,0.042429652518173676,no
obe_dia,40060,0.9565890967266221,0.955456465732261,linear
obe_dia,41180,0.005309619065726113,0.005309619065726113,no
obe_dia,41620,0.959802126830636,0.2932848941937753,linear
obe_dia,41700,0.9299024160014807,0.967925949218927,linear
obe_dia,42660,0.9227477011224392,0.42362705711709525,linear
obe_dia,43580,0.9900979892392654,0.010024435258410519,linear
obe_dia,43620,0.9346051179206916,0.9252709973047868,linear
obe_dia,44060,0.936711521344877,0.0018035358090794293,linear
obe_dia,44140,0.26017260886475463,0.2602721714671865,linear
obe_dia,45780,0.9247030411494195,0.973680330085529,linear
obe_dia,45820,0.999086782887355,0.9990876446886546,linear
obe_dia,46140,0.00782651967838702,0.00782651967838702,no
obe_dia,47260,0.9185698951382514,0.06216493241022926,linear
obe_dia,48620,0.4402243048727069,6.948640036443935e-05,linear
obe_dia,49340,0.9207167197977808,0.18358245614427965,linear
smo_dia,10740,0.9942697045302441,0.005062425336481744,linear
smo_dia,11260,1.5715826999145106e-10,1.5715826999145106e-10,no
smo_dia,12060,0.011829279941322891,0.011829279941322891,no
smo_dia,12260,0.1845270073836609,0.006695715676613086,linear
smo_dia,12420,0.21090078490002034,0.16284181936188669,linear
smo_dia,12580,0.2345491345477061,0.09611676288738102,linear
smo_dia,12940,0.2018000854564539,0.1191850570764002,linear
smo_dia,13740,0.9987713832042266,0.11198269306579983,linear
smo_dia,13820,5.7707266401114114e-30,5.7707266401114114e-30,no
smo_dia,13900,0.20383341531083737,0.055655468099591966,linear
smo_dia,14260,1.0,0.17688377873621536,linear
smo_dia,14460,0.5946347491223829,0.09242240686747566,linear
smo_dia,15540,0.4194291743915935,0.7033236502512016,linear
smo_dia,16620,3.4744175873259567e-14,3.4744175873259567e-14,no
smo_dia,16700,0.14215209827790987,3.563337464969929e-17,linear
smo_dia,16740,0.9908221920939106,0.5829352981344655,linear
smo_dia,16980,0.3623378292724925,0.4261606262548463,linear
smo_dia,17140,0.9499916176168809,0.8934315711671654,linear
smo_dia,17820,0.05693984692568919,0.9988460086885452,linear
smo_dia,18140,0.837520861966905,1.3687918991320202e-11,linear
smo_dia,19100,0.17163311878452725,0.25227511886422693,linear
smo_dia,19740,0.03429645015950082,0.03429645015950082,no
smo_dia,19780,0.9892606429465737,0.9865908964261861,linear
smo_dia,19820,0.04317461547243723,0.04317461547243723,no
smo_dia,20260,0.7931639685302456,0.8131088255831083,linear
smo_dia,22020,3.53597938860407e-25,3.53597938860407e-25,no
smo_dia,22220,0.9977969448449153,0.48197156106272127,linear
smo_dia,24340,1.727774501174445e-16,1.727774501174445e-16,no
smo_dia,24860,0.9934964977813139,0.9763803213542367,linear
smo_dia,25180,1.0,0.0008970420982318198,linear
smo_dia,26420,0.6985588826646252,0.6933913627440236,linear
smo_dia,26580,0.3070118813053615,7.328267841488558e-08,linear
smo_dia,26900,0.9688963666010165,0.0021806887681738206,linear
smo_dia,28140,0.9968370456890788,0.11523940733197646,linear
smo_dia,28940,1.0,0.07837794400052014,linear
smo_dia,30700,0.6731776496443577,0.9833697622232918,linear
smo_dia,30780,0.9789719689653869,0.903999800711169,linear
smo_dia,31080,0.2807794758668684,0.1247827218893619,linear
smo_dia,31140,0.3532189359820773,1.0,linear
smo_dia,32820,0.3268459828304088,0.28323205296916426,linear
smo_dia,33340,0.009606233083242878,0.009606233083242878,no
smo_dia,33460,0.2697426497508555,9.442127954593559e-17,linear
smo_dia,34980,0.9863769061790943,0.0,linear
smo_dia,35380,0.6331724676742887,0.6046870374128883,linear
smo_dia,35620,0.22230992001769612,0.006308771106123207,linear
smo_dia,36260,0.009033343609562783,0.009033343609562783,no
smo_dia,36420,0.6315945137480766,0.426340655988034,linear
smo_dia,36540,0.684513780050233,1.0,linear
smo_dia,37980,0.2613690906661854,0.6920463740528515,linear
smo_dia,38060,0.7003467937691389,0.5595554574133605,linear
smo_dia,38300,0.5920103930645455,0.15368325190759852,linear
smo_dia,38860,1.0,1.0,linear
smo_dia,38900,0.18076068174685028,1.4129107078947859e-05,linear
smo_dia,39300,0.9607977717375914,0.1736577027879882,linear
smo_dia,39340,0.002224723010443218,0.002224723010443218,no
smo_dia,39660,0.985121787342718,1.3398884493806722e-07,linear
smo_dia,39900,0.24194890458834567,0.01568862264616326,linear
smo_dia,40060,0.9512818277826941,0.9576719940206824,linear
smo_dia,41180,0.08554541726846832,1.4869325930103995e-06,linear
smo_dia,41620,0.9627831116131362,0.2959612351505686,linear
smo_dia,41700,0.7204305219071889,0.9246777048726024,linear
smo_dia,42660,0.9050518556800925,0.3768072932678047,linear
smo_dia,43580,0.9901344215433678,0.009815677319219085,linear
smo_dia,43620,0.9337220020360124,0.9242902330949521,linear
smo_dia,44060,0.9372719833537783,0.0018622638590046162,linear
smo_dia,44140,0.2576150747277387,0.25836280260358485,linear
smo_dia,45780,0.9602881703301831,0.011150003324363418,linear
smo_dia,45820,1.0,1.0,linear
smo_dia,46140,0.1199576026806482,0.015924289221241932,linear
smo_dia,47260,0.8642738331936464,0.23306953255191543,linear
smo_dia,48620,0.4453997880683536,0.00037642725866314064,linear
smo_dia,49340,0.9230671950532814,0.1002554716757012,linear
smo_obe,10740,1.0310784726022442e-08,1.0310784726022442e-08,no
smo_obe,11260,1.5572189583529308e-10,1.5572189583529308e-10,no
smo_obe,12060,0.6317650160347535,0.7045960843416083,linear
smo_obe,12260,0.14320118713274427,0.11613581620551688,linear
smo_obe,12420,0.23144517929134328,0.05606095818212782,linear
smo_obe,12580,8.254198846502167e-05,8.254198846502167e-05,no
smo_obe,12940,0.34233876088257004,0.12214297864169715,linear
smo_obe,13740,0.9987570260928108,0.11126653854749452,linear
smo_obe,13820,0.0,0.0,no
smo_obe,13900,0.20228206890672107,0.054486278578529064,linear
smo_obe,14260,1.0,0.16586465213729878,linear
smo_obe,14460,0.3018652697480505,0.5554769796356149,linear
smo_obe,15540,0.4149092783871878,0.7041687527565681,linear
smo_obe,16620,7.979224630795346e-14,7.979224630795346e-14,no
smo_obe,16700,0.13635591197409902,0.027606870668599192,linear
smo_obe,16740,0.9872672770343198,0.4041089400290722,linear
smo_obe,16980,0.02065539580694107,0.02065539580694107,no
smo_obe,17140,0.8575458917569942,0.7440039922700957,linear
smo_obe,17820,0.04403824755810076,0.04403824755810076,no
smo_obe,18140,0.8095771276641467,9.944021564303477e-08,linear
smo_obe,19100,0.7280244830260958,0.7853636662057648,linear
smo_obe,19740,0.050716326886227556,0.0,linear
smo_obe,19780,0.9806883415976023,0.9757450249698321,linear
smo_obe,19820,0.06638074967499137,0.1422295809265367,linear
smo_obe,20260,0.8040520709923588,0.822454832056362,linear
smo_obe,22020,3.368061727381319e-25,3.368061727381319e-25,no
smo_obe,22220,0.9977862202693393,0.4934527978990276,linear
smo_obe,24340,3.981137728965595e-28,3.981137728965595e-28,no
smo_obe,24860,0.9907083734564424,0.9990757001500453,linear
smo_obe,25180,1.0,0.0007025446217963555,linear
smo_obe,26420,1.648259013863734e-05,1.648259013863734e-05,no
smo_obe,26580,0.40567760239946504,8.818860983884204e-08,linear
smo_obe,26900,0.9658093355377617,0.001696259722581657,linear
smo_obe,28140,0.995051676926504,0.09572364341200229,linear
smo_obe,28940,1.0,0.017697529955877898,linear
smo_obe,30700,0.672197762804972,0.9837376880347671,linear
smo_obe,30780,0.9673301253185002,0.9368586979633343,linear
smo_obe,31080,0.366322606178737,0.5093597561992761,linear
smo_obe,31140,0.3734839634606948,1.0,linear
smo_obe,32820,0.31055532271934283,0.27381849081886833,linear
smo_obe,33340,0.0045298977424982675,0.0045298977424982675,no
smo_obe,33460,0.24815414483466686,0.6058502327034804,linear
smo_obe,34980,0.9846577686735637,1.35989223275631e-10,linear
smo_obe,35380,0.538140473129813,0.5994198316012663,linear
smo_obe,35620,0.9374011979169359,0.9364143457424652,linear
smo_obe,36260,0.01755264352642252,0.01755264352642252,no
smo_obe,36420,0.516008426163284,0.4963076195700968,linear
smo_obe,36540,0.6780765346055097,1.0,linear
smo_obe,37980,0.6919885728641958,0.6957003677524539,linear
smo_obe,38060,0.5566626280754199,0.4511382716767471,linear
smo_obe,38300,0.4021463852878632,0.6132260632224312,linear
smo_obe,38860,0.9990835363550301,1.0,linear
smo_obe,38900,0.9560705922662222,1.449418205134979e-05,linear
smo_obe,39300,0.9291758130218781,0.08139416178532005,linear
smo_obe,39340,0.0020200907248080994,0.0020200907248080994,no
smo_obe,39660,0.9849169977183366,1.4137372994817424e-07,linear
smo_obe,39900,0.22923230631413194,0.009597556800229624,linear
smo_obe,40060,0.9079244589718634,0.9776260469029959,linear
smo_obe,41180,0.0,0.0,no
smo_obe,41620,0.962311779479059,0.29796018377713024,linear
smo_obe,41700,0.7266692597712604,0.7315442533867611,linear
smo_obe,42660,1.3651120790439495e-05,1.3651120790439495e-05,no
smo_obe,43580,0.9899575471795627,0.00961108678644886,linear
smo_obe,43620,0.9328784081439341,0.9232753265846554,linear
smo_obe,44060,0.9328604270459497,0.0015402924703721993,linear
smo_obe,44140,0.26433608378690143,0.2638771704477534,linear
smo_obe,45780,0.9840592972679468,0.8195502504830168,linear
smo_obe,45820,1.0,1.0,linear
smo_obe,46140,0.08334582664793194,0.0018855747927934699,linear
smo_obe,47260,0.8567636812794949,0.11217064296304807,linear
smo_obe,48620,0.43721379338662647,0.00014712615481398357,linear
smo_obe,49340,0.9173329065113954,0.10620345014448768,linear
smo_obe_dia,10740,0.9952302161199262,0.005362219715530782,linear
smo_obe_dia,11260,1.2978575724529498e-10,1.2978575724529498e-10,no
smo_obe_dia,12060,0.9409142375273414,0.9471577721603814,linear
smo_obe_dia,12260,0.19978686935572665,0.2847939259960731,linear
smo_obe_dia,12420,0.3822431324273754,0.11141077500735974,linear
smo_obe_dia,12580,0.7125069118692456,0.7438061552771689,linear
smo_obe_dia,12940,0.24158353711953823,0.12148260136530353,linear
smo_obe_dia,13740,0.9987999027441529,0.10762840975007754,linear
smo_obe_dia,13820,7.531715737064023e-06,7.531715737064023e-06,no
smo_obe_dia,13900,0.20371296753865747,0.05551552749063688,linear
smo_obe_dia,14260,1.0,0.16510107723320105,linear
smo_obe_dia,14460,0.24155275023389722,0.4365435883093789,linear
smo_obe_dia,15540,0.41957683087762404,0.7017921608551856,linear
smo_obe_dia,16620,1.960276942759818e-11,1.960276942759818e-11,no
smo_obe_dia,16700,0.1509783145519497,8.188138146207662e-05,linear
smo_obe_dia,16740,0.9919175148171596,0.6515047930758426,linear
smo_obe_dia,16980,0.24347211532874596,0.26379473498350237,linear
smo_obe_dia,17140,0.9673378325766854,0.9457088484667486,linear
smo_obe_dia,17820,0.07727243875209114,0.9989715270779366,linear
smo_obe_dia,18140,0.8503239119998798,4.298821579836427e-30,linear
smo_obe_dia,19100,0.9506554418672775,0.9627543933098658,linear
smo_obe_dia,19740,0.00389928440212646,0.00389928440212646,no
smo_obe_dia,19780,0.984464646204991,0.9818589589810981,linear
smo_obe_dia,19820,0.40006779650693747,0.67509763184313,linear
smo_obe_dia,20260,0.7920544807072609,0.8120847430973515,linear
smo_obe_dia,22020,2.970095879007402e-25,2.970095879007402e-25,no
smo_obe_dia,22220,0.9978087050317167,0.49904554188271844,linear
smo_obe_dia,24340,0.0,0.0,no
smo_obe_dia,24860,0.9924686048508479,0.9671155713813596,linear
smo_obe_dia,25180,1.0,0.0010344297987982603,linear
smo_obe_dia,26420,0.28957472513198756,0.48708387395917885,linear
smo_obe_dia,26580,0.5093018277672842,0.00014187382163709968,linear
smo_obe_dia,26900,0.867329989039572,0.010080458760897276,linear
smo_obe_dia,28140,0.9966246036569518,0.11006185438799149,linear
smo_obe_dia,28940,1.0,0.05812339676613358,linear
smo_obe_dia,30700,0.6741716470534466,0.9841871006897643,linear
smo_obe_dia,30780,0.9726754535926859,0.9256502261973719,linear
smo_obe_dia,31080,0.9684119250793942,0.5400666554213298,linear
smo_obe_dia,31140,0.38564346875065636,0.9978339879225523,linear
smo_obe_dia,32820,0.3428542712354158,0.28252129294946876,linear
smo_obe_dia,33340,0.010176517272624839,0.010176517272624839,no
smo_obe_dia,33460,0.17447190960190173,0.6610288204107155,linear
smo_obe_dia,34980,0.9861389135627942,1.971829969016801e-28,linear
smo_obe_dia,35380,0.536227683867472,0.6130740331625641,linear
smo_obe_dia,35620,0.9174541549480599,0.14392758344215612,linear
smo_obe_dia,36260,0.02506018789739361,0.02506018789739361,no
smo_obe_dia,36420,0.6313920651855542,0.4909923609040943,linear
smo_obe_dia,36540,0.9800635681616996,1.0,linear
smo_obe_dia,37980,0.3620801807611955,0.7839045676164549,linear
smo_obe_dia,38060,0.9499109259512588,0.9035638614114141,linear
smo_obe_dia,38300,4.098371345474148e-09,4.098371345474148e-09,no
smo_obe_dia,38860,0.9990738447730725,1.0,linear
smo_obe_dia,38900,0.4733159499270855,0.001097654548154944,linear
smo_obe_dia,39300,0.9149476428019339,0.16339540600404356,linear
smo_obe_dia,39340,0.004581172657166589,0.004581172657166589,no
smo_obe_dia,39660,0.9850402168220561,1.3504840638682216e-07,linear
smo_obe_dia,39900,0.24284135394042738,0.01573533801741139,linear
smo_obe_dia,40060,0.9410777206503476,0.9670162652427212,linear
smo_obe_dia,41180,0.030295467886814916,0.030295467886814916,no
smo_obe_dia,41620,0.9648631245385219,0.29530375635428296,linear
smo_obe_dia,41700,0.012959884212798822,0.012959884212798822,no
smo_obe_dia,42660,0.9308385407044445,0.2933658291010439,linear
smo_obe_dia,43580,0.990150104233536,0.010003427061559754,linear
smo_obe_dia,43620,0.9347142777485478,0.9254156184896334,linear
smo_obe_dia,44060,0.9362810820295728,0.0016877710378585488,linear
smo_obe_dia,44140,0.26084802529162965,0.26107727618288123,linear
smo_obe_dia,45780,0.010550955944676756,0.010550955944676756,no
smo_obe_dia,45820,0.9990862159290504,0.9990873427230919,linear
smo_obe_dia,46140,0.007581670473337729,0.007581670473337729,no
smo_obe_dia,47260,0.933518840407399,0.11837892043430082,linear
smo_obe_dia,48620,0.4453496435887072,0.00010318833915608729,linear
smo_obe_dia,49340,0.920466099032021,0.1885851351249851,linear
some_college,10740,4.471994694271119e-15,4.471994694271119e-15,no
some_college,11260,0.9988393969880495,0.9921430715921674,linear
some_college,12060,1.0,1.211546407889907e-11,linear
some_college,12260,0.008319618621464001,0.008319618621464001,no
some_college,12420,0.1482578714919387,0.06872827890031628,linear
some_college,12580,1.0,0.6223414139369221,linear
some_college,12940,0.0717745756825201,2.5006125636722267e-07,linear
some_college,13740,0.42253048829566014,0.5808935556985074,linear
some_college,13820,0.7517327626960417,1.8329115357081406e-21,linear
some_college,13900,0.13998260796441775,0.21137347704348802,linear
some_college,14260,0.4821916559759163,2.394794999721823e-05,linear
some_college,14460,1.0978192770064638e-17,1.0978192770064638e-17,no
some_college,15540,0.4316504791999217,5.481237490808015e-07,linear
some_college,16620,0.7703006949852647,0.10205921001753016,linear
some_college,16700,0.21668375740099655,0.0980583708817171,linear
some_college,16740,0.9954952994114288,0.3005560971836603,linear
some_college,16980,0.9990599538005207,9.356641211773161e-28,linear
some_college,17140,0.010737505637938285,0.010737505637938285,no
some_college,17820,0.20757237791927263,0.0,linear
some_college,18140,0.8236135405861583,0.2213360225654395,linear
some_college,19100,0.7172199926674303,0.8379117931188182,linear
some_college,19740,2.3217850093082475e-10,2.3217850093082475e-10,no
some_college,19780,0.9268755986060391,0.3943912242023252,linear
some_college,19820,0.917724328066764,0.14367269262218313,linear
some_college,20260,0.31960865285490525,0.4322032070043536,linear
some_college,22020,0.9953413404093668,0.7823615338010572,linear
some_college,22220,0.7013729214870597,0.0012837685366840807,linear
some_college,24340,0.8785543898455239,5.569642194343298e-07,linear
some_college,24860,0.6441286231794006,4.723181000201334e-07,linear
some_college,25180,1.7315565385308022e-10,1.7315565385308022e-10,no
some_college,26420,0.99682397638031,0.31648715269919514,linear
some_college,26580,1.0,0.07683156860155148,linear
some_college,26900,0.0018421023860679471,0.0018421023860679471,no
some_college,28140,0.9509176545821606,0.0003539786275324112,linear
some_college,28940,0.9890664805902737,0.9875924361990633,linear
some_college,30700,0.9895532512999914,1.0,linear
some_college,30780,8.239338032145637e-11,8.239338032145637e-11,no
some_college,31080,0.030858952796957148,0.030858952796957148,no
some_college,31140,0.9690157337030433,2.101616686113021e-20,linear
some_college,32820,1.0,3.398284346098601e-05,linear
some_college,33340,0.9990656498711873,1.2103914785113442e-24,linear
some_college,33460,6.764968346764292e-06,6.764968346764292e-06,no
some_college,34980,0.9653475140852905,0.0,linear
some_college,35380,0.0007458219235919239,0.0007458219235919239,no
some_college,35620,1.918628475898758e-29,1.918628475898758e-29,no
some_college,36260,0.998389367178954,0.02099256558134909,linear
some_college,36420,0.3251578039296238,0.043756465944730476,linear
some_college,36540,0.8640215280533792,0.02419614383304532,linear
some_college,37980,0.776889015083041,0.00013791590747819704,linear
some_college,38060,0.1279326777952316,6.08498285621399e-06,linear
some_college,38300,0.404961520384021,0.07637355469573004,linear
some_college,38860,0.9986665181947747,0.9921583916752915,linear
some_college,38900,7.72631142484996e-06,7.72631142484996e-06,no
some_college,39300,0.9955930336348108,0.06642531479652036,linear
some_college,39340,0.991520593700491,0.9967899738546316,linear
some_college,39660,0.9219771543899524,1.0285395465734027e-14,linear
some_college,39900,0.9784361447801726,0.1795699683983492,linear
some_college,40060,0.16220274679546215,0.09118219905481484,linear
some_college,41180,2.4447332130561157e-19,2.4447332130561157e-19,no
some_college,41620,0.16623628324636536,0.16532317112983846,linear
some_college,41700,0.36171654451057356,0.16291886945184286,linear
some_college,42660,1.0,2.6265184544096383e-06,linear
some_college,43580,0.9641274703581421,0.9756291708028364,linear
some_college,43620,1.0,1.7247013506109499e-09,linear
some_college,44060,0.691545394804141,0.2677324381842443,linear
some_college,44140,0.3799998637463417,0.9972889012185914,linear
some_college,45780,0.0002591162751268192,0.0002591162751268192,no
some_college,45820,0.9855483890762426,0.01687068361466068,linear
some_college,46140,0.0660242597996289,0.4237208359845562,linear
some_college,47260,0.5513943272103585,0.7391089783892868,linear
some_college,48620,1.0,0.9988021770787647,linear
some_college,49340,0.07906237961966167,0.013192337513327917,linear
sti,10740,0.9434705712877198,0.3557814483784252,linear
sti,11260,0.00411493982053618,0.00411493982053618,no
sti,12060,0.047344753090457256,0.047344753090457256,no
sti,12260,5.006688170281535e-09,5.006688170281535e-09,no
sti,12420,0.00026194203904651427,0.00026194203904651427,no
sti,12580,0.9138531035950417,0.1902119960219968,linear
sti,12940,0.054983234659236185,0.06259421493020534,linear
sti,13740,0.7599513719298199,0.00013121904564366722,linear
sti,13820,3.5334018548298826e-05,3.5334018548298826e-05,no
sti,13900,0.0009203657867217495,0.0009203657867217495,no
sti,14260,0.9835484271572803,0.949987115957121,linear
sti,14460,0.9957613768124518,0.10292676182907656,linear
sti,15540,0.1724043035252532,0.4490356732857318,linear
sti,16620,0.00844951765860095,0.00844951765860095,no
sti,16700,0.3715105201340931,0.7562475873853356,linear
sti,16740,0.30385513432126393,0.04345653258737204,linear
sti,16980,0.0,0.0,no
sti,17140,0.376652749373374,0.003420412752667698,linear
sti,17820,0.3827481728487461,0.4390817630234698,linear
sti,18140,0.1572315073998734,0.8658115232742849,linear
sti,19100,0.9412260157945602,0.041679423102499884,linear
sti,19740,0.5739099913181019,0.4426585958502989,linear
sti,19780,0.09987927607553843,0.4796376131458717,linear
sti,19820,0.0005748815413214544,0.0005748815413214544,no
sti,20260,0.062433187403940806,0.15616057441445824,linear
sti,22020,0.31805981101511477,0.020825556563651666,linear
sti,22220,0.6043463894774637,1.3429302669728874e-06,linear
sti,24340,0.0038512769577088587,0.0038512769577088587,no
sti,24860,0.04889440381253333,0.04889440381253333,no
sti,25180,0.9446817691763537,0.6335273461783989,linear
sti,26420,0.02205039780088671,0.02205039780088671,no
sti,26580,0.6751369864232012,0.677041843308613,linear
sti,26900,0.0012956272902023666,0.0012956272902023666,no
sti,28140,0.0,0.0,no
sti,28940,0.026953003062507648,0.026953003062507648,no
sti,30700,0.002764206261323154,0.002764206261323154,no
sti,30780,0.9962759769508219,0.2013723324832819,linear
sti,31080,0.9635880295772472,0.22067406063865364,linear
sti,31140,0.0114621409843012,0.0114621409843012,no
sti,32820,0.0,0.0,no
sti,33340,1.442471694472834e-14,1.442471694472834e-14,no
sti,33460,0.783121534368192,0.8750214711623485,linear
sti,34980,0.6534409923347761,0.8017464884966736,linear
sti,35380,0.9915221829464657,0.9900614408871644,linear
sti,35620,1.0,0.9990837664210196,linear
sti,36260,0.0,0.0,no
sti,36420,5.336808019021268e-09,5.336808019021268e-09,no
sti,36540,0.4493767538776034,0.44856982554930785,linear
sti,37980,0.98133013858381,1.8299874081574954e-09,linear
sti,38060,0.9986014043373767,0.40637840651125934,linear
sti,38300,0.23704803778963768,0.1666810792917195,linear
sti,38860,7.271681109487937e-23,7.271681109487937e-23,no
sti,38900,1.0,0.04757635337110028,linear
sti,39300,0.010047783505580016,0.010047783505580016,no
sti,39340,0.010796951711418598,0.010796951711418598,no
sti,39660,0.17069710828899953,0.003987113917848552,linear
sti,39900,0.3564305293692792,0.7370790745017062,linear
sti,40060,0.9222933692564825,0.10070288784102865,linear
sti,41180,0.920976704650832,0.17461557637341962,linear
sti,41620,0.16686005500189377,0.3502413172632981,linear
sti,41700,0.9150536632280339,0.1193381500099771,linear
sti,42660,8.466126047718288e-06,8.466126047718288e-06,no
sti,43580,0.9763059765718868,0.17276982441568756,linear
sti,43620,0.009397016192505724,0.009397016192505724,no
sti,44060,0.289755849994491,0.06558331823108098,linear
sti,44140,0.0,0.0,no
sti,45780,0.6195859692786881,0.008625714927492516,linear
sti,45820,0.6742904653949257,0.5523172757114116,linear
sti,46140,2.170187908558716e-06,2.170187908558716e-06,no
sti,47260,0.9207640978206105,3.482008081550817e-08,linear
sti,48620,0.22795221781274055,0.29109893553522337,linear
sti,49340,0.43030378918959256,0.35953765850961283,linear
unemployment,10740,2.3584037994438035e-07,2.3584037994438035e-07,no
unemployment,11260,0.5955730482298258,0.00020299322498651886,linear
unemployment,12060,0.23555452770930496,0.03807773725454776,linear
unemployment,12260,1.0,1.0,linear
unemployment,12420,0.4240164929023173,0.17320889136622913,linear
unemployment,12580,0.0,0.0,no
unemployment,12940,0.14316618074615173,0.3014052054929386,linear
unemployment,13740,1.6048916724927377e-09,1.6048916724927377e-09,no
unemployment,13820,0.0,0.0,no
unemployment,13900,0.0,0.0,no
unemployment,14260,0.9953301640975901,0.6555557407257857,linear
unemployment,14460,0.20283205004178972,0.1784579189092712,linear
unemployment,15540,0.11914009200055253,0.08207017540321243,linear
unemployment,16620,0.0,0.0,no
unemployment,16700,0.998858700408983,0.24299245920993306,linear
unemployment,16740,0.0011408699767708147,0.0011408699767708147,no
unemployment,16980,0.6959239220651963,0.7303445990917672,linear
unemployment,17140,0.1034130130487192,0.31501164566864404,linear
unemployment,17820,0.0020025537691954753,0.0020025537691954753,no
unemployment,18140,1.4767516676115189e-28,1.4767516676115189e-28,no
unemployment,19100,0.16533501312831045,0.049744126284060886,linear
unemployment,19740,7.372118492083666e-30,7.372118492083666e-30,no
unemployment,19780,0.136405302101683,0.3430614511334039,linear
unemployment,19820,0.5170016208120897,0.43235940466814754,linear
unemployment,20260,8.252882943708812e-15,8.252882943708812e-15,no
unemployment,22020,0.9943598891241434,0.9986429068972983,linear
unemployment,22220,0.9388907282680043,2.2148838038796203e-07,linear
unemployment,24340,0.010610800510633346,0.010610800510633346,no
unemployment,24860,0.9818235984662925,0.8115881384474213,linear
unemployment,25180,0.064849195126499,0.04988617989234974,linear
unemployment,26420,0.2277122327327653,0.19003309314917016,linear
unemployment,26580,0.16182972862400913,0.04298616139753607,linear
unemployment,26900,0.4240944569786445,0.28727941287704917,linear
unemployment,28140,0.9940980744494203,0.12047959980207806,linear
unemployment,28940,0.6361900808582501,7.481481582259147e-06,linear
unemployment,30700,0.9874119450354218,0.9589073018849346,linear
unemployment,30780,1.0,0.12044215710866096,linear
unemployment,31080,0.3435131334384425,0.33896104233436825,linear
unemployment,31140,0.004772045916529305,0.004772045916529305,no
unemployment,32820,1.0766368530016203e-05,1.0766368530016203e-05,no
unemployment,33340,0.2389399958639455,0.1049051079378589,linear
unemployment,33460,0.015400721943597229,0.015400721943597229,no
unemployment,34980,0.7590893194214017,0.7582425143173178,linear
unemployment,35380,0.7268865653427392,8.062605608772395e-06,linear
unemployment,35620,0.001714168072874779,0.001714168072874779,no
unemployment,36260,0.9523150160183128,1.2821075255462567e-05,linear
unemployment,36420,0.5243274774751886,0.21584107379661832,linear
unemployment,36540,0.41366553946351875,0.1182234585932504,linear
unemployment,37980,0.011806190967223951,0.011806190967223951,no
unemployment,38060,0.9370164635747961,0.9286124076811152,linear
unemployment,38300,0.6462453568624904,0.5069235544267049,linear
unemployment,38860,0.25355233521856113,0.13946323318689596,linear
unemployment,38900,1.0,0.9749959951720052,linear
unemployment,39300,0.32096951035786697,0.21980981574572755,linear
unemployment,39340,0.9890178192685598,8.750295991643522e-15,linear
unemployment,39660,0.00022154765274028053,0.00022154765274028053,no
unemployment,39900,0.9917613034347847,0.9914107928319028,linear
unemployment,40060,0.00012485583735309381,0.00012485583735309381,no
unemployment,41180,0.993387270898153,0.005999078069348821,linear
unemployment,41620,0.832214523424939,9.174202157009339e-08,linear
unemployment,41700,0.44244084814810186,0.2544977471647025,linear
unemployment,42660,0.9990880693979224,0.5404198215299802,linear
unemployment,43580,0.5279043441848741,0.294393032675641,linear
unemployment,43620,0.2627793150901355,0.018269345534936293,linear
unemployment,44060,0.998883045700539,0.23683869875680136,linear
unemployment,44140,0.20698367016201374,0.18866469923917617,linear
unemployment,45780,0.7493559631270037,0.766006974669668,linear
unemployment,45820,0.013402739943143652,0.013402739943143652,no
unemployment,46140,0.2683304912944543,0.10681081734728815,linear
unemployment,47260,0.1259139852066204,0.18862321289739115,linear
unemployment,48620,1.0,4.48945295960055e-06,linear
unemployment,49340,0.3292249568443135,0.25864733817238184,linear
